run_id,seed,eth_path_id,N,C,r,BID_MAX,completed,hui_break,failure_reason,failure_round,default_count,margin_call_count,eth_topup_count,max_drawdown,recovery_usd,recovery_rate,residual_loss_usd,surplus_usd,liquidity_benefit_usd,capital_locked_usd,eth_crash_break,participation_rate,crash_level,initial_eth,default_probability
sweep_00000,42,DAILY_0001,5,1000.0,0.5,0.2,True,False,,,0,2,2,0.6108407343567581,0.0,1.0,0.0,0.0,17143.15024973444,6558.993661038667,False,1.0,,50.0,0.05
sweep_00001,43,DAILY_0001,5,1000.0,0.5,0.2,True,False,,,0,2,2,0.6108407343567581,0.0,1.0,0.0,0.0,16683.664856290503,6382.535929185463,False,1.0,,50.0,0.05
sweep_00002,44,DAILY_0001,5,1000.0,0.5,0.2,True,False,,,0,2,2,0.6108407343567581,0.0,1.0,0.0,0.0,16963.961355801184,6704.033001555997,False,1.0,,50.0,0.05
sweep_00003,45,DAILY_0001,5,1000.0,0.5,0.2,False,True,BEHAVIORAL_DEFAULT_SURPLUS_COLLATERAL,5.0,1,2,2,0.6108407343567581,1000.0,1.0,0.0,1737.7677942456767,12896.079661440042,6326.433542894522,False,0.8,,50.0,0.05
sweep_00004,46,DAILY_0001,5,1000.0,0.5,0.2,True,False,,,0,2,2,0.6108407343567581,0.0,1.0,0.0,0.0,16307.234970412434,6291.281820652778,False,1.0,,50.0,0.05
sweep_00005,47,DAILY_0001,5,1000.0,0.5,0.2,True,False,,,0,2,2,0.6108407343567581,0.0,1.0,0.0,0.0,17175.220923270765,6248.935965994237,False,1.0,,50.0,0.05
sweep_00006,48,DAILY_0001,5,1000.0,0.5,0.2,False,True,BEHAVIORAL_DEFAULT_INSUFFICIENT_COLLATERAL,3.0,1,0,0,0.2295668026988248,1683.2557635508301,0.5610852545169434,1316.7442364491699,0.0,6384.596399760172,5203.99898764827,False,0.8,,50.0,0.05
sweep_00007,49,DAILY_0001,5,1000.0,0.5,0.2,True,False,,,0,2,2,0.6108407343567581,0.0,1.0,0.0,0.0,17411.6649980281,6397.989202018479,False,1.0,,50.0,0.05
sweep_00008,50,DAILY_0001,5,1000.0,0.5,0.2,True,False,,,0,2,2,0.6108407343567581,0.0,1.0,0.0,0.0,16470.071539501125,5917.062905095261,False,1.0,,50.0,0.05
sweep_00009,51,DAILY_0001,5,1000.0,0.5,0.2,True,False,,,0,2,2,0.6108407343567581,0.0,1.0,0.0,0.0,16553.917458671152,6213.428589865784,False,1.0,,50.0,0.05
sweep_00010,52,DAILY_0001,5,1000.0,0.5,0.2,False,True,BEHAVIORAL_DEFAULT_SURPLUS_COLLATERAL,5.0,1,2,2,0.6108407343567581,1000.0,1.0,0.0,1590.212152745497,13756.613367327447,6561.990216956066,False,0.8,,50.0,0.05
sweep_00011,53,DAILY_0001,5,1000.0,0.5,0.2,False,True,BEHAVIORAL_DEFAULT_SURPLUS_COLLATERAL,5.0,1,2,2,0.6108407343567581,1000.0,1.0,0.0,1670.4127021014488,12961.478326267516,6124.698012580922,False,0.8,,50.0,0.05
sweep_00012,54,DAILY_0001,5,1000.0,0.5,0.2,False,True,BEHAVIORAL_DEFAULT_INSUFFICIENT_COLLATERAL,5.0,1,2,2,0.6108407343567581,930.7106913239862,0.9307106913239862,69.28930867601377,0.0,12569.941496225256,6615.508316734714,False,0.8,,50.0,0.05
sweep_00013,55,DAILY_0001,5,1000.0,0.5,0.2,False,True,BEHAVIORAL_DEFAULT_SURPLUS_COLLATERAL,5.0,1,2,2,0.6108407343567581,1000.0,1.0,0.0,627.5479897483203,13020.111295967612,6238.973353744843,False,0.8,,50.0,0.05
sweep_00014,56,DAILY_0001,5,1000.0,0.5,0.2,False,True,BEHAVIORAL_DEFAULT_SURPLUS_COLLATERAL,5.0,1,2,2,0.6108407343567581,1000.0,1.0,0.0,577.2872999531307,12704.486967871519,5905.51499238246,False,0.8,,50.0,0.05
sweep_00015,57,DAILY_0001,5,1000.0,0.5,0.2,True,False,,,0,2,2,0.6108407343567581,0.0,1.0,0.0,0.0,16629.925622068513,6035.957003478712,False,1.0,,50.0,0.05
sweep_00016,58,DAILY_0001,5,1000.0,0.5,0.2,True,False,,,0,2,2,0.6108407343567581,0.0,1.0,0.0,0.0,17118.252725129587,6323.992160214469,False,1.0,,50.0,0.05
sweep_00017,59,DAILY_0001,5,1000.0,0.5,0.2,False,True,BEHAVIORAL_DEFAULT_INSUFFICIENT_COLLATERAL,4.0,1,2,2,0.6108407343567581,1005.3488333018635,0.5026744166509317,994.6511666981365,0.0,9396.14470761244,5757.116299499063,False,0.8,,50.0,0.05
sweep_00018,60,DAILY_0001,5,1000.0,0.5,0.2,True,False,,,0,2,2,0.6108407343567581,0.0,1.0,0.0,0.0,16890.892442598783,6189.249148211025,False,1.0,,50.0,0.05
sweep_00019,61,DAILY_0001,5,1000.0,0.5,0.2,True,False,,,0,2,2,0.6108407343567581,0.0,1.0,0.0,0.0,17049.548692196306,6543.688477354338,False,1.0,,50.0,0.05
sweep_00020,62,DAILY_0001,5,1000.0,0.5,0.2,True,False,,,0,2,2,0.6108407343567581,0.0,1.0,0.0,0.0,16688.163188009137,6082.778842852724,False,1.0,,50.0,0.05
sweep_00021,63,DAILY_0001,5,1000.0,0.5,0.2,False,True,BEHAVIORAL_DEFAULT_SURPLUS_COLLATERAL,5.0,1,2,2,0.6108407343567581,1000.0,1.0,0.0,599.7676571390157,12560.781626539678,6546.199282235463,False,0.8,,50.0,0.05
sweep_00022,64,DAILY_0001,5,1000.0,0.5,0.2,False,True,BEHAVIORAL_DEFAULT_INSUFFICIENT_COLLATERAL,3.0,1,0,0,0.2295668026988248,2682.412756333983,0.894137585444661,317.587243666017,0.0,6151.058035452796,5056.298454395575,False,0.8,,50.0,0.05
sweep_00023,65,DAILY_0001,5,1000.0,0.5,0.2,False,True,BEHAVIORAL_DEFAULT_INSUFFICIENT_COLLATERAL,2.0,1,0,0,0.0802993013430624,2415.071063584465,0.6037677658961162,1584.9289364155352,0.0,3099.9623073224475,2453.1680614659313,False,0.8,,50.0,0.05
sweep_00024,66,DAILY_0001,5,1000.0,0.5,0.2,True,False,,,0,2,2,0.6108407343567581,0.0,1.0,0.0,0.0,17056.111050431617,6104.076897012113,False,1.0,,50.0,0.05
sweep_00025,67,DAILY_0001,5,1000.0,0.5,0.2,True,False,,,0,2,2,0.6108407343567581,0.0,1.0,0.0,0.0,17358.7323024141,6852.015407918507,False,1.0,,50.0,0.05
sweep_00026,68,DAILY_0001,5,1000.0,0.5,0.2,False,True,BEHAVIORAL_DEFAULT_INSUFFICIENT_COLLATERAL,4.0,1,2,2,0.6108407343567581,1037.640205103313,0.5188201025516566,962.3597948966869,0.0,9384.172146377827,5691.675433195357,False,0.8,,50.0,0.05
sweep_00027,69,DAILY_0001,5,1000.0,0.5,0.2,False,True,BEHAVIORAL_DEFAULT_INSUFFICIENT_COLLATERAL,3.0,1,0,0,0.2295668026988248,1644.2005023351874,0.5480668341117291,1355.7994976648126,0.0,6254.764509256824,5159.647451845476,False,0.8,,50.0,0.05
sweep_00028,70,DAILY_0001,5,1000.0,0.5,0.2,True,False,,,0,2,2,0.6108407343567581,0.0,1.0,0.0,0.0,18008.300555488746,6521.592771608348,False,1.0,,50.0,0.05
sweep_00029,71,DAILY_0001,5,1000.0,0.5,0.2,True,False,,,0,2,2,0.6108407343567581,0.0,1.0,0.0,0.0,17077.07193201092,6110.696827298087,False,1.0,,50.0,0.05
sweep_00030,72,DAILY_0001,5,1000.0,0.5,0.2,False,True,BEHAVIORAL_DEFAULT_INSUFFICIENT_COLLATERAL,5.0,1,2,2,0.6108407343567581,772.4015287710279,0.7724015287710279,227.59847122897213,0.0,12739.57666014175,6282.438525476939,False,0.8,,50.0,0.05
sweep_00031,73,DAILY_0001,5,1000.0,0.5,0.2,True,False,,,0,2,2,0.6108407343567581,0.0,1.0,0.0,0.0,16909.5959464029,6691.494955491814,False,1.0,,50.0,0.05
sweep_00032,74,DAILY_0001,5,1000.0,0.5,0.2,False,True,BEHAVIORAL_DEFAULT_INSUFFICIENT_COLLATERAL,3.0,1,0,0,0.2295668026988248,2718.7866742934384,0.9062622247644795,281.2133257065616,0.0,6142.21535254676,5083.314901224499,False,0.8,,50.0,0.05
sweep_00033,75,DAILY_0001,5,1000.0,0.5,0.2,True,False,,,0,2,2,0.6108407343567581,0.0,1.0,0.0,0.0,16697.360309291158,6146.26011933722,False,1.0,,50.0,0.05
sweep_00034,76,DAILY_0001,5,1000.0,0.5,0.2,True,False,,,0,2,2,0.6108407343567581,0.0,1.0,0.0,0.0,16671.801168191498,6686.438897069432,False,1.0,,50.0,0.05
sweep_00035,77,DAILY_0001,5,1000.0,0.5,0.2,True,False,,,0,2,2,0.6108407343567581,0.0,1.0,0.0,0.0,16763.124564751575,6517.4215011799,False,1.0,,50.0,0.05
sweep_00036,78,DAILY_0001,5,1000.0,0.5,0.2,True,False,,,0,2,2,0.6108407343567581,0.0,1.0,0.0,0.0,16719.51222653161,6600.773492939776,False,1.0,,50.0,0.05
sweep_00037,79,DAILY_0001,5,1000.0,0.5,0.2,True,False,,,0,2,2,0.6108407343567581,0.0,1.0,0.0,0.0,16476.77247232043,6380.810430026606,False,1.0,,50.0,0.05
sweep_00038,80,DAILY_0001,5,1000.0,0.5,0.2,True,False,,,0,2,2,0.6108407343567581,0.0,1.0,0.0,0.0,16187.427798734678,6262.500819693729,False,1.0,,50.0,0.05
sweep_00039,81,DAILY_0001,5,1000.0,0.5,0.2,True,False,,,0,2,2,0.6108407343567581,0.0,1.0,0.0,0.0,17261.26216002694,6854.646195941163,False,1.0,,50.0,0.05
sweep_00040,82,DAILY_0001,5,1000.0,0.5,0.2,True,False,,,0,2,2,0.6108407343567581,0.0,1.0,0.0,0.0,17428.23657344996,6465.687387787182,False,1.0,,50.0,0.05
sweep_00041,83,DAILY_0001,5,1000.0,0.5,0.2,False,True,BEHAVIORAL_DEFAULT_INSUFFICIENT_COLLATERAL,5.0,1,2,2,0.6108407343567581,530.0024600738717,0.5300024600738718,469.9975399261283,0.0,13023.010849409744,6042.258532437842,False,0.8,,50.0,0.05
sweep_00042,84,DAILY_0001,5,1000.0,0.5,0.2,False,True,BEHAVIORAL_DEFAULT_INSUFFICIENT_COLLATERAL,3.0,1,0,0,0.2295668026988248,1660.2522595008875,0.5534174198336291,1339.7477404991125,0.0,6504.624246924773,5408.346025928879,False,0.8,,50.0,0.05
sweep_00043,85,DAILY_0001,5,1000.0,0.5,0.2,False,True,BEHAVIORAL_DEFAULT_INSUFFICIENT_COLLATERAL,4.0,1,2,2,0.6108407343567581,1068.7614786094964,0.5343807393047482,931.2385213905036,0.0,9644.511591981416,5715.784475135575,False,0.8,,50.0,0.05
sweep_00044,86,DAILY_0001,5,1000.0,0.5,0.2,True,False,,,0,2,2,0.6108407343567581,0.0,1.0,0.0,0.0,17346.9008892341,6305.825241479082,False,1.0,,50.0,0.05
sweep_00045,87,DAILY_0001,5,1000.0,0.5,0.2,True,False,,,0,2,2,0.6108407343567581,0.0,1.0,0.0,0.0,16887.21410701461,6256.862167353517,False,1.0,,50.0,0.05
sweep_00046,88,DAILY_0001,5,1000.0,0.5,0.2,False,True,BEHAVIORAL_DEFAULT_INSUFFICIENT_COLLATERAL,3.0,1,0,0,0.2295668026988248,2679.6288598834326,0.8932096199611442,320.3711401165674,0.0,6598.059130640779,5312.019764309989,False,0.8,,50.0,0.05
sweep_00047,89,DAILY_0001,5,1000.0,0.5,0.2,True,False,,,0,2,2,0.6108407343567581,0.0,1.0,0.0,0.0,16483.760527058344,6526.080959020255,False,1.0,,50.0,0.05
sweep_00048,90,DAILY_0001,5,1000.0,0.5,0.2,False,True,BEHAVIORAL_DEFAULT_SURPLUS_COLLATERAL,4.0,1,2,2,0.6108407343567581,2000.0,1.0,0.0,23.72432502933316,9428.143344053857,5733.653258128694,False,0.8,,50.0,0.05
sweep_00049,91,DAILY_0001,5,1000.0,0.5,0.2,True,False,,,0,2,2,0.6108407343567581,0.0,1.0,0.0,0.0,16432.64453049189,6574.760539801266,False,1.0,,50.0,0.05
sweep_00050,92,DAILY_0001,5,1000.0,0.5,0.2,True,False,,,0,2,2,0.6108407343567581,0.0,1.0,0.0,0.0,16541.46983637411,6041.885697696037,False,1.0,,50.0,0.05
sweep_00051,93,DAILY_0001,5,1000.0,0.5,0.2,False,True,BEHAVIORAL_DEFAULT_INSUFFICIENT_COLLATERAL,3.0,1,0,0,0.2295668026988248,1689.2031623163332,0.5630677207721111,1310.7968376836668,0.0,7022.911645595454,5936.233176377922,False,0.8,,50.0,0.05
sweep_00052,94,DAILY_0001,5,1000.0,0.5,0.2,True,False,,,0,2,2,0.6108407343567581,0.0,1.0,0.0,0.0,16816.49136159871,5999.655568199286,False,1.0,,50.0,0.05
sweep_00053,95,DAILY_0001,5,1000.0,0.5,0.2,True,False,,,0,2,2,0.6108407343567581,0.0,1.0,0.0,0.0,17545.744689882886,6743.876958351815,False,1.0,,50.0,0.05
sweep_00054,96,DAILY_0001,5,1000.0,0.5,0.2,True,False,,,0,2,2,0.6108407343567581,0.0,1.0,0.0,0.0,17272.505142960632,6048.607615011752,False,1.0,,50.0,0.05
sweep_00055,97,DAILY_0001,5,1000.0,0.5,0.2,True,False,,,0,2,2,0.6108407343567581,0.0,1.0,0.0,0.0,17205.00493267573,6117.226999273204,False,1.0,,50.0,0.05
sweep_00056,98,DAILY_0001,5,1000.0,0.5,0.2,True,False,,,0,2,2,0.6108407343567581,0.0,1.0,0.0,0.0,17117.740576801672,6205.797464965912,False,1.0,,50.0,0.05
sweep_00057,99,DAILY_0001,5,1000.0,0.5,0.2,False,True,BEHAVIORAL_DEFAULT_SURPLUS_COLLATERAL,4.0,1,2,2,0.6108407343567581,2000.0,1.0,0.0,22.657068740878685,9546.407766635395,5737.77683418539,False,0.8,,50.0,0.05
sweep_00058,100,DAILY_0001,5,1000.0,0.5,0.2,True,False,,,0,2,2,0.6108407343567581,0.0,1.0,0.0,0.0,17296.288473944063,6307.556580980034,False,1.0,,50.0,0.05
sweep_00059,101,DAILY_0001,5,1000.0,0.5,0.2,False,True,BEHAVIORAL_DEFAULT_SURPLUS_COLLATERAL,5.0,1,2,2,0.6108407343567581,1000.0,1.0,0.0,189.14552027797004,13094.897102232273,6195.161045173007,False,0.8,,50.0,0.05
sweep_00060,102,DAILY_0001,5,1000.0,0.5,0.2,False,True,BEHAVIORAL_DEFAULT_SURPLUS_COLLATERAL,5.0,1,2,2,0.6108407343567581,1000.0,1.0,0.0,1811.7326008623108,13315.718463742422,6910.909640316799,False,0.8,,50.0,0.05
sweep_00061,103,DAILY_0001,5,1000.0,0.5,0.2,False,True,BEHAVIORAL_DEFAULT_INSUFFICIENT_COLLATERAL,4.0,1,2,2,0.6108407343567581,1337.7175772990856,0.6688587886495428,662.2824227009144,0.0,9410.055771571677,5696.940078384983,False,0.8,,50.0,0.05
sweep_00062,104,DAILY_0001,5,1000.0,0.5,0.2,True,False,,,0,2,2,0.6108407343567581,0.0,1.0,0.0,0.0,16965.565545296653,6146.18420034411,False,1.0,,50.0,0.05
sweep_00063,105,DAILY_0001,5,1000.0,0.5,0.2,False,True,BEHAVIORAL_DEFAULT_SURPLUS_COLLATERAL,4.0,1,2,2,0.6108407343567581,2000.0,1.0,0.0,26.286365574733736,10112.068977480729,5917.6602569031165,False,0.8,,50.0,0.05
sweep_00064,106,DAILY_0001,5,1000.0,0.5,0.2,False,True,BEHAVIORAL_DEFAULT_INSUFFICIENT_COLLATERAL,5.0,1,2,2,0.6108407343567581,624.7510906475593,0.6247510906475593,375.2489093524407,0.0,13317.118454353504,6212.803195308508,False,0.8,,50.0,0.05
sweep_00065,107,DAILY_0001,5,1000.0,0.5,0.2,False,True,BEHAVIORAL_DEFAULT_INSUFFICIENT_COLLATERAL,4.0,1,2,2,0.6108407343567581,1346.6681425184788,0.6733340712592394,653.3318574815212,0.0,9504.711727327722,5617.518895247351,False,0.8,,50.0,0.05
sweep_00066,108,DAILY_0001,5,1000.0,0.5,0.2,False,True,BEHAVIORAL_DEFAULT_SURPLUS_COLLATERAL,4.0,1,2,2,0.6108407343567581,2000.0,1.0,0.0,24.461251187562084,9229.632260373746,5690.234900433315,False,0.8,,50.0,0.05
sweep_00067,109,DAILY_0001,5,1000.0,0.5,0.2,True,False,,,0,2,2,0.6108407343567581,0.0,1.0,0.0,0.0,17097.560018571552,6121.482809963004,False,1.0,,50.0,0.05
sweep_00068,110,DAILY_0001,5,1000.0,0.5,0.2,True,False,,,0,2,2,0.6108407343567581,0.0,1.0,0.0,0.0,17252.145983174083,6574.121923648899,False,1.0,,50.0,0.05
sweep_00069,111,DAILY_0001,5,1000.0,0.5,0.2,False,True,BEHAVIORAL_DEFAULT_SURPLUS_COLLATERAL,5.0,1,2,2,0.6108407343567581,1000.0,1.0,0.0,80.10074536157595,13005.811951455453,6472.586917863251,False,0.8,,50.0,0.05
sweep_00070,112,DAILY_0001,5,1000.0,0.5,0.2,True,False,,,0,2,2,0.6108407343567581,0.0,1.0,0.0,0.0,16909.07625773677,6030.589134426367,False,1.0,,50.0,0.05
sweep_00071,113,DAILY_0001,5,1000.0,0.5,0.2,False,True,BEHAVIORAL_DEFAULT_INSUFFICIENT_COLLATERAL,3.0,1,0,0,0.2295668026988248,1716.5145816594088,0.5721715272198029,1283.4854183405912,0.0,6623.312533026473,5392.077057610681,False,0.8,,50.0,0.05
sweep_00072,114,DAILY_0001,5,1000.0,0.5,0.2,False,True,BEHAVIORAL_DEFAULT_INSUFFICIENT_COLLATERAL,3.0,1,0,0,0.2295668026988248,1629.7427600272558,0.5432475866757519,1370.2572399727442,0.0,6121.454939968626,5043.2437012531755,False,0.8,,50.0,0.05
sweep_00073,115,DAILY_0001,5,1000.0,0.5,0.2,True,False,,,0,2,2,0.6108407343567581,0.0,1.0,0.0,0.0,16756.555719327873,6131.069203918143,False,1.0,,50.0,0.05
sweep_00074,116,DAILY_0001,5,1000.0,0.5,0.2,False,True,BEHAVIORAL_DEFAULT_INSUFFICIENT_COLLATERAL,3.0,1,0,0,0.2295668026988248,2850.9188373981824,0.9503062791327275,149.0811626018176,0.0,6397.070943819939,5347.208221702943,False,0.8,,50.0,0.05
sweep_00075,117,DAILY_0001,5,1000.0,0.5,0.2,False,True,BEHAVIORAL_DEFAULT_INSUFFICIENT_COLLATERAL,2.0,1,0,0,0.0802993013430624,2448.8371697617326,0.6122092924404332,1551.1628302382674,0.0,3189.4444401873525,2490.0333653188736,False,0.8,,50.0,0.05
sweep_00076,118,DAILY_0001,5,1000.0,0.5,0.2,True,False,,,0,2,2,0.6108407343567581,0.0,1.0,0.0,0.0,16908.748437966286,6692.156987084919,False,1.0,,50.0,0.05
sweep_00077,119,DAILY_0001,5,1000.0,0.5,0.2,True,False,,,0,2,2,0.6108407343567581,0.0,1.0,0.0,0.0,16730.031620694273,6395.991150508246,False,1.0,,50.0,0.05
sweep_00078,120,DAILY_0001,5,1000.0,0.5,0.2,True,False,,,0,2,2,0.6108407343567581,0.0,1.0,0.0,0.0,17299.20314416707,6432.126066813084,False,1.0,,50.0,0.05
sweep_00079,121,DAILY_0001,5,1000.0,0.5,0.2,False,True,BEHAVIORAL_DEFAULT_SURPLUS_COLLATERAL,4.0,1,2,2,0.6108407343567581,2000.0,1.0,0.0,22.66149959122663,9287.607451281923,5623.755166036791,False,0.8,,50.0,0.05
sweep_00080,122,DAILY_0001,5,1000.0,0.5,0.2,True,False,,,0,2,2,0.6108407343567581,0.0,1.0,0.0,0.0,16786.425779314144,6490.6994568585405,False,1.0,,50.0,0.05
sweep_00081,123,DAILY_0001,5,1000.0,0.5,0.2,False,True,BEHAVIORAL_DEFAULT_SURPLUS_COLLATERAL,4.0,1,2,2,0.6108407343567581,2000.0,1.0,0.0,24.49866747082524,10213.097259473365,5943.348282865278,False,0.8,,50.0,0.05
sweep_00082,124,DAILY_0001,5,1000.0,0.5,0.2,True,False,,,0,2,2,0.6108407343567581,0.0,1.0,0.0,0.0,17378.096470344266,6871.852991964805,False,1.0,,50.0,0.05
sweep_00083,125,DAILY_0001,5,1000.0,0.5,0.2,True,False,,,0,2,2,0.6108407343567581,0.0,1.0,0.0,0.0,17222.14785778652,6218.817683675719,False,1.0,,50.0,0.05
sweep_00084,126,DAILY_0001,5,1000.0,0.5,0.2,False,True,BEHAVIORAL_DEFAULT_INSUFFICIENT_COLLATERAL,3.0,1,0,0,0.2295668026988248,2925.972505613676,0.975324168537892,74.02749438632418,0.0,6608.331218475114,5535.512474648671,False,0.8,,50.0,0.05
sweep_00085,127,DAILY_0001,5,1000.0,0.5,0.2,True,False,,,0,2,2,0.6108407343567581,0.0,1.0,0.0,0.0,17068.994068195138,6123.376778463291,False,1.0,,50.0,0.05
sweep_00086,128,DAILY_0001,5,1000.0,0.5,0.2,True,False,,,0,2,2,0.6108407343567581,0.0,1.0,0.0,0.0,17380.160876094935,6158.319430515809,False,1.0,,50.0,0.05
sweep_00087,129,DAILY_0001,5,1000.0,0.5,0.2,True,False,,,0,2,2,0.6108407343567581,0.0,1.0,0.0,0.0,16680.988802965425,6325.889145511402,False,1.0,,50.0,0.05
sweep_00088,130,DAILY_0001,5,1000.0,0.5,0.2,False,True,BEHAVIORAL_DEFAULT_SURPLUS_COLLATERAL,5.0,1,2,2,0.6108407343567581,1000.0,1.0,0.0,624.3860495962067,12730.738840773127,6610.740051504207,False,0.8,,50.0,0.05
sweep_00089,131,DAILY_0001,5,1000.0,0.5,0.2,False,True,BEHAVIORAL_DEFAULT_SURPLUS_COLLATERAL,4.0,1,2,2,0.6108407343567581,2000.0,1.0,0.0,23.56837931907512,9894.940183776958,5783.196488745878,False,0.8,,50.0,0.05
sweep_00090,132,DAILY_0001,5,1000.0,0.5,0.2,False,True,BEHAVIORAL_DEFAULT_INSUFFICIENT_COLLATERAL,4.0,1,2,2,0.6108407343567581,1039.893089172923,0.5199465445864615,960.106910827077,0.0,9452.061028387478,5651.337132133789,False,0.8,,50.0,0.05
sweep_00091,133,DAILY_0001,5,1000.0,0.5,0.2,False,True,BEHAVIORAL_DEFAULT_INSUFFICIENT_COLLATERAL,2.0,1,0,0,0.0802993013430624,2396.1405750911463,0.5990351437727865,1603.8594249088537,0.0,3049.7954187370806,2432.500051754446,False,0.8,,50.0,0.05
sweep_00092,134,DAILY_0001,5,1000.0,0.5,0.2,False,True,BEHAVIORAL_DEFAULT_INSUFFICIENT_COLLATERAL,3.0,1,0,0,0.2295668026988248,1705.5593078686602,0.5685197692895534,1294.4406921313398,0.0,6618.547990000483,5416.762839074495,False,0.8,,50.0,0.05
sweep_00093,135,DAILY_0001,5,1000.0,0.5,0.2,True,False,,,0,2,2,0.6108407343567581,0.0,1.0,0.0,0.0,17308.180105341366,6229.181346897783,False,1.0,,50.0,0.05
sweep_00094,136,DAILY_0001,5,1000.0,0.5,0.2,False,True,BEHAVIORAL_DEFAULT_SURPLUS_COLLATERAL,5.0,1,2,2,0.6108407343567581,1000.0,1.0,0.0,149.74486189498066,12439.168673732074,6215.771541938363,False,0.8,,50.0,0.05
sweep_00095,137,DAILY_0001,5,1000.0,0.5,0.2,False,True,BEHAVIORAL_DEFAULT_INSUFFICIENT_COLLATERAL,4.0,1,2,2,0.6108407343567581,1248.1088985617255,0.6240544492808627,751.8911014382745,0.0,9538.559186760156,5740.370619770864,False,0.8,,50.0,0.05
sweep_00096,138,DAILY_0001,5,1000.0,0.5,0.2,False,True,BEHAVIORAL_DEFAULT_INSUFFICIENT_COLLATERAL,5.0,1,2,2,0.6108407343567581,880.457023719268,0.880457023719268,119.54297628073198,0.0,12533.99100881035,6420.095284820241,False,0.8,,50.0,0.05
sweep_00097,139,DAILY_0001,5,1000.0,0.5,0.2,False,True,BEHAVIORAL_DEFAULT_INSUFFICIENT_COLLATERAL,2.0,1,0,0,0.0802993013430624,2419.290859180501,0.6048227147951252,1580.7091408194992,0.0,3111.145009532911,2457.7751679539724,False,0.8,,50.0,0.05
sweep_00098,140,DAILY_0001,5,1000.0,0.5,0.2,False,True,BEHAVIORAL_DEFAULT_INSUFFICIENT_COLLATERAL,2.0,1,0,0,0.0802993013430624,2438.2834220240425,0.6095708555060106,1561.7165779759575,0.0,3161.476398733924,2478.5109494650974,False,0.8,,50.0,0.05
sweep_00099,141,DAILY_0001,5,1000.0,0.5,0.2,True,False,,,0,2,2,0.6108407343567581,0.0,1.0,0.0,0.0,17185.12705013151,6135.947961117486,False,1.0,,50.0,0.05
sweep_00100,142,DAILY_0001,5,1000.0,0.5,0.2,False,True,BEHAVIORAL_DEFAULT_INSUFFICIENT_COLLATERAL,2.0,1,0,0,0.0802993013430624,2440.1096034063794,0.6100274008515949,1559.8903965936206,0.0,3166.3158849403544,2480.504745587072,False,0.8,,50.0,0.05
sweep_00101,143,DAILY_0001,5,1000.0,0.5,0.2,True,False,,,0,2,2,0.6108407343567581,0.0,1.0,0.0,0.0,16445.290904199723,6517.582060232722,False,1.0,,50.0,0.05
sweep_00102,144,DAILY_0001,5,1000.0,0.5,0.2,True,False,,,0,2,2,0.6108407343567581,0.0,1.0,0.0,0.0,17343.411988435073,6343.062817725613,False,1.0,,50.0,0.05
sweep_00103,145,DAILY_0001,5,1000.0,0.5,0.2,True,False,,,0,2,2,0.6108407343567581,0.0,1.0,0.0,0.0,17193.72751399906,6455.335906011061,False,1.0,,50.0,0.05
sweep_00104,146,DAILY_0001,5,1000.0,0.5,0.2,True,False,,,0,2,2,0.6108407343567581,0.0,1.0,0.0,0.0,16193.924104929843,6249.712327789512,False,1.0,,50.0,0.05
sweep_00105,147,DAILY_0001,5,1000.0,0.5,0.2,False,True,BEHAVIORAL_DEFAULT_INSUFFICIENT_COLLATERAL,4.0,1,2,2,0.6108407343567581,1100.0538387620393,0.5500269193810197,899.9461612379607,0.0,9889.107754331599,5789.197356459639,False,0.8,,50.0,0.05
sweep_00106,148,DAILY_0001,5,1000.0,0.5,0.2,True,False,,,0,2,2,0.6108407343567581,0.0,1.0,0.0,0.0,17096.666287603017,6530.7360578028,False,1.0,,50.0,0.05
sweep_00107,149,DAILY_0001,5,1000.0,0.5,0.2,False,True,BEHAVIORAL_DEFAULT_INSUFFICIENT_COLLATERAL,4.0,1,2,2,0.6108407343567581,1004.2576100598374,0.5021288050299186,995.7423899401626,0.0,9814.02173860668,5917.232973074487,False,0.8,,50.0,0.05
sweep_00108,150,DAILY_0001,5,1000.0,0.5,0.2,True,False,,,0,2,2,0.6108407343567581,0.0,1.0,0.0,0.0,16546.279710931314,6544.755882301448,False,1.0,,50.0,0.05
sweep_00109,151,DAILY_0001,5,1000.0,0.5,0.2,False,True,BEHAVIORAL_DEFAULT_SURPLUS_COLLATERAL,5.0,1,2,2,0.6108407343567581,1000.0,1.0,0.0,345.3493919230623,13335.570209326292,6319.825861687272,False,0.8,,50.0,0.05
sweep_00110,152,DAILY_0001,5,1000.0,0.5,0.2,True,False,,,0,2,2,0.6108407343567581,0.0,1.0,0.0,0.0,17093.36930493184,6202.4165354371435,False,1.0,,50.0,0.05
sweep_00111,153,DAILY_0001,5,1000.0,0.5,0.2,True,False,,,0,2,2,0.6108407343567581,0.0,1.0,0.0,0.0,16508.84948067981,6208.908930428559,False,1.0,,50.0,0.05
sweep_00112,154,DAILY_0001,5,1000.0,0.5,0.2,True,False,,,0,2,2,0.6108407343567581,0.0,1.0,0.0,0.0,16928.440090342658,6338.614019538247,False,1.0,,50.0,0.05
sweep_00113,155,DAILY_0001,5,1000.0,0.5,0.2,False,True,BEHAVIORAL_DEFAULT_INSUFFICIENT_COLLATERAL,3.0,1,0,0,0.2295668026988248,2801.98306825496,0.9339943560849867,198.01693174503998,0.0,6224.123226178908,5204.098788777608,False,0.8,,50.0,0.05
sweep_00114,156,DAILY_0001,5,1000.0,0.5,0.2,True,False,,,0,2,2,0.6108407343567581,0.0,1.0,0.0,0.0,16822.870383115638,6124.004141008794,False,1.0,,50.0,0.05
sweep_00115,157,DAILY_0001,5,1000.0,0.5,0.2,False,True,BEHAVIORAL_DEFAULT_INSUFFICIENT_COLLATERAL,3.0,1,0,0,0.2295668026988248,1635.606107225276,0.5452020357417586,1364.393892774724,0.0,6313.283449869156,5252.033278795079,False,0.8,,50.0,0.05
sweep_00116,158,DAILY_0001,5,1000.0,0.5,0.2,True,False,,,0,2,2,0.6108407343567581,0.0,1.0,0.0,0.0,17327.297792749472,6392.198244685322,False,1.0,,50.0,0.05
sweep_00117,159,DAILY_0001,5,1000.0,0.5,0.2,True,False,,,0,2,2,0.6108407343567581,0.0,1.0,0.0,0.0,17547.075472215663,6400.533164447602,False,1.0,,50.0,0.05
sweep_00118,160,DAILY_0001,5,1000.0,0.5,0.2,False,True,BEHAVIORAL_DEFAULT_SURPLUS_COLLATERAL,5.0,1,2,2,0.6108407343567581,1000.0,1.0,0.0,1693.207562440963,13559.294233579409,6804.838522255295,False,0.8,,50.0,0.05
sweep_00119,161,DAILY_0001,5,1000.0,0.5,0.2,True,False,,,0,2,2,0.6108407343567581,0.0,1.0,0.0,0.0,16722.38973114001,6477.006638888591,False,1.0,,50.0,0.05
sweep_00120,162,DAILY_0001,5,1000.0,0.5,0.2,False,True,BEHAVIORAL_DEFAULT_INSUFFICIENT_COLLATERAL,3.0,1,0,0,0.2295668026988248,2679.757095417743,0.8932523651392477,320.24290458225687,0.0,6099.333759251945,5024.078066261646,False,0.8,,50.0,0.05
sweep_00121,163,DAILY_0001,5,1000.0,0.5,0.2,True,False,,,0,2,2,0.6108407343567581,0.0,1.0,0.0,0.0,17276.966005569957,6492.292183243727,False,1.0,,50.0,0.05
sweep_00122,164,DAILY_0001,5,1000.0,0.5,0.2,True,False,,,0,3,3,0.6108407343567581,0.0,1.0,0.0,0.0,17233.351687522765,6173.891470883778,False,1.0,,50.0,0.05
sweep_00123,165,DAILY_0001,5,1000.0,0.5,0.2,True,False,,,0,2,2,0.6108407343567581,0.0,1.0,0.0,0.0,16913.7215097475,5947.7619643717835,False,1.0,,50.0,0.05
sweep_00124,166,DAILY_0001,5,1000.0,0.5,0.2,False,True,BEHAVIORAL_DEFAULT_SURPLUS_COLLATERAL,5.0,1,2,2,0.6108407343567581,1000.0,1.0,0.0,504.3713101698381,13275.843211445086,6474.852811409931,False,0.8,,50.0,0.05
sweep_00125,167,DAILY_0001,5,1000.0,0.5,0.2,True,False,,,0,2,2,0.6108407343567581,0.0,1.0,0.0,0.0,16859.790773916782,6042.103835879324,False,1.0,,50.0,0.05
sweep_00126,168,DAILY_0001,5,1000.0,0.5,0.2,False,True,BEHAVIORAL_DEFAULT_SURPLUS_COLLATERAL,5.0,1,2,2,0.6108407343567581,1000.0,1.0,0.0,1649.9087527217994,12306.50352346156,6378.502067934567,False,0.8,,50.0,0.05
sweep_00127,169,DAILY_0001,5,1000.0,0.5,0.2,False,True,BEHAVIORAL_DEFAULT_SURPLUS_COLLATERAL,5.0,1,2,2,0.6108407343567581,1000.0,1.0,0.0,622.168008732225,13383.861734067441,6250.886929206258,False,0.8,,50.0,0.05
sweep_00128,170,DAILY_0001,5,1000.0,0.5,0.2,True,False,,,0,2,2,0.6108407343567581,0.0,1.0,0.0,0.0,17232.159337492943,6092.306089446511,False,1.0,,50.0,0.05
sweep_00129,171,DAILY_0001,5,1000.0,0.5,0.2,True,False,,,0,2,2,0.6108407343567581,0.0,1.0,0.0,0.0,16487.879755940605,5919.383621687863,False,1.0,,50.0,0.05
sweep_00130,172,DAILY_0001,5,1000.0,0.5,0.2,False,True,BEHAVIORAL_DEFAULT_INSUFFICIENT_COLLATERAL,5.0,1,2,2,0.6108407343567581,531.9086412245408,0.5319086412245408,468.0913587754592,0.0,12754.088913575759,5886.287610753481,False,0.8,,50.0,0.05
sweep_00131,173,DAILY_0001,5,1000.0,0.5,0.2,True,False,,,0,2,2,0.6108407343567581,0.0,1.0,0.0,0.0,16811.936915077735,6424.937364607343,False,1.0,,50.0,0.05
sweep_00132,174,DAILY_0001,5,1000.0,0.5,0.2,True,False,,,0,2,2,0.6108407343567581,0.0,1.0,0.0,0.0,16928.24289810534,6443.512891192666,False,1.0,,50.0,0.05
sweep_00133,175,DAILY_0001,5,1000.0,0.5,0.2,True,False,,,0,2,2,0.6108407343567581,0.0,1.0,0.0,0.0,16822.84112582361,6003.015342668066,False,1.0,,50.0,0.05
sweep_00134,176,DAILY_0001,5,1000.0,0.5,0.2,True,False,,,0,2,2,0.6108407343567581,0.0,1.0,0.0,0.0,16402.90381242599,6098.963415207808,False,1.0,,50.0,0.05
sweep_00135,177,DAILY_0001,5,1000.0,0.5,0.2,False,True,BEHAVIORAL_DEFAULT_INSUFFICIENT_COLLATERAL,2.0,1,0,0,0.0802993013430624,2437.798340736869,0.6094495851842172,1562.2016592631312,0.0,3160.1909052878864,2477.981345342219,False,0.8,,50.0,0.05
sweep_00136,178,DAILY_0001,5,1000.0,0.5,0.2,True,False,,,0,2,2,0.6108407343567581,0.0,1.0,0.0,0.0,16613.95277706074,5852.322427432919,False,1.0,,50.0,0.05
sweep_00137,179,DAILY_0001,5,1000.0,0.5,0.2,True,False,,,0,2,2,0.6108407343567581,0.0,1.0,0.0,0.0,16825.94357748756,6027.730646971306,False,1.0,,50.0,0.05
sweep_00138,180,DAILY_0001,5,1000.0,0.5,0.2,True,False,,,0,2,2,0.6108407343567581,0.0,1.0,0.0,0.0,17332.698660576734,6598.010521684206,False,1.0,,50.0,0.05
sweep_00139,181,DAILY_0001,5,1000.0,0.5,0.2,False,True,BEHAVIORAL_DEFAULT_INSUFFICIENT_COLLATERAL,4.0,1,2,2,0.6108407343567581,1357.8031848989117,0.6789015924494558,642.1968151010883,0.0,9381.7156603568,5781.533206768918,False,0.8,,50.0,0.05
sweep_00140,182,DAILY_0001,5,1000.0,0.5,0.2,False,True,BEHAVIORAL_DEFAULT_INSUFFICIENT_COLLATERAL,4.0,1,2,2,0.6108407343567581,1308.554375969253,0.6542771879846265,691.445624030747,0.0,9613.459796300805,5713.421878750604,False,0.8,,50.0,0.05
sweep_00141,183,DAILY_0001,5,1000.0,0.5,0.2,False,True,BEHAVIORAL_DEFAULT_SURPLUS_COLLATERAL,5.0,1,2,2,0.6108407343567581,1000.0,1.0,0.0,17.186406325397343,12517.895991903359,5999.885363013163,False,0.8,,50.0,0.05
sweep_00142,184,DAILY_0001,5,1000.0,0.5,0.2,True,False,,,0,2,2,0.6108407343567581,0.0,1.0,0.0,0.0,17226.715015370733,6539.154651363053,False,1.0,,50.0,0.05
sweep_00143,185,DAILY_0001,5,1000.0,0.5,0.2,False,True,BEHAVIORAL_DEFAULT_INSUFFICIENT_COLLATERAL,4.0,1,2,2,0.6108407343567581,1023.9821232790351,0.5119910616395176,976.0178767209649,0.0,9321.804157226868,5662.406365215746,False,0.8,,50.0,0.05
sweep_00144,186,DAILY_0001,5,1000.0,0.5,0.2,False,True,BEHAVIORAL_DEFAULT_INSUFFICIENT_COLLATERAL,3.0,1,0,0,0.2295668026988248,1721.8798677480809,0.573959955916027,1278.1201322519191,0.0,6559.983069571281,5302.972436316255,False,0.8,,50.0,0.05
sweep_00145,187,DAILY_0001,5,1000.0,0.5,0.2,False,True,BEHAVIORAL_DEFAULT_INSUFFICIENT_COLLATERAL,4.0,1,2,2,0.6108407343567581,1228.5353878622514,0.6142676939311257,771.4646121377486,0.0,9703.856181907031,5755.635461703239,False,0.8,,50.0,0.05
sweep_00146,188,DAILY_0001,5,1000.0,0.5,0.2,False,True,BEHAVIORAL_DEFAULT_SURPLUS_COLLATERAL,5.0,1,2,2,0.6108407343567581,1000.0,1.0,0.0,619.0922606640383,13167.848974053273,6110.764856703736,False,0.8,,50.0,0.05
sweep_00147,189,DAILY_0001,5,1000.0,0.5,0.2,True,False,,,0,2,2,0.6108407343567581,0.0,1.0,0.0,0.0,17458.454152212147,6785.466035255805,False,1.0,,50.0,0.05
sweep_00148,190,DAILY_0001,5,1000.0,0.5,0.2,False,True,BEHAVIORAL_DEFAULT_SURPLUS_COLLATERAL,4.0,1,2,2,0.6108407343567581,2000.0,1.0,0.0,21.561179546078165,9384.639416814975,5603.880055649013,False,0.8,,50.0,0.05
sweep_00149,191,DAILY_0001,5,1000.0,0.5,0.2,True,False,,,0,2,2,0.6108407343567581,0.0,1.0,0.0,0.0,16741.237276910877,6338.177994087407,False,1.0,,50.0,0.05
sweep_00150,42,DAILY_0001,5,1000.0,0.5,0.2,True,False,,,0,2,2,0.6108407343567581,0.0,1.0,0.0,0.0,17143.15024973444,6558.993661038667,False,1.0,,100.0,0.05
sweep_00151,43,DAILY_0001,5,1000.0,0.5,0.2,True,False,,,0,2,2,0.6108407343567581,0.0,1.0,0.0,0.0,16683.664856290503,6382.535929185463,False,1.0,,100.0,0.05
sweep_00152,44,DAILY_0001,5,1000.0,0.5,0.2,True,False,,,0,2,2,0.6108407343567581,0.0,1.0,0.0,0.0,16963.961355801184,6704.033001555997,False,1.0,,100.0,0.05
sweep_00153,45,DAILY_0001,5,1000.0,0.5,0.2,False,True,BEHAVIORAL_DEFAULT_SURPLUS_COLLATERAL,5.0,1,2,2,0.6108407343567581,1000.0,1.0,0.0,1737.7677942456767,12896.079661440042,6326.433542894522,False,0.8,,100.0,0.05
sweep_00154,46,DAILY_0001,5,1000.0,0.5,0.2,True,False,,,0,2,2,0.6108407343567581,0.0,1.0,0.0,0.0,16307.234970412434,6291.281820652778,False,1.0,,100.0,0.05
sweep_00155,47,DAILY_0001,5,1000.0,0.5,0.2,True,False,,,0,2,2,0.6108407343567581,0.0,1.0,0.0,0.0,17175.220923270765,6248.935965994237,False,1.0,,100.0,0.05
sweep_00156,48,DAILY_0001,5,1000.0,0.5,0.2,False,True,BEHAVIORAL_DEFAULT_INSUFFICIENT_COLLATERAL,3.0,1,0,0,0.2295668026988248,1683.2557635508301,0.5610852545169434,1316.7442364491699,0.0,6384.596399760172,5203.99898764827,False,0.8,,100.0,0.05
sweep_00157,49,DAILY_0001,5,1000.0,0.5,0.2,True,False,,,0,2,2,0.6108407343567581,0.0,1.0,0.0,0.0,17411.6649980281,6397.989202018479,False,1.0,,100.0,0.05
sweep_00158,50,DAILY_0001,5,1000.0,0.5,0.2,True,False,,,0,2,2,0.6108407343567581,0.0,1.0,0.0,0.0,16470.071539501125,5917.062905095261,False,1.0,,100.0,0.05
sweep_00159,51,DAILY_0001,5,1000.0,0.5,0.2,True,False,,,0,2,2,0.6108407343567581,0.0,1.0,0.0,0.0,16553.917458671152,6213.428589865784,False,1.0,,100.0,0.05
sweep_00160,52,DAILY_0001,5,1000.0,0.5,0.2,False,True,BEHAVIORAL_DEFAULT_SURPLUS_COLLATERAL,5.0,1,2,2,0.6108407343567581,1000.0,1.0,0.0,1590.212152745497,13756.613367327447,6561.990216956066,False,0.8,,100.0,0.05
sweep_00161,53,DAILY_0001,5,1000.0,0.5,0.2,False,True,BEHAVIORAL_DEFAULT_SURPLUS_COLLATERAL,5.0,1,2,2,0.6108407343567581,1000.0,1.0,0.0,1670.4127021014488,12961.478326267516,6124.698012580922,False,0.8,,100.0,0.05
sweep_00162,54,DAILY_0001,5,1000.0,0.5,0.2,False,True,BEHAVIORAL_DEFAULT_INSUFFICIENT_COLLATERAL,5.0,1,2,2,0.6108407343567581,930.7106913239862,0.9307106913239862,69.28930867601377,0.0,12569.941496225256,6615.508316734714,False,0.8,,100.0,0.05
sweep_00163,55,DAILY_0001,5,1000.0,0.5,0.2,False,True,BEHAVIORAL_DEFAULT_SURPLUS_COLLATERAL,5.0,1,2,2,0.6108407343567581,1000.0,1.0,0.0,627.5479897483203,13020.111295967612,6238.973353744843,False,0.8,,100.0,0.05
sweep_00164,56,DAILY_0001,5,1000.0,0.5,0.2,False,True,BEHAVIORAL_DEFAULT_SURPLUS_COLLATERAL,5.0,1,2,2,0.6108407343567581,1000.0,1.0,0.0,577.2872999531307,12704.486967871519,5905.51499238246,False,0.8,,100.0,0.05
sweep_00165,57,DAILY_0001,5,1000.0,0.5,0.2,True,False,,,0,2,2,0.6108407343567581,0.0,1.0,0.0,0.0,16629.925622068513,6035.957003478712,False,1.0,,100.0,0.05
sweep_00166,58,DAILY_0001,5,1000.0,0.5,0.2,True,False,,,0,2,2,0.6108407343567581,0.0,1.0,0.0,0.0,17118.252725129587,6323.992160214469,False,1.0,,100.0,0.05
sweep_00167,59,DAILY_0001,5,1000.0,0.5,0.2,False,True,BEHAVIORAL_DEFAULT_INSUFFICIENT_COLLATERAL,4.0,1,2,2,0.6108407343567581,1005.3488333018635,0.5026744166509317,994.6511666981365,0.0,9396.14470761244,5757.116299499063,False,0.8,,100.0,0.05
sweep_00168,60,DAILY_0001,5,1000.0,0.5,0.2,True,False,,,0,2,2,0.6108407343567581,0.0,1.0,0.0,0.0,16890.892442598783,6189.249148211025,False,1.0,,100.0,0.05
sweep_00169,61,DAILY_0001,5,1000.0,0.5,0.2,True,False,,,0,2,2,0.6108407343567581,0.0,1.0,0.0,0.0,17049.548692196306,6543.688477354338,False,1.0,,100.0,0.05
sweep_00170,62,DAILY_0001,5,1000.0,0.5,0.2,True,False,,,0,2,2,0.6108407343567581,0.0,1.0,0.0,0.0,16688.163188009137,6082.778842852724,False,1.0,,100.0,0.05
sweep_00171,63,DAILY_0001,5,1000.0,0.5,0.2,False,True,BEHAVIORAL_DEFAULT_SURPLUS_COLLATERAL,5.0,1,2,2,0.6108407343567581,1000.0,1.0,0.0,599.7676571390157,12560.781626539678,6546.199282235463,False,0.8,,100.0,0.05
sweep_00172,64,DAILY_0001,5,1000.0,0.5,0.2,False,True,BEHAVIORAL_DEFAULT_INSUFFICIENT_COLLATERAL,3.0,1,0,0,0.2295668026988248,2682.412756333983,0.894137585444661,317.587243666017,0.0,6151.058035452796,5056.298454395575,False,0.8,,100.0,0.05
sweep_00173,65,DAILY_0001,5,1000.0,0.5,0.2,False,True,BEHAVIORAL_DEFAULT_INSUFFICIENT_COLLATERAL,2.0,1,0,0,0.0802993013430624,2415.071063584465,0.6037677658961162,1584.9289364155352,0.0,3099.9623073224475,2453.1680614659313,False,0.8,,100.0,0.05
sweep_00174,66,DAILY_0001,5,1000.0,0.5,0.2,True,False,,,0,2,2,0.6108407343567581,0.0,1.0,0.0,0.0,17056.111050431617,6104.076897012113,False,1.0,,100.0,0.05
sweep_00175,67,DAILY_0001,5,1000.0,0.5,0.2,True,False,,,0,2,2,0.6108407343567581,0.0,1.0,0.0,0.0,17358.7323024141,6852.015407918507,False,1.0,,100.0,0.05
sweep_00176,68,DAILY_0001,5,1000.0,0.5,0.2,False,True,BEHAVIORAL_DEFAULT_INSUFFICIENT_COLLATERAL,4.0,1,2,2,0.6108407343567581,1037.640205103313,0.5188201025516566,962.3597948966869,0.0,9384.172146377827,5691.675433195357,False,0.8,,100.0,0.05
sweep_00177,69,DAILY_0001,5,1000.0,0.5,0.2,False,True,BEHAVIORAL_DEFAULT_INSUFFICIENT_COLLATERAL,3.0,1,0,0,0.2295668026988248,1644.2005023351874,0.5480668341117291,1355.7994976648126,0.0,6254.764509256824,5159.647451845476,False,0.8,,100.0,0.05
sweep_00178,70,DAILY_0001,5,1000.0,0.5,0.2,True,False,,,0,2,2,0.6108407343567581,0.0,1.0,0.0,0.0,18008.300555488746,6521.592771608348,False,1.0,,100.0,0.05
sweep_00179,71,DAILY_0001,5,1000.0,0.5,0.2,True,False,,,0,2,2,0.6108407343567581,0.0,1.0,0.0,0.0,17077.07193201092,6110.696827298087,False,1.0,,100.0,0.05
sweep_00180,72,DAILY_0001,5,1000.0,0.5,0.2,False,True,BEHAVIORAL_DEFAULT_INSUFFICIENT_COLLATERAL,5.0,1,2,2,0.6108407343567581,772.4015287710279,0.7724015287710279,227.59847122897213,0.0,12739.57666014175,6282.438525476939,False,0.8,,100.0,0.05
sweep_00181,73,DAILY_0001,5,1000.0,0.5,0.2,True,False,,,0,2,2,0.6108407343567581,0.0,1.0,0.0,0.0,16909.5959464029,6691.494955491814,False,1.0,,100.0,0.05
sweep_00182,74,DAILY_0001,5,1000.0,0.5,0.2,False,True,BEHAVIORAL_DEFAULT_INSUFFICIENT_COLLATERAL,3.0,1,0,0,0.2295668026988248,2718.7866742934384,0.9062622247644795,281.2133257065616,0.0,6142.21535254676,5083.314901224499,False,0.8,,100.0,0.05
sweep_00183,75,DAILY_0001,5,1000.0,0.5,0.2,True,False,,,0,2,2,0.6108407343567581,0.0,1.0,0.0,0.0,16697.360309291158,6146.26011933722,False,1.0,,100.0,0.05
sweep_00184,76,DAILY_0001,5,1000.0,0.5,0.2,True,False,,,0,2,2,0.6108407343567581,0.0,1.0,0.0,0.0,16671.801168191498,6686.438897069432,False,1.0,,100.0,0.05
sweep_00185,77,DAILY_0001,5,1000.0,0.5,0.2,True,False,,,0,2,2,0.6108407343567581,0.0,1.0,0.0,0.0,16763.124564751575,6517.4215011799,False,1.0,,100.0,0.05
sweep_00186,78,DAILY_0001,5,1000.0,0.5,0.2,True,False,,,0,2,2,0.6108407343567581,0.0,1.0,0.0,0.0,16719.51222653161,6600.773492939776,False,1.0,,100.0,0.05
sweep_00187,79,DAILY_0001,5,1000.0,0.5,0.2,True,False,,,0,2,2,0.6108407343567581,0.0,1.0,0.0,0.0,16476.77247232043,6380.810430026606,False,1.0,,100.0,0.05
sweep_00188,80,DAILY_0001,5,1000.0,0.5,0.2,True,False,,,0,2,2,0.6108407343567581,0.0,1.0,0.0,0.0,16187.427798734678,6262.500819693729,False,1.0,,100.0,0.05
sweep_00189,81,DAILY_0001,5,1000.0,0.5,0.2,True,False,,,0,2,2,0.6108407343567581,0.0,1.0,0.0,0.0,17261.26216002694,6854.646195941163,False,1.0,,100.0,0.05
sweep_00190,82,DAILY_0001,5,1000.0,0.5,0.2,True,False,,,0,2,2,0.6108407343567581,0.0,1.0,0.0,0.0,17428.23657344996,6465.687387787182,False,1.0,,100.0,0.05
sweep_00191,83,DAILY_0001,5,1000.0,0.5,0.2,False,True,BEHAVIORAL_DEFAULT_INSUFFICIENT_COLLATERAL,5.0,1,2,2,0.6108407343567581,530.0024600738717,0.5300024600738718,469.9975399261283,0.0,13023.010849409744,6042.258532437842,False,0.8,,100.0,0.05
sweep_00192,84,DAILY_0001,5,1000.0,0.5,0.2,False,True,BEHAVIORAL_DEFAULT_INSUFFICIENT_COLLATERAL,3.0,1,0,0,0.2295668026988248,1660.2522595008875,0.5534174198336291,1339.7477404991125,0.0,6504.624246924773,5408.346025928879,False,0.8,,100.0,0.05
sweep_00193,85,DAILY_0001,5,1000.0,0.5,0.2,False,True,BEHAVIORAL_DEFAULT_INSUFFICIENT_COLLATERAL,4.0,1,2,2,0.6108407343567581,1068.7614786094964,0.5343807393047482,931.2385213905036,0.0,9644.511591981416,5715.784475135575,False,0.8,,100.0,0.05
sweep_00194,86,DAILY_0001,5,1000.0,0.5,0.2,True,False,,,0,2,2,0.6108407343567581,0.0,1.0,0.0,0.0,17346.9008892341,6305.825241479082,False,1.0,,100.0,0.05
sweep_00195,87,DAILY_0001,5,1000.0,0.5,0.2,True,False,,,0,2,2,0.6108407343567581,0.0,1.0,0.0,0.0,16887.21410701461,6256.862167353517,False,1.0,,100.0,0.05
sweep_00196,88,DAILY_0001,5,1000.0,0.5,0.2,False,True,BEHAVIORAL_DEFAULT_INSUFFICIENT_COLLATERAL,3.0,1,0,0,0.2295668026988248,2679.6288598834326,0.8932096199611442,320.3711401165674,0.0,6598.059130640779,5312.019764309989,False,0.8,,100.0,0.05
sweep_00197,89,DAILY_0001,5,1000.0,0.5,0.2,True,False,,,0,2,2,0.6108407343567581,0.0,1.0,0.0,0.0,16483.760527058344,6526.080959020255,False,1.0,,100.0,0.05
sweep_00198,90,DAILY_0001,5,1000.0,0.5,0.2,False,True,BEHAVIORAL_DEFAULT_SURPLUS_COLLATERAL,4.0,1,2,2,0.6108407343567581,2000.0,1.0,0.0,23.72432502933316,9428.143344053857,5733.653258128694,False,0.8,,100.0,0.05
sweep_00199,91,DAILY_0001,5,1000.0,0.5,0.2,True,False,,,0,2,2,0.6108407343567581,0.0,1.0,0.0,0.0,16432.64453049189,6574.760539801266,False,1.0,,100.0,0.05
sweep_00200,92,DAILY_0001,5,1000.0,0.5,0.2,True,False,,,0,2,2,0.6108407343567581,0.0,1.0,0.0,0.0,16541.46983637411,6041.885697696037,False,1.0,,100.0,0.05
sweep_00201,93,DAILY_0001,5,1000.0,0.5,0.2,False,True,BEHAVIORAL_DEFAULT_INSUFFICIENT_COLLATERAL,3.0,1,0,0,0.2295668026988248,1689.2031623163332,0.5630677207721111,1310.7968376836668,0.0,7022.911645595454,5936.233176377922,False,0.8,,100.0,0.05
sweep_00202,94,DAILY_0001,5,1000.0,0.5,0.2,True,False,,,0,2,2,0.6108407343567581,0.0,1.0,0.0,0.0,16816.49136159871,5999.655568199286,False,1.0,,100.0,0.05
sweep_00203,95,DAILY_0001,5,1000.0,0.5,0.2,True,False,,,0,2,2,0.6108407343567581,0.0,1.0,0.0,0.0,17545.744689882886,6743.876958351815,False,1.0,,100.0,0.05
sweep_00204,96,DAILY_0001,5,1000.0,0.5,0.2,True,False,,,0,2,2,0.6108407343567581,0.0,1.0,0.0,0.0,17272.505142960632,6048.607615011752,False,1.0,,100.0,0.05
sweep_00205,97,DAILY_0001,5,1000.0,0.5,0.2,True,False,,,0,2,2,0.6108407343567581,0.0,1.0,0.0,0.0,17205.00493267573,6117.226999273204,False,1.0,,100.0,0.05
sweep_00206,98,DAILY_0001,5,1000.0,0.5,0.2,True,False,,,0,2,2,0.6108407343567581,0.0,1.0,0.0,0.0,17117.740576801672,6205.797464965912,False,1.0,,100.0,0.05
sweep_00207,99,DAILY_0001,5,1000.0,0.5,0.2,False,True,BEHAVIORAL_DEFAULT_SURPLUS_COLLATERAL,4.0,1,2,2,0.6108407343567581,2000.0,1.0,0.0,22.657068740878685,9546.407766635395,5737.77683418539,False,0.8,,100.0,0.05
sweep_00208,100,DAILY_0001,5,1000.0,0.5,0.2,True,False,,,0,2,2,0.6108407343567581,0.0,1.0,0.0,0.0,17296.288473944063,6307.556580980034,False,1.0,,100.0,0.05
sweep_00209,101,DAILY_0001,5,1000.0,0.5,0.2,False,True,BEHAVIORAL_DEFAULT_SURPLUS_COLLATERAL,5.0,1,2,2,0.6108407343567581,1000.0,1.0,0.0,189.14552027797004,13094.897102232273,6195.161045173007,False,0.8,,100.0,0.05
sweep_00210,102,DAILY_0001,5,1000.0,0.5,0.2,False,True,BEHAVIORAL_DEFAULT_SURPLUS_COLLATERAL,5.0,1,2,2,0.6108407343567581,1000.0,1.0,0.0,1811.7326008623108,13315.718463742422,6910.909640316799,False,0.8,,100.0,0.05
sweep_00211,103,DAILY_0001,5,1000.0,0.5,0.2,False,True,BEHAVIORAL_DEFAULT_INSUFFICIENT_COLLATERAL,4.0,1,2,2,0.6108407343567581,1337.7175772990856,0.6688587886495428,662.2824227009144,0.0,9410.055771571677,5696.940078384983,False,0.8,,100.0,0.05
sweep_00212,104,DAILY_0001,5,1000.0,0.5,0.2,True,False,,,0,2,2,0.6108407343567581,0.0,1.0,0.0,0.0,16965.565545296653,6146.18420034411,False,1.0,,100.0,0.05
sweep_00213,105,DAILY_0001,5,1000.0,0.5,0.2,False,True,BEHAVIORAL_DEFAULT_SURPLUS_COLLATERAL,4.0,1,2,2,0.6108407343567581,2000.0,1.0,0.0,26.286365574733736,10112.068977480729,5917.6602569031165,False,0.8,,100.0,0.05
sweep_00214,106,DAILY_0001,5,1000.0,0.5,0.2,False,True,BEHAVIORAL_DEFAULT_INSUFFICIENT_COLLATERAL,5.0,1,2,2,0.6108407343567581,624.7510906475593,0.6247510906475593,375.2489093524407,0.0,13317.118454353504,6212.803195308508,False,0.8,,100.0,0.05
sweep_00215,107,DAILY_0001,5,1000.0,0.5,0.2,False,True,BEHAVIORAL_DEFAULT_INSUFFICIENT_COLLATERAL,4.0,1,2,2,0.6108407343567581,1346.6681425184788,0.6733340712592394,653.3318574815212,0.0,9504.711727327722,5617.518895247351,False,0.8,,100.0,0.05
sweep_00216,108,DAILY_0001,5,1000.0,0.5,0.2,False,True,BEHAVIORAL_DEFAULT_SURPLUS_COLLATERAL,4.0,1,2,2,0.6108407343567581,2000.0,1.0,0.0,24.461251187562084,9229.632260373746,5690.234900433315,False,0.8,,100.0,0.05
sweep_00217,109,DAILY_0001,5,1000.0,0.5,0.2,True,False,,,0,2,2,0.6108407343567581,0.0,1.0,0.0,0.0,17097.560018571552,6121.482809963004,False,1.0,,100.0,0.05
sweep_00218,110,DAILY_0001,5,1000.0,0.5,0.2,True,False,,,0,2,2,0.6108407343567581,0.0,1.0,0.0,0.0,17252.145983174083,6574.121923648899,False,1.0,,100.0,0.05
sweep_00219,111,DAILY_0001,5,1000.0,0.5,0.2,False,True,BEHAVIORAL_DEFAULT_SURPLUS_COLLATERAL,5.0,1,2,2,0.6108407343567581,1000.0,1.0,0.0,80.10074536157595,13005.811951455453,6472.586917863251,False,0.8,,100.0,0.05
sweep_00220,112,DAILY_0001,5,1000.0,0.5,0.2,True,False,,,0,2,2,0.6108407343567581,0.0,1.0,0.0,0.0,16909.07625773677,6030.589134426367,False,1.0,,100.0,0.05
sweep_00221,113,DAILY_0001,5,1000.0,0.5,0.2,False,True,BEHAVIORAL_DEFAULT_INSUFFICIENT_COLLATERAL,3.0,1,0,0,0.2295668026988248,1716.5145816594088,0.5721715272198029,1283.4854183405912,0.0,6623.312533026473,5392.077057610681,False,0.8,,100.0,0.05
sweep_00222,114,DAILY_0001,5,1000.0,0.5,0.2,False,True,BEHAVIORAL_DEFAULT_INSUFFICIENT_COLLATERAL,3.0,1,0,0,0.2295668026988248,1629.7427600272558,0.5432475866757519,1370.2572399727442,0.0,6121.454939968626,5043.2437012531755,False,0.8,,100.0,0.05
sweep_00223,115,DAILY_0001,5,1000.0,0.5,0.2,True,False,,,0,2,2,0.6108407343567581,0.0,1.0,0.0,0.0,16756.555719327873,6131.069203918143,False,1.0,,100.0,0.05
sweep_00224,116,DAILY_0001,5,1000.0,0.5,0.2,False,True,BEHAVIORAL_DEFAULT_INSUFFICIENT_COLLATERAL,3.0,1,0,0,0.2295668026988248,2850.9188373981824,0.9503062791327275,149.0811626018176,0.0,6397.070943819939,5347.208221702943,False,0.8,,100.0,0.05
sweep_00225,117,DAILY_0001,5,1000.0,0.5,0.2,False,True,BEHAVIORAL_DEFAULT_INSUFFICIENT_COLLATERAL,2.0,1,0,0,0.0802993013430624,2448.8371697617326,0.6122092924404332,1551.1628302382674,0.0,3189.4444401873525,2490.0333653188736,False,0.8,,100.0,0.05
sweep_00226,118,DAILY_0001,5,1000.0,0.5,0.2,True,False,,,0,2,2,0.6108407343567581,0.0,1.0,0.0,0.0,16908.748437966286,6692.156987084919,False,1.0,,100.0,0.05
sweep_00227,119,DAILY_0001,5,1000.0,0.5,0.2,True,False,,,0,2,2,0.6108407343567581,0.0,1.0,0.0,0.0,16730.031620694273,6395.991150508246,False,1.0,,100.0,0.05
sweep_00228,120,DAILY_0001,5,1000.0,0.5,0.2,True,False,,,0,2,2,0.6108407343567581,0.0,1.0,0.0,0.0,17299.20314416707,6432.126066813084,False,1.0,,100.0,0.05
sweep_00229,121,DAILY_0001,5,1000.0,0.5,0.2,False,True,BEHAVIORAL_DEFAULT_SURPLUS_COLLATERAL,4.0,1,2,2,0.6108407343567581,2000.0,1.0,0.0,22.66149959122663,9287.607451281923,5623.755166036791,False,0.8,,100.0,0.05
sweep_00230,122,DAILY_0001,5,1000.0,0.5,0.2,True,False,,,0,2,2,0.6108407343567581,0.0,1.0,0.0,0.0,16786.425779314144,6490.6994568585405,False,1.0,,100.0,0.05
sweep_00231,123,DAILY_0001,5,1000.0,0.5,0.2,False,True,BEHAVIORAL_DEFAULT_SURPLUS_COLLATERAL,4.0,1,2,2,0.6108407343567581,2000.0,1.0,0.0,24.49866747082524,10213.097259473365,5943.348282865278,False,0.8,,100.0,0.05
sweep_00232,124,DAILY_0001,5,1000.0,0.5,0.2,True,False,,,0,2,2,0.6108407343567581,0.0,1.0,0.0,0.0,17378.096470344266,6871.852991964805,False,1.0,,100.0,0.05
sweep_00233,125,DAILY_0001,5,1000.0,0.5,0.2,True,False,,,0,2,2,0.6108407343567581,0.0,1.0,0.0,0.0,17222.14785778652,6218.817683675719,False,1.0,,100.0,0.05
sweep_00234,126,DAILY_0001,5,1000.0,0.5,0.2,False,True,BEHAVIORAL_DEFAULT_INSUFFICIENT_COLLATERAL,3.0,1,0,0,0.2295668026988248,2925.972505613676,0.975324168537892,74.02749438632418,0.0,6608.331218475114,5535.512474648671,False,0.8,,100.0,0.05
sweep_00235,127,DAILY_0001,5,1000.0,0.5,0.2,True,False,,,0,2,2,0.6108407343567581,0.0,1.0,0.0,0.0,17068.994068195138,6123.376778463291,False,1.0,,100.0,0.05
sweep_00236,128,DAILY_0001,5,1000.0,0.5,0.2,True,False,,,0,2,2,0.6108407343567581,0.0,1.0,0.0,0.0,17380.160876094935,6158.319430515809,False,1.0,,100.0,0.05
sweep_00237,129,DAILY_0001,5,1000.0,0.5,0.2,True,False,,,0,2,2,0.6108407343567581,0.0,1.0,0.0,0.0,16680.988802965425,6325.889145511402,False,1.0,,100.0,0.05
sweep_00238,130,DAILY_0001,5,1000.0,0.5,0.2,False,True,BEHAVIORAL_DEFAULT_SURPLUS_COLLATERAL,5.0,1,2,2,0.6108407343567581,1000.0,1.0,0.0,624.3860495962067,12730.738840773127,6610.740051504207,False,0.8,,100.0,0.05
sweep_00239,131,DAILY_0001,5,1000.0,0.5,0.2,False,True,BEHAVIORAL_DEFAULT_SURPLUS_COLLATERAL,4.0,1,2,2,0.6108407343567581,2000.0,1.0,0.0,23.56837931907512,9894.940183776958,5783.196488745878,False,0.8,,100.0,0.05
sweep_00240,132,DAILY_0001,5,1000.0,0.5,0.2,False,True,BEHAVIORAL_DEFAULT_INSUFFICIENT_COLLATERAL,4.0,1,2,2,0.6108407343567581,1039.893089172923,0.5199465445864615,960.106910827077,0.0,9452.061028387478,5651.337132133789,False,0.8,,100.0,0.05
sweep_00241,133,DAILY_0001,5,1000.0,0.5,0.2,False,True,BEHAVIORAL_DEFAULT_INSUFFICIENT_COLLATERAL,2.0,1,0,0,0.0802993013430624,2396.1405750911463,0.5990351437727865,1603.8594249088537,0.0,3049.7954187370806,2432.500051754446,False,0.8,,100.0,0.05
sweep_00242,134,DAILY_0001,5,1000.0,0.5,0.2,False,True,BEHAVIORAL_DEFAULT_INSUFFICIENT_COLLATERAL,3.0,1,0,0,0.2295668026988248,1705.5593078686602,0.5685197692895534,1294.4406921313398,0.0,6618.547990000483,5416.762839074495,False,0.8,,100.0,0.05
sweep_00243,135,DAILY_0001,5,1000.0,0.5,0.2,True,False,,,0,2,2,0.6108407343567581,0.0,1.0,0.0,0.0,17308.180105341366,6229.181346897783,False,1.0,,100.0,0.05
sweep_00244,136,DAILY_0001,5,1000.0,0.5,0.2,False,True,BEHAVIORAL_DEFAULT_SURPLUS_COLLATERAL,5.0,1,2,2,0.6108407343567581,1000.0,1.0,0.0,149.74486189498066,12439.168673732074,6215.771541938363,False,0.8,,100.0,0.05
sweep_00245,137,DAILY_0001,5,1000.0,0.5,0.2,False,True,BEHAVIORAL_DEFAULT_INSUFFICIENT_COLLATERAL,4.0,1,2,2,0.6108407343567581,1248.1088985617255,0.6240544492808627,751.8911014382745,0.0,9538.559186760156,5740.370619770864,False,0.8,,100.0,0.05
sweep_00246,138,DAILY_0001,5,1000.0,0.5,0.2,False,True,BEHAVIORAL_DEFAULT_INSUFFICIENT_COLLATERAL,5.0,1,2,2,0.6108407343567581,880.457023719268,0.880457023719268,119.54297628073198,0.0,12533.99100881035,6420.095284820241,False,0.8,,100.0,0.05
sweep_00247,139,DAILY_0001,5,1000.0,0.5,0.2,False,True,BEHAVIORAL_DEFAULT_INSUFFICIENT_COLLATERAL,2.0,1,0,0,0.0802993013430624,2419.290859180501,0.6048227147951252,1580.7091408194992,0.0,3111.145009532911,2457.7751679539724,False,0.8,,100.0,0.05
sweep_00248,140,DAILY_0001,5,1000.0,0.5,0.2,False,True,BEHAVIORAL_DEFAULT_INSUFFICIENT_COLLATERAL,2.0,1,0,0,0.0802993013430624,2438.2834220240425,0.6095708555060106,1561.7165779759575,0.0,3161.476398733924,2478.5109494650974,False,0.8,,100.0,0.05
sweep_00249,141,DAILY_0001,5,1000.0,0.5,0.2,True,False,,,0,2,2,0.6108407343567581,0.0,1.0,0.0,0.0,17185.12705013151,6135.947961117486,False,1.0,,100.0,0.05
sweep_00250,142,DAILY_0001,5,1000.0,0.5,0.2,False,True,BEHAVIORAL_DEFAULT_INSUFFICIENT_COLLATERAL,2.0,1,0,0,0.0802993013430624,2440.1096034063794,0.6100274008515949,1559.8903965936206,0.0,3166.3158849403544,2480.504745587072,False,0.8,,100.0,0.05
sweep_00251,143,DAILY_0001,5,1000.0,0.5,0.2,True,False,,,0,2,2,0.6108407343567581,0.0,1.0,0.0,0.0,16445.290904199723,6517.582060232722,False,1.0,,100.0,0.05
sweep_00252,144,DAILY_0001,5,1000.0,0.5,0.2,True,False,,,0,2,2,0.6108407343567581,0.0,1.0,0.0,0.0,17343.411988435073,6343.062817725613,False,1.0,,100.0,0.05
sweep_00253,145,DAILY_0001,5,1000.0,0.5,0.2,True,False,,,0,2,2,0.6108407343567581,0.0,1.0,0.0,0.0,17193.72751399906,6455.335906011061,False,1.0,,100.0,0.05
sweep_00254,146,DAILY_0001,5,1000.0,0.5,0.2,True,False,,,0,2,2,0.6108407343567581,0.0,1.0,0.0,0.0,16193.924104929843,6249.712327789512,False,1.0,,100.0,0.05
sweep_00255,147,DAILY_0001,5,1000.0,0.5,0.2,False,True,BEHAVIORAL_DEFAULT_INSUFFICIENT_COLLATERAL,4.0,1,2,2,0.6108407343567581,1100.0538387620393,0.5500269193810197,899.9461612379607,0.0,9889.107754331599,5789.197356459639,False,0.8,,100.0,0.05
sweep_00256,148,DAILY_0001,5,1000.0,0.5,0.2,True,False,,,0,2,2,0.6108407343567581,0.0,1.0,0.0,0.0,17096.666287603017,6530.7360578028,False,1.0,,100.0,0.05
sweep_00257,149,DAILY_0001,5,1000.0,0.5,0.2,False,True,BEHAVIORAL_DEFAULT_INSUFFICIENT_COLLATERAL,4.0,1,2,2,0.6108407343567581,1004.2576100598374,0.5021288050299186,995.7423899401626,0.0,9814.02173860668,5917.232973074487,False,0.8,,100.0,0.05
sweep_00258,150,DAILY_0001,5,1000.0,0.5,0.2,True,False,,,0,2,2,0.6108407343567581,0.0,1.0,0.0,0.0,16546.279710931314,6544.755882301448,False,1.0,,100.0,0.05
sweep_00259,151,DAILY_0001,5,1000.0,0.5,0.2,False,True,BEHAVIORAL_DEFAULT_SURPLUS_COLLATERAL,5.0,1,2,2,0.6108407343567581,1000.0,1.0,0.0,345.3493919230623,13335.570209326292,6319.825861687272,False,0.8,,100.0,0.05
sweep_00260,152,DAILY_0001,5,1000.0,0.5,0.2,True,False,,,0,2,2,0.6108407343567581,0.0,1.0,0.0,0.0,17093.36930493184,6202.4165354371435,False,1.0,,100.0,0.05
sweep_00261,153,DAILY_0001,5,1000.0,0.5,0.2,True,False,,,0,2,2,0.6108407343567581,0.0,1.0,0.0,0.0,16508.84948067981,6208.908930428559,False,1.0,,100.0,0.05
sweep_00262,154,DAILY_0001,5,1000.0,0.5,0.2,True,False,,,0,2,2,0.6108407343567581,0.0,1.0,0.0,0.0,16928.440090342658,6338.614019538247,False,1.0,,100.0,0.05
sweep_00263,155,DAILY_0001,5,1000.0,0.5,0.2,False,True,BEHAVIORAL_DEFAULT_INSUFFICIENT_COLLATERAL,3.0,1,0,0,0.2295668026988248,2801.98306825496,0.9339943560849867,198.01693174503998,0.0,6224.123226178908,5204.098788777608,False,0.8,,100.0,0.05
sweep_00264,156,DAILY_0001,5,1000.0,0.5,0.2,True,False,,,0,2,2,0.6108407343567581,0.0,1.0,0.0,0.0,16822.870383115638,6124.004141008794,False,1.0,,100.0,0.05
sweep_00265,157,DAILY_0001,5,1000.0,0.5,0.2,False,True,BEHAVIORAL_DEFAULT_INSUFFICIENT_COLLATERAL,3.0,1,0,0,0.2295668026988248,1635.606107225276,0.5452020357417586,1364.393892774724,0.0,6313.283449869156,5252.033278795079,False,0.8,,100.0,0.05
sweep_00266,158,DAILY_0001,5,1000.0,0.5,0.2,True,False,,,0,2,2,0.6108407343567581,0.0,1.0,0.0,0.0,17327.297792749472,6392.198244685322,False,1.0,,100.0,0.05
sweep_00267,159,DAILY_0001,5,1000.0,0.5,0.2,True,False,,,0,2,2,0.6108407343567581,0.0,1.0,0.0,0.0,17547.075472215663,6400.533164447602,False,1.0,,100.0,0.05
sweep_00268,160,DAILY_0001,5,1000.0,0.5,0.2,False,True,BEHAVIORAL_DEFAULT_SURPLUS_COLLATERAL,5.0,1,2,2,0.6108407343567581,1000.0,1.0,0.0,1693.207562440963,13559.294233579409,6804.838522255295,False,0.8,,100.0,0.05
sweep_00269,161,DAILY_0001,5,1000.0,0.5,0.2,True,False,,,0,2,2,0.6108407343567581,0.0,1.0,0.0,0.0,16722.38973114001,6477.006638888591,False,1.0,,100.0,0.05
sweep_00270,162,DAILY_0001,5,1000.0,0.5,0.2,False,True,BEHAVIORAL_DEFAULT_INSUFFICIENT_COLLATERAL,3.0,1,0,0,0.2295668026988248,2679.757095417743,0.8932523651392477,320.24290458225687,0.0,6099.333759251945,5024.078066261646,False,0.8,,100.0,0.05
sweep_00271,163,DAILY_0001,5,1000.0,0.5,0.2,True,False,,,0,2,2,0.6108407343567581,0.0,1.0,0.0,0.0,17276.966005569957,6492.292183243727,False,1.0,,100.0,0.05
sweep_00272,164,DAILY_0001,5,1000.0,0.5,0.2,True,False,,,0,3,3,0.6108407343567581,0.0,1.0,0.0,0.0,17233.351687522765,6173.891470883778,False,1.0,,100.0,0.05
sweep_00273,165,DAILY_0001,5,1000.0,0.5,0.2,True,False,,,0,2,2,0.6108407343567581,0.0,1.0,0.0,0.0,16913.7215097475,5947.7619643717835,False,1.0,,100.0,0.05
sweep_00274,166,DAILY_0001,5,1000.0,0.5,0.2,False,True,BEHAVIORAL_DEFAULT_SURPLUS_COLLATERAL,5.0,1,2,2,0.6108407343567581,1000.0,1.0,0.0,504.3713101698381,13275.843211445086,6474.852811409931,False,0.8,,100.0,0.05
sweep_00275,167,DAILY_0001,5,1000.0,0.5,0.2,True,False,,,0,2,2,0.6108407343567581,0.0,1.0,0.0,0.0,16859.790773916782,6042.103835879324,False,1.0,,100.0,0.05
sweep_00276,168,DAILY_0001,5,1000.0,0.5,0.2,False,True,BEHAVIORAL_DEFAULT_SURPLUS_COLLATERAL,5.0,1,2,2,0.6108407343567581,1000.0,1.0,0.0,1649.9087527217994,12306.50352346156,6378.502067934567,False,0.8,,100.0,0.05
sweep_00277,169,DAILY_0001,5,1000.0,0.5,0.2,False,True,BEHAVIORAL_DEFAULT_SURPLUS_COLLATERAL,5.0,1,2,2,0.6108407343567581,1000.0,1.0,0.0,622.168008732225,13383.861734067441,6250.886929206258,False,0.8,,100.0,0.05
sweep_00278,170,DAILY_0001,5,1000.0,0.5,0.2,True,False,,,0,2,2,0.6108407343567581,0.0,1.0,0.0,0.0,17232.159337492943,6092.306089446511,False,1.0,,100.0,0.05
sweep_00279,171,DAILY_0001,5,1000.0,0.5,0.2,True,False,,,0,2,2,0.6108407343567581,0.0,1.0,0.0,0.0,16487.879755940605,5919.383621687863,False,1.0,,100.0,0.05
sweep_00280,172,DAILY_0001,5,1000.0,0.5,0.2,False,True,BEHAVIORAL_DEFAULT_INSUFFICIENT_COLLATERAL,5.0,1,2,2,0.6108407343567581,531.9086412245408,0.5319086412245408,468.0913587754592,0.0,12754.088913575759,5886.287610753481,False,0.8,,100.0,0.05
sweep_00281,173,DAILY_0001,5,1000.0,0.5,0.2,True,False,,,0,2,2,0.6108407343567581,0.0,1.0,0.0,0.0,16811.936915077735,6424.937364607343,False,1.0,,100.0,0.05
sweep_00282,174,DAILY_0001,5,1000.0,0.5,0.2,True,False,,,0,2,2,0.6108407343567581,0.0,1.0,0.0,0.0,16928.24289810534,6443.512891192666,False,1.0,,100.0,0.05
sweep_00283,175,DAILY_0001,5,1000.0,0.5,0.2,True,False,,,0,2,2,0.6108407343567581,0.0,1.0,0.0,0.0,16822.84112582361,6003.015342668066,False,1.0,,100.0,0.05
sweep_00284,176,DAILY_0001,5,1000.0,0.5,0.2,True,False,,,0,2,2,0.6108407343567581,0.0,1.0,0.0,0.0,16402.90381242599,6098.963415207808,False,1.0,,100.0,0.05
sweep_00285,177,DAILY_0001,5,1000.0,0.5,0.2,False,True,BEHAVIORAL_DEFAULT_INSUFFICIENT_COLLATERAL,2.0,1,0,0,0.0802993013430624,2437.798340736869,0.6094495851842172,1562.2016592631312,0.0,3160.1909052878864,2477.981345342219,False,0.8,,100.0,0.05
sweep_00286,178,DAILY_0001,5,1000.0,0.5,0.2,True,False,,,0,2,2,0.6108407343567581,0.0,1.0,0.0,0.0,16613.95277706074,5852.322427432919,False,1.0,,100.0,0.05
sweep_00287,179,DAILY_0001,5,1000.0,0.5,0.2,True,False,,,0,2,2,0.6108407343567581,0.0,1.0,0.0,0.0,16825.94357748756,6027.730646971306,False,1.0,,100.0,0.05
sweep_00288,180,DAILY_0001,5,1000.0,0.5,0.2,True,False,,,0,2,2,0.6108407343567581,0.0,1.0,0.0,0.0,17332.698660576734,6598.010521684206,False,1.0,,100.0,0.05
sweep_00289,181,DAILY_0001,5,1000.0,0.5,0.2,False,True,BEHAVIORAL_DEFAULT_INSUFFICIENT_COLLATERAL,4.0,1,2,2,0.6108407343567581,1357.8031848989117,0.6789015924494558,642.1968151010883,0.0,9381.7156603568,5781.533206768918,False,0.8,,100.0,0.05
sweep_00290,182,DAILY_0001,5,1000.0,0.5,0.2,False,True,BEHAVIORAL_DEFAULT_INSUFFICIENT_COLLATERAL,4.0,1,2,2,0.6108407343567581,1308.554375969253,0.6542771879846265,691.445624030747,0.0,9613.459796300805,5713.421878750604,False,0.8,,100.0,0.05
sweep_00291,183,DAILY_0001,5,1000.0,0.5,0.2,False,True,BEHAVIORAL_DEFAULT_SURPLUS_COLLATERAL,5.0,1,2,2,0.6108407343567581,1000.0,1.0,0.0,17.186406325397343,12517.895991903359,5999.885363013163,False,0.8,,100.0,0.05
sweep_00292,184,DAILY_0001,5,1000.0,0.5,0.2,True,False,,,0,2,2,0.6108407343567581,0.0,1.0,0.0,0.0,17226.715015370733,6539.154651363053,False,1.0,,100.0,0.05
sweep_00293,185,DAILY_0001,5,1000.0,0.5,0.2,False,True,BEHAVIORAL_DEFAULT_INSUFFICIENT_COLLATERAL,4.0,1,2,2,0.6108407343567581,1023.9821232790351,0.5119910616395176,976.0178767209649,0.0,9321.804157226868,5662.406365215746,False,0.8,,100.0,0.05
sweep_00294,186,DAILY_0001,5,1000.0,0.5,0.2,False,True,BEHAVIORAL_DEFAULT_INSUFFICIENT_COLLATERAL,3.0,1,0,0,0.2295668026988248,1721.8798677480809,0.573959955916027,1278.1201322519191,0.0,6559.983069571281,5302.972436316255,False,0.8,,100.0,0.05
sweep_00295,187,DAILY_0001,5,1000.0,0.5,0.2,False,True,BEHAVIORAL_DEFAULT_INSUFFICIENT_COLLATERAL,4.0,1,2,2,0.6108407343567581,1228.5353878622514,0.6142676939311257,771.4646121377486,0.0,9703.856181907031,5755.635461703239,False,0.8,,100.0,0.05
sweep_00296,188,DAILY_0001,5,1000.0,0.5,0.2,False,True,BEHAVIORAL_DEFAULT_SURPLUS_COLLATERAL,5.0,1,2,2,0.6108407343567581,1000.0,1.0,0.0,619.0922606640383,13167.848974053273,6110.764856703736,False,0.8,,100.0,0.05
sweep_00297,189,DAILY_0001,5,1000.0,0.5,0.2,True,False,,,0,2,2,0.6108407343567581,0.0,1.0,0.0,0.0,17458.454152212147,6785.466035255805,False,1.0,,100.0,0.05
sweep_00298,190,DAILY_0001,5,1000.0,0.5,0.2,False,True,BEHAVIORAL_DEFAULT_SURPLUS_COLLATERAL,4.0,1,2,2,0.6108407343567581,2000.0,1.0,0.0,21.561179546078165,9384.639416814975,5603.880055649013,False,0.8,,100.0,0.05
sweep_00299,191,DAILY_0001,5,1000.0,0.5,0.2,True,False,,,0,2,2,0.6108407343567581,0.0,1.0,0.0,0.0,16741.237276910877,6338.177994087407,False,1.0,,100.0,0.05
sweep_00300,42,DAILY_0001,5,1000.0,0.5,0.2,True,False,,,0,2,2,0.6108407343567581,0.0,1.0,0.0,0.0,17143.15024973444,6558.993661038667,False,1.0,,150.0,0.05
sweep_00301,43,DAILY_0001,5,1000.0,0.5,0.2,True,False,,,0,2,2,0.6108407343567581,0.0,1.0,0.0,0.0,16683.664856290503,6382.535929185463,False,1.0,,150.0,0.05
sweep_00302,44,DAILY_0001,5,1000.0,0.5,0.2,True,False,,,0,2,2,0.6108407343567581,0.0,1.0,0.0,0.0,16963.961355801184,6704.033001555997,False,1.0,,150.0,0.05
sweep_00303,45,DAILY_0001,5,1000.0,0.5,0.2,False,True,BEHAVIORAL_DEFAULT_SURPLUS_COLLATERAL,5.0,1,2,2,0.6108407343567581,1000.0,1.0,0.0,1737.7677942456767,12896.079661440042,6326.433542894522,False,0.8,,150.0,0.05
sweep_00304,46,DAILY_0001,5,1000.0,0.5,0.2,True,False,,,0,2,2,0.6108407343567581,0.0,1.0,0.0,0.0,16307.234970412434,6291.281820652778,False,1.0,,150.0,0.05
sweep_00305,47,DAILY_0001,5,1000.0,0.5,0.2,True,False,,,0,2,2,0.6108407343567581,0.0,1.0,0.0,0.0,17175.220923270765,6248.935965994237,False,1.0,,150.0,0.05
sweep_00306,48,DAILY_0001,5,1000.0,0.5,0.2,False,True,BEHAVIORAL_DEFAULT_INSUFFICIENT_COLLATERAL,3.0,1,0,0,0.2295668026988248,1683.2557635508301,0.5610852545169434,1316.7442364491699,0.0,6384.596399760172,5203.99898764827,False,0.8,,150.0,0.05
sweep_00307,49,DAILY_0001,5,1000.0,0.5,0.2,True,False,,,0,2,2,0.6108407343567581,0.0,1.0,0.0,0.0,17411.6649980281,6397.989202018479,False,1.0,,150.0,0.05
sweep_00308,50,DAILY_0001,5,1000.0,0.5,0.2,True,False,,,0,2,2,0.6108407343567581,0.0,1.0,0.0,0.0,16470.071539501125,5917.062905095261,False,1.0,,150.0,0.05
sweep_00309,51,DAILY_0001,5,1000.0,0.5,0.2,True,False,,,0,2,2,0.6108407343567581,0.0,1.0,0.0,0.0,16553.917458671152,6213.428589865784,False,1.0,,150.0,0.05
sweep_00310,52,DAILY_0001,5,1000.0,0.5,0.2,False,True,BEHAVIORAL_DEFAULT_SURPLUS_COLLATERAL,5.0,1,2,2,0.6108407343567581,1000.0,1.0,0.0,1590.212152745497,13756.613367327447,6561.990216956066,False,0.8,,150.0,0.05
sweep_00311,53,DAILY_0001,5,1000.0,0.5,0.2,False,True,BEHAVIORAL_DEFAULT_SURPLUS_COLLATERAL,5.0,1,2,2,0.6108407343567581,1000.0,1.0,0.0,1670.4127021014488,12961.478326267516,6124.698012580922,False,0.8,,150.0,0.05
sweep_00312,54,DAILY_0001,5,1000.0,0.5,0.2,False,True,BEHAVIORAL_DEFAULT_INSUFFICIENT_COLLATERAL,5.0,1,2,2,0.6108407343567581,930.7106913239862,0.9307106913239862,69.28930867601377,0.0,12569.941496225256,6615.508316734714,False,0.8,,150.0,0.05
sweep_00313,55,DAILY_0001,5,1000.0,0.5,0.2,False,True,BEHAVIORAL_DEFAULT_SURPLUS_COLLATERAL,5.0,1,2,2,0.6108407343567581,1000.0,1.0,0.0,627.5479897483203,13020.111295967612,6238.973353744843,False,0.8,,150.0,0.05
sweep_00314,56,DAILY_0001,5,1000.0,0.5,0.2,False,True,BEHAVIORAL_DEFAULT_SURPLUS_COLLATERAL,5.0,1,2,2,0.6108407343567581,1000.0,1.0,0.0,577.2872999531307,12704.486967871519,5905.51499238246,False,0.8,,150.0,0.05
sweep_00315,57,DAILY_0001,5,1000.0,0.5,0.2,True,False,,,0,2,2,0.6108407343567581,0.0,1.0,0.0,0.0,16629.925622068513,6035.957003478712,False,1.0,,150.0,0.05
sweep_00316,58,DAILY_0001,5,1000.0,0.5,0.2,True,False,,,0,2,2,0.6108407343567581,0.0,1.0,0.0,0.0,17118.252725129587,6323.992160214469,False,1.0,,150.0,0.05
sweep_00317,59,DAILY_0001,5,1000.0,0.5,0.2,False,True,BEHAVIORAL_DEFAULT_INSUFFICIENT_COLLATERAL,4.0,1,2,2,0.6108407343567581,1005.3488333018635,0.5026744166509317,994.6511666981365,0.0,9396.14470761244,5757.116299499063,False,0.8,,150.0,0.05
sweep_00318,60,DAILY_0001,5,1000.0,0.5,0.2,True,False,,,0,2,2,0.6108407343567581,0.0,1.0,0.0,0.0,16890.892442598783,6189.249148211025,False,1.0,,150.0,0.05
sweep_00319,61,DAILY_0001,5,1000.0,0.5,0.2,True,False,,,0,2,2,0.6108407343567581,0.0,1.0,0.0,0.0,17049.548692196306,6543.688477354338,False,1.0,,150.0,0.05
sweep_00320,62,DAILY_0001,5,1000.0,0.5,0.2,True,False,,,0,2,2,0.6108407343567581,0.0,1.0,0.0,0.0,16688.163188009137,6082.778842852724,False,1.0,,150.0,0.05
sweep_00321,63,DAILY_0001,5,1000.0,0.5,0.2,False,True,BEHAVIORAL_DEFAULT_SURPLUS_COLLATERAL,5.0,1,2,2,0.6108407343567581,1000.0,1.0,0.0,599.7676571390157,12560.781626539678,6546.199282235463,False,0.8,,150.0,0.05
sweep_00322,64,DAILY_0001,5,1000.0,0.5,0.2,False,True,BEHAVIORAL_DEFAULT_INSUFFICIENT_COLLATERAL,3.0,1,0,0,0.2295668026988248,2682.412756333983,0.894137585444661,317.587243666017,0.0,6151.058035452796,5056.298454395575,False,0.8,,150.0,0.05
sweep_00323,65,DAILY_0001,5,1000.0,0.5,0.2,False,True,BEHAVIORAL_DEFAULT_INSUFFICIENT_COLLATERAL,2.0,1,0,0,0.0802993013430624,2415.071063584465,0.6037677658961162,1584.9289364155352,0.0,3099.9623073224475,2453.1680614659313,False,0.8,,150.0,0.05
sweep_00324,66,DAILY_0001,5,1000.0,0.5,0.2,True,False,,,0,2,2,0.6108407343567581,0.0,1.0,0.0,0.0,17056.111050431617,6104.076897012113,False,1.0,,150.0,0.05
sweep_00325,67,DAILY_0001,5,1000.0,0.5,0.2,True,False,,,0,2,2,0.6108407343567581,0.0,1.0,0.0,0.0,17358.7323024141,6852.015407918507,False,1.0,,150.0,0.05
sweep_00326,68,DAILY_0001,5,1000.0,0.5,0.2,False,True,BEHAVIORAL_DEFAULT_INSUFFICIENT_COLLATERAL,4.0,1,2,2,0.6108407343567581,1037.640205103313,0.5188201025516566,962.3597948966869,0.0,9384.172146377827,5691.675433195357,False,0.8,,150.0,0.05
sweep_00327,69,DAILY_0001,5,1000.0,0.5,0.2,False,True,BEHAVIORAL_DEFAULT_INSUFFICIENT_COLLATERAL,3.0,1,0,0,0.2295668026988248,1644.2005023351874,0.5480668341117291,1355.7994976648126,0.0,6254.764509256824,5159.647451845476,False,0.8,,150.0,0.05
sweep_00328,70,DAILY_0001,5,1000.0,0.5,0.2,True,False,,,0,2,2,0.6108407343567581,0.0,1.0,0.0,0.0,18008.300555488746,6521.592771608348,False,1.0,,150.0,0.05
sweep_00329,71,DAILY_0001,5,1000.0,0.5,0.2,True,False,,,0,2,2,0.6108407343567581,0.0,1.0,0.0,0.0,17077.07193201092,6110.696827298087,False,1.0,,150.0,0.05
sweep_00330,72,DAILY_0001,5,1000.0,0.5,0.2,False,True,BEHAVIORAL_DEFAULT_INSUFFICIENT_COLLATERAL,5.0,1,2,2,0.6108407343567581,772.4015287710279,0.7724015287710279,227.59847122897213,0.0,12739.57666014175,6282.438525476939,False,0.8,,150.0,0.05
sweep_00331,73,DAILY_0001,5,1000.0,0.5,0.2,True,False,,,0,2,2,0.6108407343567581,0.0,1.0,0.0,0.0,16909.5959464029,6691.494955491814,False,1.0,,150.0,0.05
sweep_00332,74,DAILY_0001,5,1000.0,0.5,0.2,False,True,BEHAVIORAL_DEFAULT_INSUFFICIENT_COLLATERAL,3.0,1,0,0,0.2295668026988248,2718.7866742934384,0.9062622247644795,281.2133257065616,0.0,6142.21535254676,5083.314901224499,False,0.8,,150.0,0.05
sweep_00333,75,DAILY_0001,5,1000.0,0.5,0.2,True,False,,,0,2,2,0.6108407343567581,0.0,1.0,0.0,0.0,16697.360309291158,6146.26011933722,False,1.0,,150.0,0.05
sweep_00334,76,DAILY_0001,5,1000.0,0.5,0.2,True,False,,,0,2,2,0.6108407343567581,0.0,1.0,0.0,0.0,16671.801168191498,6686.438897069432,False,1.0,,150.0,0.05
sweep_00335,77,DAILY_0001,5,1000.0,0.5,0.2,True,False,,,0,2,2,0.6108407343567581,0.0,1.0,0.0,0.0,16763.124564751575,6517.4215011799,False,1.0,,150.0,0.05
sweep_00336,78,DAILY_0001,5,1000.0,0.5,0.2,True,False,,,0,2,2,0.6108407343567581,0.0,1.0,0.0,0.0,16719.51222653161,6600.773492939776,False,1.0,,150.0,0.05
sweep_00337,79,DAILY_0001,5,1000.0,0.5,0.2,True,False,,,0,2,2,0.6108407343567581,0.0,1.0,0.0,0.0,16476.77247232043,6380.810430026606,False,1.0,,150.0,0.05
sweep_00338,80,DAILY_0001,5,1000.0,0.5,0.2,True,False,,,0,2,2,0.6108407343567581,0.0,1.0,0.0,0.0,16187.427798734678,6262.500819693729,False,1.0,,150.0,0.05
sweep_00339,81,DAILY_0001,5,1000.0,0.5,0.2,True,False,,,0,2,2,0.6108407343567581,0.0,1.0,0.0,0.0,17261.26216002694,6854.646195941163,False,1.0,,150.0,0.05
sweep_00340,82,DAILY_0001,5,1000.0,0.5,0.2,True,False,,,0,2,2,0.6108407343567581,0.0,1.0,0.0,0.0,17428.23657344996,6465.687387787182,False,1.0,,150.0,0.05
sweep_00341,83,DAILY_0001,5,1000.0,0.5,0.2,False,True,BEHAVIORAL_DEFAULT_INSUFFICIENT_COLLATERAL,5.0,1,2,2,0.6108407343567581,530.0024600738717,0.5300024600738718,469.9975399261283,0.0,13023.010849409744,6042.258532437842,False,0.8,,150.0,0.05
sweep_00342,84,DAILY_0001,5,1000.0,0.5,0.2,False,True,BEHAVIORAL_DEFAULT_INSUFFICIENT_COLLATERAL,3.0,1,0,0,0.2295668026988248,1660.2522595008875,0.5534174198336291,1339.7477404991125,0.0,6504.624246924773,5408.346025928879,False,0.8,,150.0,0.05
sweep_00343,85,DAILY_0001,5,1000.0,0.5,0.2,False,True,BEHAVIORAL_DEFAULT_INSUFFICIENT_COLLATERAL,4.0,1,2,2,0.6108407343567581,1068.7614786094964,0.5343807393047482,931.2385213905036,0.0,9644.511591981416,5715.784475135575,False,0.8,,150.0,0.05
sweep_00344,86,DAILY_0001,5,1000.0,0.5,0.2,True,False,,,0,2,2,0.6108407343567581,0.0,1.0,0.0,0.0,17346.9008892341,6305.825241479082,False,1.0,,150.0,0.05
sweep_00345,87,DAILY_0001,5,1000.0,0.5,0.2,True,False,,,0,2,2,0.6108407343567581,0.0,1.0,0.0,0.0,16887.21410701461,6256.862167353517,False,1.0,,150.0,0.05
sweep_00346,88,DAILY_0001,5,1000.0,0.5,0.2,False,True,BEHAVIORAL_DEFAULT_INSUFFICIENT_COLLATERAL,3.0,1,0,0,0.2295668026988248,2679.6288598834326,0.8932096199611442,320.3711401165674,0.0,6598.059130640779,5312.019764309989,False,0.8,,150.0,0.05
sweep_00347,89,DAILY_0001,5,1000.0,0.5,0.2,True,False,,,0,2,2,0.6108407343567581,0.0,1.0,0.0,0.0,16483.760527058344,6526.080959020255,False,1.0,,150.0,0.05
sweep_00348,90,DAILY_0001,5,1000.0,0.5,0.2,False,True,BEHAVIORAL_DEFAULT_SURPLUS_COLLATERAL,4.0,1,2,2,0.6108407343567581,2000.0,1.0,0.0,23.72432502933316,9428.143344053857,5733.653258128694,False,0.8,,150.0,0.05
sweep_00349,91,DAILY_0001,5,1000.0,0.5,0.2,True,False,,,0,2,2,0.6108407343567581,0.0,1.0,0.0,0.0,16432.64453049189,6574.760539801266,False,1.0,,150.0,0.05
sweep_00350,92,DAILY_0001,5,1000.0,0.5,0.2,True,False,,,0,2,2,0.6108407343567581,0.0,1.0,0.0,0.0,16541.46983637411,6041.885697696037,False,1.0,,150.0,0.05
sweep_00351,93,DAILY_0001,5,1000.0,0.5,0.2,False,True,BEHAVIORAL_DEFAULT_INSUFFICIENT_COLLATERAL,3.0,1,0,0,0.2295668026988248,1689.2031623163332,0.5630677207721111,1310.7968376836668,0.0,7022.911645595454,5936.233176377922,False,0.8,,150.0,0.05
sweep_00352,94,DAILY_0001,5,1000.0,0.5,0.2,True,False,,,0,2,2,0.6108407343567581,0.0,1.0,0.0,0.0,16816.49136159871,5999.655568199286,False,1.0,,150.0,0.05
sweep_00353,95,DAILY_0001,5,1000.0,0.5,0.2,True,False,,,0,2,2,0.6108407343567581,0.0,1.0,0.0,0.0,17545.744689882886,6743.876958351815,False,1.0,,150.0,0.05
sweep_00354,96,DAILY_0001,5,1000.0,0.5,0.2,True,False,,,0,2,2,0.6108407343567581,0.0,1.0,0.0,0.0,17272.505142960632,6048.607615011752,False,1.0,,150.0,0.05
sweep_00355,97,DAILY_0001,5,1000.0,0.5,0.2,True,False,,,0,2,2,0.6108407343567581,0.0,1.0,0.0,0.0,17205.00493267573,6117.226999273204,False,1.0,,150.0,0.05
sweep_00356,98,DAILY_0001,5,1000.0,0.5,0.2,True,False,,,0,2,2,0.6108407343567581,0.0,1.0,0.0,0.0,17117.740576801672,6205.797464965912,False,1.0,,150.0,0.05
sweep_00357,99,DAILY_0001,5,1000.0,0.5,0.2,False,True,BEHAVIORAL_DEFAULT_SURPLUS_COLLATERAL,4.0,1,2,2,0.6108407343567581,2000.0,1.0,0.0,22.657068740878685,9546.407766635395,5737.77683418539,False,0.8,,150.0,0.05
sweep_00358,100,DAILY_0001,5,1000.0,0.5,0.2,True,False,,,0,2,2,0.6108407343567581,0.0,1.0,0.0,0.0,17296.288473944063,6307.556580980034,False,1.0,,150.0,0.05
sweep_00359,101,DAILY_0001,5,1000.0,0.5,0.2,False,True,BEHAVIORAL_DEFAULT_SURPLUS_COLLATERAL,5.0,1,2,2,0.6108407343567581,1000.0,1.0,0.0,189.14552027797004,13094.897102232273,6195.161045173007,False,0.8,,150.0,0.05
sweep_00360,102,DAILY_0001,5,1000.0,0.5,0.2,False,True,BEHAVIORAL_DEFAULT_SURPLUS_COLLATERAL,5.0,1,2,2,0.6108407343567581,1000.0,1.0,0.0,1811.7326008623108,13315.718463742422,6910.909640316799,False,0.8,,150.0,0.05
sweep_00361,103,DAILY_0001,5,1000.0,0.5,0.2,False,True,BEHAVIORAL_DEFAULT_INSUFFICIENT_COLLATERAL,4.0,1,2,2,0.6108407343567581,1337.7175772990856,0.6688587886495428,662.2824227009144,0.0,9410.055771571677,5696.940078384983,False,0.8,,150.0,0.05
sweep_00362,104,DAILY_0001,5,1000.0,0.5,0.2,True,False,,,0,2,2,0.6108407343567581,0.0,1.0,0.0,0.0,16965.565545296653,6146.18420034411,False,1.0,,150.0,0.05
sweep_00363,105,DAILY_0001,5,1000.0,0.5,0.2,False,True,BEHAVIORAL_DEFAULT_SURPLUS_COLLATERAL,4.0,1,2,2,0.6108407343567581,2000.0,1.0,0.0,26.286365574733736,10112.068977480729,5917.6602569031165,False,0.8,,150.0,0.05
sweep_00364,106,DAILY_0001,5,1000.0,0.5,0.2,False,True,BEHAVIORAL_DEFAULT_INSUFFICIENT_COLLATERAL,5.0,1,2,2,0.6108407343567581,624.7510906475593,0.6247510906475593,375.2489093524407,0.0,13317.118454353504,6212.803195308508,False,0.8,,150.0,0.05
sweep_00365,107,DAILY_0001,5,1000.0,0.5,0.2,False,True,BEHAVIORAL_DEFAULT_INSUFFICIENT_COLLATERAL,4.0,1,2,2,0.6108407343567581,1346.6681425184788,0.6733340712592394,653.3318574815212,0.0,9504.711727327722,5617.518895247351,False,0.8,,150.0,0.05
sweep_00366,108,DAILY_0001,5,1000.0,0.5,0.2,False,True,BEHAVIORAL_DEFAULT_SURPLUS_COLLATERAL,4.0,1,2,2,0.6108407343567581,2000.0,1.0,0.0,24.461251187562084,9229.632260373746,5690.234900433315,False,0.8,,150.0,0.05
sweep_00367,109,DAILY_0001,5,1000.0,0.5,0.2,True,False,,,0,2,2,0.6108407343567581,0.0,1.0,0.0,0.0,17097.560018571552,6121.482809963004,False,1.0,,150.0,0.05
sweep_00368,110,DAILY_0001,5,1000.0,0.5,0.2,True,False,,,0,2,2,0.6108407343567581,0.0,1.0,0.0,0.0,17252.145983174083,6574.121923648899,False,1.0,,150.0,0.05
sweep_00369,111,DAILY_0001,5,1000.0,0.5,0.2,False,True,BEHAVIORAL_DEFAULT_SURPLUS_COLLATERAL,5.0,1,2,2,0.6108407343567581,1000.0,1.0,0.0,80.10074536157595,13005.811951455453,6472.586917863251,False,0.8,,150.0,0.05
sweep_00370,112,DAILY_0001,5,1000.0,0.5,0.2,True,False,,,0,2,2,0.6108407343567581,0.0,1.0,0.0,0.0,16909.07625773677,6030.589134426367,False,1.0,,150.0,0.05
sweep_00371,113,DAILY_0001,5,1000.0,0.5,0.2,False,True,BEHAVIORAL_DEFAULT_INSUFFICIENT_COLLATERAL,3.0,1,0,0,0.2295668026988248,1716.5145816594088,0.5721715272198029,1283.4854183405912,0.0,6623.312533026473,5392.077057610681,False,0.8,,150.0,0.05
sweep_00372,114,DAILY_0001,5,1000.0,0.5,0.2,False,True,BEHAVIORAL_DEFAULT_INSUFFICIENT_COLLATERAL,3.0,1,0,0,0.2295668026988248,1629.7427600272558,0.5432475866757519,1370.2572399727442,0.0,6121.454939968626,5043.2437012531755,False,0.8,,150.0,0.05
sweep_00373,115,DAILY_0001,5,1000.0,0.5,0.2,True,False,,,0,2,2,0.6108407343567581,0.0,1.0,0.0,0.0,16756.555719327873,6131.069203918143,False,1.0,,150.0,0.05
sweep_00374,116,DAILY_0001,5,1000.0,0.5,0.2,False,True,BEHAVIORAL_DEFAULT_INSUFFICIENT_COLLATERAL,3.0,1,0,0,0.2295668026988248,2850.9188373981824,0.9503062791327275,149.0811626018176,0.0,6397.070943819939,5347.208221702943,False,0.8,,150.0,0.05
sweep_00375,117,DAILY_0001,5,1000.0,0.5,0.2,False,True,BEHAVIORAL_DEFAULT_INSUFFICIENT_COLLATERAL,2.0,1,0,0,0.0802993013430624,2448.8371697617326,0.6122092924404332,1551.1628302382674,0.0,3189.4444401873525,2490.0333653188736,False,0.8,,150.0,0.05
sweep_00376,118,DAILY_0001,5,1000.0,0.5,0.2,True,False,,,0,2,2,0.6108407343567581,0.0,1.0,0.0,0.0,16908.748437966286,6692.156987084919,False,1.0,,150.0,0.05
sweep_00377,119,DAILY_0001,5,1000.0,0.5,0.2,True,False,,,0,2,2,0.6108407343567581,0.0,1.0,0.0,0.0,16730.031620694273,6395.991150508246,False,1.0,,150.0,0.05
sweep_00378,120,DAILY_0001,5,1000.0,0.5,0.2,True,False,,,0,2,2,0.6108407343567581,0.0,1.0,0.0,0.0,17299.20314416707,6432.126066813084,False,1.0,,150.0,0.05
sweep_00379,121,DAILY_0001,5,1000.0,0.5,0.2,False,True,BEHAVIORAL_DEFAULT_SURPLUS_COLLATERAL,4.0,1,2,2,0.6108407343567581,2000.0,1.0,0.0,22.66149959122663,9287.607451281923,5623.755166036791,False,0.8,,150.0,0.05
sweep_00380,122,DAILY_0001,5,1000.0,0.5,0.2,True,False,,,0,2,2,0.6108407343567581,0.0,1.0,0.0,0.0,16786.425779314144,6490.6994568585405,False,1.0,,150.0,0.05
sweep_00381,123,DAILY_0001,5,1000.0,0.5,0.2,False,True,BEHAVIORAL_DEFAULT_SURPLUS_COLLATERAL,4.0,1,2,2,0.6108407343567581,2000.0,1.0,0.0,24.49866747082524,10213.097259473365,5943.348282865278,False,0.8,,150.0,0.05
sweep_00382,124,DAILY_0001,5,1000.0,0.5,0.2,True,False,,,0,2,2,0.6108407343567581,0.0,1.0,0.0,0.0,17378.096470344266,6871.852991964805,False,1.0,,150.0,0.05
sweep_00383,125,DAILY_0001,5,1000.0,0.5,0.2,True,False,,,0,2,2,0.6108407343567581,0.0,1.0,0.0,0.0,17222.14785778652,6218.817683675719,False,1.0,,150.0,0.05
sweep_00384,126,DAILY_0001,5,1000.0,0.5,0.2,False,True,BEHAVIORAL_DEFAULT_INSUFFICIENT_COLLATERAL,3.0,1,0,0,0.2295668026988248,2925.972505613676,0.975324168537892,74.02749438632418,0.0,6608.331218475114,5535.512474648671,False,0.8,,150.0,0.05
sweep_00385,127,DAILY_0001,5,1000.0,0.5,0.2,True,False,,,0,2,2,0.6108407343567581,0.0,1.0,0.0,0.0,17068.994068195138,6123.376778463291,False,1.0,,150.0,0.05
sweep_00386,128,DAILY_0001,5,1000.0,0.5,0.2,True,False,,,0,2,2,0.6108407343567581,0.0,1.0,0.0,0.0,17380.160876094935,6158.319430515809,False,1.0,,150.0,0.05
sweep_00387,129,DAILY_0001,5,1000.0,0.5,0.2,True,False,,,0,2,2,0.6108407343567581,0.0,1.0,0.0,0.0,16680.988802965425,6325.889145511402,False,1.0,,150.0,0.05
sweep_00388,130,DAILY_0001,5,1000.0,0.5,0.2,False,True,BEHAVIORAL_DEFAULT_SURPLUS_COLLATERAL,5.0,1,2,2,0.6108407343567581,1000.0,1.0,0.0,624.3860495962067,12730.738840773127,6610.740051504207,False,0.8,,150.0,0.05
sweep_00389,131,DAILY_0001,5,1000.0,0.5,0.2,False,True,BEHAVIORAL_DEFAULT_SURPLUS_COLLATERAL,4.0,1,2,2,0.6108407343567581,2000.0,1.0,0.0,23.56837931907512,9894.940183776958,5783.196488745878,False,0.8,,150.0,0.05
sweep_00390,132,DAILY_0001,5,1000.0,0.5,0.2,False,True,BEHAVIORAL_DEFAULT_INSUFFICIENT_COLLATERAL,4.0,1,2,2,0.6108407343567581,1039.893089172923,0.5199465445864615,960.106910827077,0.0,9452.061028387478,5651.337132133789,False,0.8,,150.0,0.05
sweep_00391,133,DAILY_0001,5,1000.0,0.5,0.2,False,True,BEHAVIORAL_DEFAULT_INSUFFICIENT_COLLATERAL,2.0,1,0,0,0.0802993013430624,2396.1405750911463,0.5990351437727865,1603.8594249088537,0.0,3049.7954187370806,2432.500051754446,False,0.8,,150.0,0.05
sweep_00392,134,DAILY_0001,5,1000.0,0.5,0.2,False,True,BEHAVIORAL_DEFAULT_INSUFFICIENT_COLLATERAL,3.0,1,0,0,0.2295668026988248,1705.5593078686602,0.5685197692895534,1294.4406921313398,0.0,6618.547990000483,5416.762839074495,False,0.8,,150.0,0.05
sweep_00393,135,DAILY_0001,5,1000.0,0.5,0.2,True,False,,,0,2,2,0.6108407343567581,0.0,1.0,0.0,0.0,17308.180105341366,6229.181346897783,False,1.0,,150.0,0.05
sweep_00394,136,DAILY_0001,5,1000.0,0.5,0.2,False,True,BEHAVIORAL_DEFAULT_SURPLUS_COLLATERAL,5.0,1,2,2,0.6108407343567581,1000.0,1.0,0.0,149.74486189498066,12439.168673732074,6215.771541938363,False,0.8,,150.0,0.05
sweep_00395,137,DAILY_0001,5,1000.0,0.5,0.2,False,True,BEHAVIORAL_DEFAULT_INSUFFICIENT_COLLATERAL,4.0,1,2,2,0.6108407343567581,1248.1088985617255,0.6240544492808627,751.8911014382745,0.0,9538.559186760156,5740.370619770864,False,0.8,,150.0,0.05
sweep_00396,138,DAILY_0001,5,1000.0,0.5,0.2,False,True,BEHAVIORAL_DEFAULT_INSUFFICIENT_COLLATERAL,5.0,1,2,2,0.6108407343567581,880.457023719268,0.880457023719268,119.54297628073198,0.0,12533.99100881035,6420.095284820241,False,0.8,,150.0,0.05
sweep_00397,139,DAILY_0001,5,1000.0,0.5,0.2,False,True,BEHAVIORAL_DEFAULT_INSUFFICIENT_COLLATERAL,2.0,1,0,0,0.0802993013430624,2419.290859180501,0.6048227147951252,1580.7091408194992,0.0,3111.145009532911,2457.7751679539724,False,0.8,,150.0,0.05
sweep_00398,140,DAILY_0001,5,1000.0,0.5,0.2,False,True,BEHAVIORAL_DEFAULT_INSUFFICIENT_COLLATERAL,2.0,1,0,0,0.0802993013430624,2438.2834220240425,0.6095708555060106,1561.7165779759575,0.0,3161.476398733924,2478.5109494650974,False,0.8,,150.0,0.05
sweep_00399,141,DAILY_0001,5,1000.0,0.5,0.2,True,False,,,0,2,2,0.6108407343567581,0.0,1.0,0.0,0.0,17185.12705013151,6135.947961117486,False,1.0,,150.0,0.05
sweep_00400,142,DAILY_0001,5,1000.0,0.5,0.2,False,True,BEHAVIORAL_DEFAULT_INSUFFICIENT_COLLATERAL,2.0,1,0,0,0.0802993013430624,2440.1096034063794,0.6100274008515949,1559.8903965936206,0.0,3166.3158849403544,2480.504745587072,False,0.8,,150.0,0.05
sweep_00401,143,DAILY_0001,5,1000.0,0.5,0.2,True,False,,,0,2,2,0.6108407343567581,0.0,1.0,0.0,0.0,16445.290904199723,6517.582060232722,False,1.0,,150.0,0.05
sweep_00402,144,DAILY_0001,5,1000.0,0.5,0.2,True,False,,,0,2,2,0.6108407343567581,0.0,1.0,0.0,0.0,17343.411988435073,6343.062817725613,False,1.0,,150.0,0.05
sweep_00403,145,DAILY_0001,5,1000.0,0.5,0.2,True,False,,,0,2,2,0.6108407343567581,0.0,1.0,0.0,0.0,17193.72751399906,6455.335906011061,False,1.0,,150.0,0.05
sweep_00404,146,DAILY_0001,5,1000.0,0.5,0.2,True,False,,,0,2,2,0.6108407343567581,0.0,1.0,0.0,0.0,16193.924104929843,6249.712327789512,False,1.0,,150.0,0.05
sweep_00405,147,DAILY_0001,5,1000.0,0.5,0.2,False,True,BEHAVIORAL_DEFAULT_INSUFFICIENT_COLLATERAL,4.0,1,2,2,0.6108407343567581,1100.0538387620393,0.5500269193810197,899.9461612379607,0.0,9889.107754331599,5789.197356459639,False,0.8,,150.0,0.05
sweep_00406,148,DAILY_0001,5,1000.0,0.5,0.2,True,False,,,0,2,2,0.6108407343567581,0.0,1.0,0.0,0.0,17096.666287603017,6530.7360578028,False,1.0,,150.0,0.05
sweep_00407,149,DAILY_0001,5,1000.0,0.5,0.2,False,True,BEHAVIORAL_DEFAULT_INSUFFICIENT_COLLATERAL,4.0,1,2,2,0.6108407343567581,1004.2576100598374,0.5021288050299186,995.7423899401626,0.0,9814.02173860668,5917.232973074487,False,0.8,,150.0,0.05
sweep_00408,150,DAILY_0001,5,1000.0,0.5,0.2,True,False,,,0,2,2,0.6108407343567581,0.0,1.0,0.0,0.0,16546.279710931314,6544.755882301448,False,1.0,,150.0,0.05
sweep_00409,151,DAILY_0001,5,1000.0,0.5,0.2,False,True,BEHAVIORAL_DEFAULT_SURPLUS_COLLATERAL,5.0,1,2,2,0.6108407343567581,1000.0,1.0,0.0,345.3493919230623,13335.570209326292,6319.825861687272,False,0.8,,150.0,0.05
sweep_00410,152,DAILY_0001,5,1000.0,0.5,0.2,True,False,,,0,2,2,0.6108407343567581,0.0,1.0,0.0,0.0,17093.36930493184,6202.4165354371435,False,1.0,,150.0,0.05
sweep_00411,153,DAILY_0001,5,1000.0,0.5,0.2,True,False,,,0,2,2,0.6108407343567581,0.0,1.0,0.0,0.0,16508.84948067981,6208.908930428559,False,1.0,,150.0,0.05
sweep_00412,154,DAILY_0001,5,1000.0,0.5,0.2,True,False,,,0,2,2,0.6108407343567581,0.0,1.0,0.0,0.0,16928.440090342658,6338.614019538247,False,1.0,,150.0,0.05
sweep_00413,155,DAILY_0001,5,1000.0,0.5,0.2,False,True,BEHAVIORAL_DEFAULT_INSUFFICIENT_COLLATERAL,3.0,1,0,0,0.2295668026988248,2801.98306825496,0.9339943560849867,198.01693174503998,0.0,6224.123226178908,5204.098788777608,False,0.8,,150.0,0.05
sweep_00414,156,DAILY_0001,5,1000.0,0.5,0.2,True,False,,,0,2,2,0.6108407343567581,0.0,1.0,0.0,0.0,16822.870383115638,6124.004141008794,False,1.0,,150.0,0.05
sweep_00415,157,DAILY_0001,5,1000.0,0.5,0.2,False,True,BEHAVIORAL_DEFAULT_INSUFFICIENT_COLLATERAL,3.0,1,0,0,0.2295668026988248,1635.606107225276,0.5452020357417586,1364.393892774724,0.0,6313.283449869156,5252.033278795079,False,0.8,,150.0,0.05
sweep_00416,158,DAILY_0001,5,1000.0,0.5,0.2,True,False,,,0,2,2,0.6108407343567581,0.0,1.0,0.0,0.0,17327.297792749472,6392.198244685322,False,1.0,,150.0,0.05
sweep_00417,159,DAILY_0001,5,1000.0,0.5,0.2,True,False,,,0,2,2,0.6108407343567581,0.0,1.0,0.0,0.0,17547.075472215663,6400.533164447602,False,1.0,,150.0,0.05
sweep_00418,160,DAILY_0001,5,1000.0,0.5,0.2,False,True,BEHAVIORAL_DEFAULT_SURPLUS_COLLATERAL,5.0,1,2,2,0.6108407343567581,1000.0,1.0,0.0,1693.207562440963,13559.294233579409,6804.838522255295,False,0.8,,150.0,0.05
sweep_00419,161,DAILY_0001,5,1000.0,0.5,0.2,True,False,,,0,2,2,0.6108407343567581,0.0,1.0,0.0,0.0,16722.38973114001,6477.006638888591,False,1.0,,150.0,0.05
sweep_00420,162,DAILY_0001,5,1000.0,0.5,0.2,False,True,BEHAVIORAL_DEFAULT_INSUFFICIENT_COLLATERAL,3.0,1,0,0,0.2295668026988248,2679.757095417743,0.8932523651392477,320.24290458225687,0.0,6099.333759251945,5024.078066261646,False,0.8,,150.0,0.05
sweep_00421,163,DAILY_0001,5,1000.0,0.5,0.2,True,False,,,0,2,2,0.6108407343567581,0.0,1.0,0.0,0.0,17276.966005569957,6492.292183243727,False,1.0,,150.0,0.05
sweep_00422,164,DAILY_0001,5,1000.0,0.5,0.2,True,False,,,0,3,3,0.6108407343567581,0.0,1.0,0.0,0.0,17233.351687522765,6173.891470883778,False,1.0,,150.0,0.05
sweep_00423,165,DAILY_0001,5,1000.0,0.5,0.2,True,False,,,0,2,2,0.6108407343567581,0.0,1.0,0.0,0.0,16913.7215097475,5947.7619643717835,False,1.0,,150.0,0.05
sweep_00424,166,DAILY_0001,5,1000.0,0.5,0.2,False,True,BEHAVIORAL_DEFAULT_SURPLUS_COLLATERAL,5.0,1,2,2,0.6108407343567581,1000.0,1.0,0.0,504.3713101698381,13275.843211445086,6474.852811409931,False,0.8,,150.0,0.05
sweep_00425,167,DAILY_0001,5,1000.0,0.5,0.2,True,False,,,0,2,2,0.6108407343567581,0.0,1.0,0.0,0.0,16859.790773916782,6042.103835879324,False,1.0,,150.0,0.05
sweep_00426,168,DAILY_0001,5,1000.0,0.5,0.2,False,True,BEHAVIORAL_DEFAULT_SURPLUS_COLLATERAL,5.0,1,2,2,0.6108407343567581,1000.0,1.0,0.0,1649.9087527217994,12306.50352346156,6378.502067934567,False,0.8,,150.0,0.05
sweep_00427,169,DAILY_0001,5,1000.0,0.5,0.2,False,True,BEHAVIORAL_DEFAULT_SURPLUS_COLLATERAL,5.0,1,2,2,0.6108407343567581,1000.0,1.0,0.0,622.168008732225,13383.861734067441,6250.886929206258,False,0.8,,150.0,0.05
sweep_00428,170,DAILY_0001,5,1000.0,0.5,0.2,True,False,,,0,2,2,0.6108407343567581,0.0,1.0,0.0,0.0,17232.159337492943,6092.306089446511,False,1.0,,150.0,0.05
sweep_00429,171,DAILY_0001,5,1000.0,0.5,0.2,True,False,,,0,2,2,0.6108407343567581,0.0,1.0,0.0,0.0,16487.879755940605,5919.383621687863,False,1.0,,150.0,0.05
sweep_00430,172,DAILY_0001,5,1000.0,0.5,0.2,False,True,BEHAVIORAL_DEFAULT_INSUFFICIENT_COLLATERAL,5.0,1,2,2,0.6108407343567581,531.9086412245408,0.5319086412245408,468.0913587754592,0.0,12754.088913575759,5886.287610753481,False,0.8,,150.0,0.05
sweep_00431,173,DAILY_0001,5,1000.0,0.5,0.2,True,False,,,0,2,2,0.6108407343567581,0.0,1.0,0.0,0.0,16811.936915077735,6424.937364607343,False,1.0,,150.0,0.05
sweep_00432,174,DAILY_0001,5,1000.0,0.5,0.2,True,False,,,0,2,2,0.6108407343567581,0.0,1.0,0.0,0.0,16928.24289810534,6443.512891192666,False,1.0,,150.0,0.05
sweep_00433,175,DAILY_0001,5,1000.0,0.5,0.2,True,False,,,0,2,2,0.6108407343567581,0.0,1.0,0.0,0.0,16822.84112582361,6003.015342668066,False,1.0,,150.0,0.05
sweep_00434,176,DAILY_0001,5,1000.0,0.5,0.2,True,False,,,0,2,2,0.6108407343567581,0.0,1.0,0.0,0.0,16402.90381242599,6098.963415207808,False,1.0,,150.0,0.05
sweep_00435,177,DAILY_0001,5,1000.0,0.5,0.2,False,True,BEHAVIORAL_DEFAULT_INSUFFICIENT_COLLATERAL,2.0,1,0,0,0.0802993013430624,2437.798340736869,0.6094495851842172,1562.2016592631312,0.0,3160.1909052878864,2477.981345342219,False,0.8,,150.0,0.05
sweep_00436,178,DAILY_0001,5,1000.0,0.5,0.2,True,False,,,0,2,2,0.6108407343567581,0.0,1.0,0.0,0.0,16613.95277706074,5852.322427432919,False,1.0,,150.0,0.05
sweep_00437,179,DAILY_0001,5,1000.0,0.5,0.2,True,False,,,0,2,2,0.6108407343567581,0.0,1.0,0.0,0.0,16825.94357748756,6027.730646971306,False,1.0,,150.0,0.05
sweep_00438,180,DAILY_0001,5,1000.0,0.5,0.2,True,False,,,0,2,2,0.6108407343567581,0.0,1.0,0.0,0.0,17332.698660576734,6598.010521684206,False,1.0,,150.0,0.05
sweep_00439,181,DAILY_0001,5,1000.0,0.5,0.2,False,True,BEHAVIORAL_DEFAULT_INSUFFICIENT_COLLATERAL,4.0,1,2,2,0.6108407343567581,1357.8031848989117,0.6789015924494558,642.1968151010883,0.0,9381.7156603568,5781.533206768918,False,0.8,,150.0,0.05
sweep_00440,182,DAILY_0001,5,1000.0,0.5,0.2,False,True,BEHAVIORAL_DEFAULT_INSUFFICIENT_COLLATERAL,4.0,1,2,2,0.6108407343567581,1308.554375969253,0.6542771879846265,691.445624030747,0.0,9613.459796300805,5713.421878750604,False,0.8,,150.0,0.05
sweep_00441,183,DAILY_0001,5,1000.0,0.5,0.2,False,True,BEHAVIORAL_DEFAULT_SURPLUS_COLLATERAL,5.0,1,2,2,0.6108407343567581,1000.0,1.0,0.0,17.186406325397343,12517.895991903359,5999.885363013163,False,0.8,,150.0,0.05
sweep_00442,184,DAILY_0001,5,1000.0,0.5,0.2,True,False,,,0,2,2,0.6108407343567581,0.0,1.0,0.0,0.0,17226.715015370733,6539.154651363053,False,1.0,,150.0,0.05
sweep_00443,185,DAILY_0001,5,1000.0,0.5,0.2,False,True,BEHAVIORAL_DEFAULT_INSUFFICIENT_COLLATERAL,4.0,1,2,2,0.6108407343567581,1023.9821232790351,0.5119910616395176,976.0178767209649,0.0,9321.804157226868,5662.406365215746,False,0.8,,150.0,0.05
sweep_00444,186,DAILY_0001,5,1000.0,0.5,0.2,False,True,BEHAVIORAL_DEFAULT_INSUFFICIENT_COLLATERAL,3.0,1,0,0,0.2295668026988248,1721.8798677480809,0.573959955916027,1278.1201322519191,0.0,6559.983069571281,5302.972436316255,False,0.8,,150.0,0.05
sweep_00445,187,DAILY_0001,5,1000.0,0.5,0.2,False,True,BEHAVIORAL_DEFAULT_INSUFFICIENT_COLLATERAL,4.0,1,2,2,0.6108407343567581,1228.5353878622514,0.6142676939311257,771.4646121377486,0.0,9703.856181907031,5755.635461703239,False,0.8,,150.0,0.05
sweep_00446,188,DAILY_0001,5,1000.0,0.5,0.2,False,True,BEHAVIORAL_DEFAULT_SURPLUS_COLLATERAL,5.0,1,2,2,0.6108407343567581,1000.0,1.0,0.0,619.0922606640383,13167.848974053273,6110.764856703736,False,0.8,,150.0,0.05
sweep_00447,189,DAILY_0001,5,1000.0,0.5,0.2,True,False,,,0,2,2,0.6108407343567581,0.0,1.0,0.0,0.0,17458.454152212147,6785.466035255805,False,1.0,,150.0,0.05
sweep_00448,190,DAILY_0001,5,1000.0,0.5,0.2,False,True,BEHAVIORAL_DEFAULT_SURPLUS_COLLATERAL,4.0,1,2,2,0.6108407343567581,2000.0,1.0,0.0,21.561179546078165,9384.639416814975,5603.880055649013,False,0.8,,150.0,0.05
sweep_00449,191,DAILY_0001,5,1000.0,0.5,0.2,True,False,,,0,2,2,0.6108407343567581,0.0,1.0,0.0,0.0,16741.237276910877,6338.177994087407,False,1.0,,150.0,0.05
sweep_00450,42,DAILY_0001,5,1000.0,0.6,0.2,True,False,,,0,2,2,0.6108407343567581,0.0,1.0,0.0,0.0,17143.15024973444,7964.624418749202,False,1.0,,50.0,0.05
sweep_00451,43,DAILY_0001,5,1000.0,0.6,0.2,True,False,,,0,2,2,0.6108407343567581,0.0,1.0,0.0,0.0,16683.664856290503,7788.166686895998,False,1.0,,50.0,0.05
sweep_00452,44,DAILY_0001,5,1000.0,0.6,0.2,True,False,,,0,2,2,0.6108407343567581,0.0,1.0,0.0,0.0,16963.961355801184,8109.663759266531,False,1.0,,50.0,0.05
sweep_00453,45,DAILY_0001,5,1000.0,0.6,0.2,False,True,BEHAVIORAL_DEFAULT_SURPLUS_COLLATERAL,5.0,1,2,2,0.6108407343567581,1000.0,1.0,0.0,2372.6267342660212,12896.079661440042,7732.064300605057,False,0.8,,50.0,0.05
sweep_00454,46,DAILY_0001,5,1000.0,0.6,0.2,True,False,,,0,2,2,0.6108407343567581,0.0,1.0,0.0,0.0,16307.234970412434,7696.912578363313,False,1.0,,50.0,0.05
sweep_00455,47,DAILY_0001,5,1000.0,0.6,0.2,True,False,,,0,2,2,0.6108407343567581,0.0,1.0,0.0,0.0,17175.220923270765,7779.183949571473,False,1.0,,50.0,0.05
sweep_00456,48,DAILY_0001,5,1000.0,0.6,0.2,False,True,BEHAVIORAL_DEFAULT_INSUFFICIENT_COLLATERAL,3.0,1,0,0,0.2295668026988248,2047.8822975061346,0.6826274325020448,952.1177024938654,0.0,6384.596399760172,6546.427039532076,False,0.8,,50.0,0.05
sweep_00457,49,DAILY_0001,5,1000.0,0.6,0.2,True,False,,,0,2,2,0.6108407343567581,0.0,1.0,0.0,0.0,17411.6649980281,7966.029150713833,False,1.0,,50.0,0.05
sweep_00458,50,DAILY_0001,5,1000.0,0.6,0.2,True,False,,,0,2,2,0.6108407343567581,0.0,1.0,0.0,0.0,16470.071539501125,7322.693662805796,False,1.0,,50.0,0.05
sweep_00459,51,DAILY_0001,5,1000.0,0.6,0.2,True,False,,,0,2,2,0.6108407343567581,0.0,1.0,0.0,0.0,16553.917458671152,7619.059347576318,False,1.0,,50.0,0.05
sweep_00460,52,DAILY_0001,5,1000.0,0.6,0.2,False,True,BEHAVIORAL_DEFAULT_SURPLUS_COLLATERAL,5.0,1,2,2,0.6108407343567581,1000.0,1.0,0.0,2225.0710927658415,13756.613367327447,8130.03016565142,False,0.8,,50.0,0.05
sweep_00461,53,DAILY_0001,5,1000.0,0.6,0.2,False,True,BEHAVIORAL_DEFAULT_SURPLUS_COLLATERAL,5.0,1,2,2,0.6108407343567581,1000.0,1.0,0.0,2305.271642121794,12961.478326267516,7692.737961276277,False,0.8,,50.0,0.05
sweep_00462,54,DAILY_0001,5,1000.0,0.6,0.2,False,True,BEHAVIORAL_DEFAULT_INSUFFICIENT_COLLATERAL,5.0,1,2,2,0.6108407343567581,930.7106913239862,0.9307106913239862,69.28930867601377,0.0,12569.941496225256,8021.139074445249,False,0.8,,50.0,0.05
sweep_00463,55,DAILY_0001,5,1000.0,0.6,0.2,False,True,BEHAVIORAL_DEFAULT_SURPLUS_COLLATERAL,5.0,1,2,2,0.6108407343567581,1000.0,1.0,0.0,973.2437931703139,13020.111295967612,7644.604111455377,False,0.8,,50.0,0.05
sweep_00464,56,DAILY_0001,5,1000.0,0.6,0.2,False,True,BEHAVIORAL_DEFAULT_SURPLUS_COLLATERAL,5.0,1,2,2,0.6108407343567581,1000.0,1.0,0.0,922.9831033751243,12704.486967871519,7473.554941077814,False,0.8,,50.0,0.05
sweep_00465,57,DAILY_0001,5,1000.0,0.6,0.2,True,False,,,0,2,2,0.6108407343567581,0.0,1.0,0.0,0.0,16629.925622068513,7441.5877611892465,False,1.0,,50.0,0.05
sweep_00466,58,DAILY_0001,5,1000.0,0.6,0.2,True,False,,,0,2,2,0.6108407343567581,0.0,1.0,0.0,0.0,17118.252725129587,7805.092536780612,False,1.0,,50.0,0.05
sweep_00467,59,DAILY_0001,5,1000.0,0.6,0.2,False,True,BEHAVIORAL_DEFAULT_INSUFFICIENT_COLLATERAL,4.0,1,2,2,0.6108407343567581,1239.841274531365,0.6199206372656825,760.1587254686351,0.0,9396.14470761244,7129.772638404318,False,0.8,,50.0,0.05
sweep_00468,60,DAILY_0001,5,1000.0,0.6,0.2,True,False,,,0,2,2,0.6108407343567581,0.0,1.0,0.0,0.0,16890.892442598783,7594.87990592156,False,1.0,,50.0,0.05
sweep_00469,61,DAILY_0001,5,1000.0,0.6,0.2,True,False,,,0,2,2,0.6108407343567581,0.0,1.0,0.0,0.0,17049.548692196306,7949.319235064872,False,1.0,,50.0,0.05
sweep_00470,62,DAILY_0001,5,1000.0,0.6,0.2,True,False,,,0,2,2,0.6108407343567581,0.0,1.0,0.0,0.0,16688.163188009137,7504.483907348097,False,1.0,,50.0,0.05
sweep_00471,63,DAILY_0001,5,1000.0,0.6,0.2,False,True,BEHAVIORAL_DEFAULT_SURPLUS_COLLATERAL,5.0,1,2,2,0.6108407343567581,1000.0,1.0,0.0,945.4634605610095,12560.781626539678,7951.830039945999,False,0.8,,50.0,0.05
sweep_00472,64,DAILY_0001,5,1000.0,0.6,0.2,False,True,BEHAVIORAL_DEFAULT_SURPLUS_COLLATERAL,3.0,1,0,0,0.2295668026988248,3000.0,1.0,0.0,352.03735853830767,6151.058035452796,6398.726506279382,False,0.8,,50.0,0.05
sweep_00473,65,DAILY_0001,5,1000.0,0.6,0.2,False,True,BEHAVIORAL_DEFAULT_INSUFFICIENT_COLLATERAL,2.0,1,0,0,0.0802993013430624,2966.0111679212537,0.7415027919803134,1033.9888320787463,0.0,3099.9623073224475,3017.96209429749,False,0.8,,50.0,0.05
sweep_00474,66,DAILY_0001,5,1000.0,0.6,0.2,True,False,,,0,2,2,0.6108407343567581,0.0,1.0,0.0,0.0,17056.111050431617,7664.134483608004,False,1.0,,50.0,0.05
sweep_00475,67,DAILY_0001,5,1000.0,0.6,0.2,True,False,,,0,2,2,0.6108407343567581,0.0,1.0,0.0,0.0,17358.7323024141,8257.646165629041,False,1.0,,50.0,0.05
sweep_00476,68,DAILY_0001,5,1000.0,0.6,0.2,False,True,BEHAVIORAL_DEFAULT_INSUFFICIENT_COLLATERAL,4.0,1,2,2,0.6108407343567581,1272.1326463328146,0.6360663231664073,727.8673536671854,0.0,9384.172146377827,7064.331772100612,False,0.8,,50.0,0.05
sweep_00477,69,DAILY_0001,5,1000.0,0.6,0.2,False,True,BEHAVIORAL_DEFAULT_INSUFFICIENT_COLLATERAL,3.0,1,0,0,0.2295668026988248,2008.827036290492,0.6696090120968307,991.1729637095079,0.0,6254.764509256824,6502.075503729283,False,0.8,,50.0,0.05
sweep_00478,70,DAILY_0001,5,1000.0,0.6,0.2,True,False,,,0,2,2,0.6108407343567581,0.0,1.0,0.0,0.0,18008.300555488746,8089.632720303702,False,1.0,,50.0,0.05
sweep_00479,71,DAILY_0001,5,1000.0,0.6,0.2,True,False,,,0,2,2,0.6108407343567581,0.0,1.0,0.0,0.0,17077.07193201092,7678.7367759934405,False,1.0,,50.0,0.05
sweep_00480,72,DAILY_0001,5,1000.0,0.6,0.2,False,True,BEHAVIORAL_DEFAULT_INSUFFICIENT_COLLATERAL,5.0,1,2,2,0.6108407343567581,772.4015287710279,0.7724015287710279,227.59847122897213,0.0,12739.57666014175,7688.069283187473,False,0.8,,50.0,0.05
sweep_00481,73,DAILY_0001,5,1000.0,0.6,0.2,True,False,,,0,2,2,0.6108407343567581,0.0,1.0,0.0,0.0,16909.5959464029,8097.1257132023475,False,1.0,,50.0,0.05
sweep_00482,74,DAILY_0001,5,1000.0,0.6,0.2,False,True,BEHAVIORAL_DEFAULT_SURPLUS_COLLATERAL,3.0,1,0,0,0.2295668026988248,3000.0,1.0,0.0,388.4112764977631,6142.21535254676,6425.742953108307,False,0.8,,50.0,0.05
sweep_00483,75,DAILY_0001,5,1000.0,0.6,0.2,True,False,,,0,2,2,0.6108407343567581,0.0,1.0,0.0,0.0,16697.360309291158,7551.890877047755,False,1.0,,50.0,0.05
sweep_00484,76,DAILY_0001,5,1000.0,0.6,0.2,True,False,,,0,2,2,0.6108407343567581,0.0,1.0,0.0,0.0,16671.801168191498,8092.069654779966,False,1.0,,50.0,0.05
sweep_00485,77,DAILY_0001,5,1000.0,0.6,0.2,True,False,,,0,2,2,0.6108407343567581,0.0,1.0,0.0,0.0,16763.124564751575,7923.052258890435,False,1.0,,50.0,0.05
sweep_00486,78,DAILY_0001,5,1000.0,0.6,0.2,True,False,,,0,2,2,0.6108407343567581,0.0,1.0,0.0,0.0,16719.51222653161,8006.404250650309,False,1.0,,50.0,0.05
sweep_00487,79,DAILY_0001,5,1000.0,0.6,0.2,True,False,,,0,2,2,0.6108407343567581,0.0,1.0,0.0,0.0,16476.77247232043,7786.44118773714,False,1.0,,50.0,0.05
sweep_00488,80,DAILY_0001,5,1000.0,0.6,0.2,True,False,,,0,2,2,0.6108407343567581,0.0,1.0,0.0,0.0,16187.427798734678,7668.131577404263,False,1.0,,50.0,0.05
sweep_00489,81,DAILY_0001,5,1000.0,0.6,0.2,True,False,,,0,2,2,0.6108407343567581,0.0,1.0,0.0,0.0,17261.26216002694,8260.276953651697,False,1.0,,50.0,0.05
sweep_00490,82,DAILY_0001,5,1000.0,0.6,0.2,True,False,,,0,2,2,0.6108407343567581,0.0,1.0,0.0,0.0,17428.23657344996,8033.727336482536,False,1.0,,50.0,0.05
sweep_00491,83,DAILY_0001,5,1000.0,0.6,0.2,False,True,BEHAVIORAL_DEFAULT_INSUFFICIENT_COLLATERAL,5.0,1,2,2,0.6108407343567581,685.4006993806689,0.6854006993806689,314.5993006193311,0.0,13023.010849409744,7610.298481133196,False,0.8,,50.0,0.05
sweep_00492,84,DAILY_0001,5,1000.0,0.6,0.2,False,True,BEHAVIORAL_DEFAULT_INSUFFICIENT_COLLATERAL,3.0,1,0,0,0.2295668026988248,2024.8787934561922,0.6749595978187307,975.1212065438078,0.0,6504.624246924773,6750.7740778126845,False,0.8,,50.0,0.05
sweep_00493,85,DAILY_0001,5,1000.0,0.6,0.2,False,True,BEHAVIORAL_DEFAULT_INSUFFICIENT_COLLATERAL,4.0,1,2,2,0.6108407343567581,1303.2539198389977,0.6516269599194988,696.7460801610023,0.0,9644.511591981416,7088.44081404083,False,0.8,,50.0,0.05
sweep_00494,86,DAILY_0001,5,1000.0,0.6,0.2,True,False,,,0,2,2,0.6108407343567581,0.0,1.0,0.0,0.0,17346.9008892341,7873.865190174437,False,1.0,,50.0,0.05
sweep_00495,87,DAILY_0001,5,1000.0,0.6,0.2,True,False,,,0,2,2,0.6108407343567581,0.0,1.0,0.0,0.0,16887.21410701461,7662.492925064052,False,1.0,,50.0,0.05
sweep_00496,88,DAILY_0001,5,1000.0,0.6,0.2,False,True,BEHAVIORAL_DEFAULT_SURPLUS_COLLATERAL,3.0,1,0,0,0.2295668026988248,3000.0,1.0,0.0,349.2534620877577,6598.059130640779,6654.447816193795,False,0.8,,50.0,0.05
sweep_00497,89,DAILY_0001,5,1000.0,0.6,0.2,True,False,,,0,2,2,0.6108407343567581,0.0,1.0,0.0,0.0,16483.760527058344,7931.711716730789,False,1.0,,50.0,0.05
sweep_00498,90,DAILY_0001,5,1000.0,0.6,0.2,False,True,BEHAVIORAL_DEFAULT_SURPLUS_COLLATERAL,4.0,1,2,2,0.6108407343567581,2000.0,1.0,0.0,432.26109021556204,9428.143344053857,7106.309597033949,False,0.8,,50.0,0.05
sweep_00499,91,DAILY_0001,5,1000.0,0.6,0.2,True,False,,,0,2,2,0.6108407343567581,0.0,1.0,0.0,0.0,16432.64453049189,7980.391297511801,False,1.0,,50.0,0.05
sweep_00500,92,DAILY_0001,5,1000.0,0.6,0.2,True,False,,,0,2,2,0.6108407343567581,0.0,1.0,0.0,0.0,16541.46983637411,7447.516455406571,False,1.0,,50.0,0.05
sweep_00501,93,DAILY_0001,5,1000.0,0.6,0.2,False,True,BEHAVIORAL_DEFAULT_INSUFFICIENT_COLLATERAL,3.0,1,0,0,0.2295668026988248,2053.8296962716377,0.6846098987572126,946.1703037283623,0.0,7022.911645595454,7278.661228261729,False,0.8,,50.0,0.05
sweep_00502,94,DAILY_0001,5,1000.0,0.6,0.2,True,False,,,0,2,2,0.6108407343567581,0.0,1.0,0.0,0.0,16816.49136159871,7567.695516894639,False,1.0,,50.0,0.05
sweep_00503,95,DAILY_0001,5,1000.0,0.6,0.2,True,False,,,0,2,2,0.6108407343567581,0.0,1.0,0.0,0.0,17545.744689882886,8149.50771606235,False,1.0,,50.0,0.05
sweep_00504,96,DAILY_0001,5,1000.0,0.6,0.2,True,False,,,0,2,2,0.6108407343567581,0.0,1.0,0.0,0.0,17272.505142960632,7616.647563707106,False,1.0,,50.0,0.05
sweep_00505,97,DAILY_0001,5,1000.0,0.6,0.2,True,False,,,0,2,2,0.6108407343567581,0.0,1.0,0.0,0.0,17205.00493267573,7685.266947968557,False,1.0,,50.0,0.05
sweep_00506,98,DAILY_0001,5,1000.0,0.6,0.2,True,False,,,0,2,2,0.6108407343567581,0.0,1.0,0.0,0.0,17117.740576801672,7773.837413661266,False,1.0,,50.0,0.05
sweep_00507,99,DAILY_0001,5,1000.0,0.6,0.2,False,True,BEHAVIORAL_DEFAULT_SURPLUS_COLLATERAL,4.0,1,2,2,0.6108407343567581,2000.0,1.0,0.0,431.1938339271078,9546.407766635395,7110.433173090645,False,0.8,,50.0,0.05
sweep_00508,100,DAILY_0001,5,1000.0,0.6,0.2,True,False,,,0,2,2,0.6108407343567581,0.0,1.0,0.0,0.0,17296.288473944063,7875.5965296753875,False,1.0,,50.0,0.05
sweep_00509,101,DAILY_0001,5,1000.0,0.6,0.2,False,True,BEHAVIORAL_DEFAULT_SURPLUS_COLLATERAL,5.0,1,2,2,0.6108407343567581,1000.0,1.0,0.0,553.5426452561417,13094.897102232273,7763.2009938683605,False,0.8,,50.0,0.05
sweep_00510,102,DAILY_0001,5,1000.0,0.6,0.2,False,True,BEHAVIORAL_DEFAULT_SURPLUS_COLLATERAL,5.0,1,2,2,0.6108407343567581,1000.0,1.0,0.0,2446.591540882656,13315.718463742422,8316.540398027333,False,0.8,,50.0,0.05
sweep_00511,103,DAILY_0001,5,1000.0,0.6,0.2,False,True,BEHAVIORAL_DEFAULT_INSUFFICIENT_COLLATERAL,4.0,1,2,2,0.6108407343567581,1560.1755697217018,0.7800877848608508,439.8244302782982,0.0,9410.055771571677,7069.596417290239,False,0.8,,50.0,0.05
sweep_00512,104,DAILY_0001,5,1000.0,0.6,0.2,True,False,,,0,2,2,0.6108407343567581,0.0,1.0,0.0,0.0,16965.565545296653,7551.814958054643,False,1.0,,50.0,0.05
sweep_00513,105,DAILY_0001,5,1000.0,0.6,0.2,False,True,BEHAVIORAL_DEFAULT_SURPLUS_COLLATERAL,4.0,1,2,2,0.6108407343567581,2000.0,1.0,0.0,434.8231307609626,10112.068977480729,7290.316595808372,False,0.8,,50.0,0.05
sweep_00514,106,DAILY_0001,5,1000.0,0.6,0.2,False,True,BEHAVIORAL_DEFAULT_INSUFFICIENT_COLLATERAL,5.0,1,2,2,0.6108407343567581,780.1493299543565,0.7801493299543565,219.85067004564348,0.0,13317.118454353504,7780.843144003862,False,0.8,,50.0,0.05
sweep_00515,107,DAILY_0001,5,1000.0,0.6,0.2,False,True,BEHAVIORAL_DEFAULT_INSUFFICIENT_COLLATERAL,4.0,1,2,2,0.6108407343567581,1569.1261349410947,0.7845630674705474,430.87386505890527,0.0,9504.711727327722,6990.175234152606,False,0.8,,50.0,0.05
sweep_00516,108,DAILY_0001,5,1000.0,0.6,0.2,False,True,BEHAVIORAL_DEFAULT_SURPLUS_COLLATERAL,4.0,1,2,2,0.6108407343567581,2000.0,1.0,0.0,432.99801637379096,9229.632260373746,7062.89123933857,False,0.8,,50.0,0.05
sweep_00517,109,DAILY_0001,5,1000.0,0.6,0.2,True,False,,,0,2,2,0.6108407343567581,0.0,1.0,0.0,0.0,17097.560018571552,7689.522758658357,False,1.0,,50.0,0.05
sweep_00518,110,DAILY_0001,5,1000.0,0.6,0.2,True,False,,,0,2,2,0.6108407343567581,0.0,1.0,0.0,0.0,17252.145983174083,7979.752681359433,False,1.0,,50.0,0.05
sweep_00519,111,DAILY_0001,5,1000.0,0.6,0.2,False,True,BEHAVIORAL_DEFAULT_SURPLUS_COLLATERAL,5.0,1,2,2,0.6108407343567581,1000.0,1.0,0.0,444.4978703397476,13005.811951455453,7878.2176755737855,False,0.8,,50.0,0.05
sweep_00520,112,DAILY_0001,5,1000.0,0.6,0.2,True,False,,,0,2,2,0.6108407343567581,0.0,1.0,0.0,0.0,16909.07625773677,7598.629083121721,False,1.0,,50.0,0.05
sweep_00521,113,DAILY_0001,5,1000.0,0.6,0.2,False,True,BEHAVIORAL_DEFAULT_INSUFFICIENT_COLLATERAL,3.0,1,0,0,0.2295668026988248,2081.1411156147133,0.6937137052049044,918.8588843852867,0.0,6623.312533026473,6734.505109494487,False,0.8,,50.0,0.05
sweep_00522,114,DAILY_0001,5,1000.0,0.6,0.2,False,True,BEHAVIORAL_DEFAULT_INSUFFICIENT_COLLATERAL,3.0,1,0,0,0.2295668026988248,1994.3692939825605,0.6647897646608535,1005.6307060174395,0.0,6121.454939968626,6385.671753136983,False,0.8,,50.0,0.05
sweep_00523,115,DAILY_0001,5,1000.0,0.6,0.2,True,False,,,0,2,2,0.6108407343567581,0.0,1.0,0.0,0.0,16756.555719327873,7536.699961628678,False,1.0,,50.0,0.05
sweep_00524,116,DAILY_0001,5,1000.0,0.6,0.2,False,True,BEHAVIORAL_DEFAULT_SURPLUS_COLLATERAL,3.0,1,0,0,0.2295668026988248,3000.0,1.0,0.0,520.5434396025075,6397.070943819939,6689.63627358675,False,0.8,,50.0,0.05
sweep_00525,117,DAILY_0001,5,1000.0,0.6,0.2,False,True,BEHAVIORAL_DEFAULT_INSUFFICIENT_COLLATERAL,2.0,1,0,0,0.0802993013430624,2999.777274098522,0.7499443185246305,1000.222725901478,0.0,3189.4444401873525,3054.827398150432,False,0.8,,50.0,0.05
sweep_00526,118,DAILY_0001,5,1000.0,0.6,0.2,True,False,,,0,2,2,0.6108407343567581,0.0,1.0,0.0,0.0,16908.748437966286,8097.787744795453,False,1.0,,50.0,0.05
sweep_00527,119,DAILY_0001,5,1000.0,0.6,0.2,True,False,,,0,2,2,0.6108407343567581,0.0,1.0,0.0,0.0,16730.031620694273,7801.62190821878,False,1.0,,50.0,0.05
sweep_00528,120,DAILY_0001,5,1000.0,0.6,0.2,True,False,,,0,2,2,0.6108407343567581,0.0,1.0,0.0,0.0,17299.20314416707,7996.525990159628,False,1.0,,50.0,0.05
sweep_00529,121,DAILY_0001,5,1000.0,0.6,0.2,False,True,BEHAVIORAL_DEFAULT_SURPLUS_COLLATERAL,4.0,1,2,2,0.6108407343567581,2000.0,1.0,0.0,431.19826477745573,9287.607451281923,6996.411504942047,False,0.8,,50.0,0.05
sweep_00530,122,DAILY_0001,5,1000.0,0.6,0.2,True,False,,,0,2,2,0.6108407343567581,0.0,1.0,0.0,0.0,16786.425779314144,7896.330214569075,False,1.0,,50.0,0.05
sweep_00531,123,DAILY_0001,5,1000.0,0.6,0.2,False,True,BEHAVIORAL_DEFAULT_SURPLUS_COLLATERAL,4.0,1,2,2,0.6108407343567581,2000.0,1.0,0.0,433.03543265705457,10213.097259473365,7316.004621770533,False,0.8,,50.0,0.05
sweep_00532,124,DAILY_0001,5,1000.0,0.6,0.2,True,False,,,0,2,2,0.6108407343567581,0.0,1.0,0.0,0.0,17378.096470344266,8277.48374967534,False,1.0,,50.0,0.05
sweep_00533,125,DAILY_0001,5,1000.0,0.6,0.2,True,False,,,0,2,2,0.6108407343567581,0.0,1.0,0.0,0.0,17222.14785778652,7786.857632371073,False,1.0,,50.0,0.05
sweep_00534,126,DAILY_0001,5,1000.0,0.6,0.2,False,True,BEHAVIORAL_DEFAULT_SURPLUS_COLLATERAL,3.0,1,0,0,0.2295668026988248,3000.0,1.0,0.0,595.597107818,6608.331218475114,6877.940526532478,False,0.8,,50.0,0.05
sweep_00535,127,DAILY_0001,5,1000.0,0.6,0.2,True,False,,,0,2,2,0.6108407343567581,0.0,1.0,0.0,0.0,17068.994068195138,7691.416727158646,False,1.0,,50.0,0.05
sweep_00536,128,DAILY_0001,5,1000.0,0.6,0.2,True,False,,,0,2,2,0.6108407343567581,0.0,1.0,0.0,0.0,17380.160876094935,7726.359379211162,False,1.0,,50.0,0.05
sweep_00537,129,DAILY_0001,5,1000.0,0.6,0.2,True,False,,,0,2,2,0.6108407343567581,0.0,1.0,0.0,0.0,16680.988802965425,7731.519903221935,False,1.0,,50.0,0.05
sweep_00538,130,DAILY_0001,5,1000.0,0.6,0.2,False,True,BEHAVIORAL_DEFAULT_SURPLUS_COLLATERAL,5.0,1,2,2,0.6108407343567581,1000.0,1.0,0.0,970.0818530182003,12730.738840773127,8016.370809214742,False,0.8,,50.0,0.05
sweep_00539,131,DAILY_0001,5,1000.0,0.6,0.2,False,True,BEHAVIORAL_DEFAULT_SURPLUS_COLLATERAL,4.0,1,2,2,0.6108407343567581,2000.0,1.0,0.0,432.10514450530445,9894.940183776958,7155.852827651134,False,0.8,,50.0,0.05
sweep_00540,132,DAILY_0001,5,1000.0,0.6,0.2,False,True,BEHAVIORAL_DEFAULT_INSUFFICIENT_COLLATERAL,4.0,1,2,2,0.6108407343567581,1274.3855304024246,0.6371927652012123,725.6144695975754,0.0,9452.061028387478,7023.993471039044,False,0.8,,50.0,0.05
sweep_00541,133,DAILY_0001,5,1000.0,0.6,0.2,False,True,BEHAVIORAL_DEFAULT_INSUFFICIENT_COLLATERAL,2.0,1,0,0,0.0802993013430624,2947.0806794279356,0.7367701698569838,1052.9193205720644,0.0,3049.7954187370806,2997.2940845860044,False,0.8,,50.0,0.05
sweep_00542,134,DAILY_0001,5,1000.0,0.6,0.2,False,True,BEHAVIORAL_DEFAULT_INSUFFICIENT_COLLATERAL,3.0,1,0,0,0.2295668026988248,2070.1858418239644,0.6900619472746549,929.8141581760356,0.0,6618.547990000483,6759.190890958302,False,0.8,,50.0,0.05
sweep_00543,135,DAILY_0001,5,1000.0,0.6,0.2,True,False,,,0,2,2,0.6108407343567581,0.0,1.0,0.0,0.0,17308.180105341366,7797.221295593138,False,1.0,,50.0,0.05
sweep_00544,136,DAILY_0001,5,1000.0,0.6,0.2,False,True,BEHAVIORAL_DEFAULT_SURPLUS_COLLATERAL,5.0,1,2,2,0.6108407343567581,1000.0,1.0,0.0,514.1419868731523,12439.168673732074,7621.4022996488975,False,0.8,,50.0,0.05
sweep_00545,137,DAILY_0001,5,1000.0,0.6,0.2,False,True,BEHAVIORAL_DEFAULT_INSUFFICIENT_COLLATERAL,4.0,1,2,2,0.6108407343567581,1470.5668909843414,0.7352834454921707,529.4331090156586,0.0,9538.559186760156,7113.02695867612,False,0.8,,50.0,0.05
sweep_00546,138,DAILY_0001,5,1000.0,0.6,0.2,False,True,BEHAVIORAL_DEFAULT_INSUFFICIENT_COLLATERAL,5.0,1,2,2,0.6108407343567581,880.457023719268,0.880457023719268,119.54297628073198,0.0,12533.99100881035,7825.726042530777,False,0.8,,50.0,0.05
sweep_00547,139,DAILY_0001,5,1000.0,0.6,0.2,False,True,BEHAVIORAL_DEFAULT_INSUFFICIENT_COLLATERAL,2.0,1,0,0,0.0802993013430624,2970.2309635172905,0.7425577408793227,1029.7690364827095,0.0,3111.145009532911,3022.5692007855314,False,0.8,,50.0,0.05
sweep_00548,140,DAILY_0001,5,1000.0,0.6,0.2,False,True,BEHAVIORAL_DEFAULT_INSUFFICIENT_COLLATERAL,2.0,1,0,0,0.0802993013430624,2989.223526360832,0.7473058815902079,1010.7764736391682,0.0,3161.476398733924,3043.304982296656,False,0.8,,50.0,0.05
sweep_00549,141,DAILY_0001,5,1000.0,0.6,0.2,True,False,,,0,2,2,0.6108407343567581,0.0,1.0,0.0,0.0,17185.12705013151,7703.9879098128395,False,1.0,,50.0,0.05
sweep_00550,142,DAILY_0001,5,1000.0,0.6,0.2,False,True,BEHAVIORAL_DEFAULT_INSUFFICIENT_COLLATERAL,2.0,1,0,0,0.0802993013430624,2991.049707743169,0.7477624269357923,1008.9502922568308,0.0,3166.3158849403544,3045.298778418631,False,0.8,,50.0,0.05
sweep_00551,143,DAILY_0001,5,1000.0,0.6,0.2,True,False,,,0,2,2,0.6108407343567581,0.0,1.0,0.0,0.0,16445.290904199723,7923.212817943257,False,1.0,,50.0,0.05
sweep_00552,144,DAILY_0001,5,1000.0,0.6,0.2,True,False,,,0,2,2,0.6108407343567581,0.0,1.0,0.0,0.0,17343.411988435073,7911.102766420967,False,1.0,,50.0,0.05
sweep_00553,145,DAILY_0001,5,1000.0,0.6,0.2,True,False,,,0,2,2,0.6108407343567581,0.0,1.0,0.0,0.0,17193.72751399906,7860.966663721595,False,1.0,,50.0,0.05
sweep_00554,146,DAILY_0001,5,1000.0,0.6,0.2,True,False,,,0,2,2,0.6108407343567581,0.0,1.0,0.0,0.0,16193.924104929843,7655.343085500046,False,1.0,,50.0,0.05
sweep_00555,147,DAILY_0001,5,1000.0,0.6,0.2,False,True,BEHAVIORAL_DEFAULT_INSUFFICIENT_COLLATERAL,4.0,1,2,2,0.6108407343567581,1334.5462799915408,0.6672731399957704,665.4537200084592,0.0,9889.107754331599,7161.8536953648945,False,0.8,,50.0,0.05
sweep_00556,148,DAILY_0001,5,1000.0,0.6,0.2,True,False,,,0,2,2,0.6108407343567581,0.0,1.0,0.0,0.0,17096.666287603017,7936.366815513335,False,1.0,,50.0,0.05
sweep_00557,149,DAILY_0001,5,1000.0,0.6,0.2,False,True,BEHAVIORAL_DEFAULT_INSUFFICIENT_COLLATERAL,4.0,1,2,2,0.6108407343567581,1238.750051289339,0.6193750256446694,761.2499487106611,0.0,9814.02173860668,7289.889311979742,False,0.8,,50.0,0.05
sweep_00558,150,DAILY_0001,5,1000.0,0.6,0.2,True,False,,,0,2,2,0.6108407343567581,0.0,1.0,0.0,0.0,16546.279710931314,7950.386640011982,False,1.0,,50.0,0.05
sweep_00559,151,DAILY_0001,5,1000.0,0.6,0.2,False,True,BEHAVIORAL_DEFAULT_SURPLUS_COLLATERAL,5.0,1,2,2,0.6108407343567581,1000.0,1.0,0.0,709.7465169012339,13335.570209326292,7887.8658103826265,False,0.8,,50.0,0.05
sweep_00560,152,DAILY_0001,5,1000.0,0.6,0.2,True,False,,,0,2,2,0.6108407343567581,0.0,1.0,0.0,0.0,17093.36930493184,7770.456484132497,False,1.0,,50.0,0.05
sweep_00561,153,DAILY_0001,5,1000.0,0.6,0.2,True,False,,,0,2,2,0.6108407343567581,0.0,1.0,0.0,0.0,16508.84948067981,7614.539688139093,False,1.0,,50.0,0.05
sweep_00562,154,DAILY_0001,5,1000.0,0.6,0.2,True,False,,,0,2,2,0.6108407343567581,0.0,1.0,0.0,0.0,16928.440090342658,7744.244777248781,False,1.0,,50.0,0.05
sweep_00563,155,DAILY_0001,5,1000.0,0.6,0.2,False,True,BEHAVIORAL_DEFAULT_SURPLUS_COLLATERAL,3.0,1,0,0,0.2295668026988248,3000.0,1.0,0.0,471.6076704592847,6224.123226178908,6546.526840661416,False,0.8,,50.0,0.05
sweep_00564,156,DAILY_0001,5,1000.0,0.6,0.2,True,False,,,0,2,2,0.6108407343567581,0.0,1.0,0.0,0.0,16822.870383115638,7571.397237725473,False,1.0,,50.0,0.05
sweep_00565,157,DAILY_0001,5,1000.0,0.6,0.2,False,True,BEHAVIORAL_DEFAULT_INSUFFICIENT_COLLATERAL,3.0,1,0,0,0.2295668026988248,2000.2326411805807,0.6667442137268602,999.7673588194193,0.0,6313.283449869156,6594.461330678887,False,0.8,,50.0,0.05
sweep_00566,158,DAILY_0001,5,1000.0,0.6,0.2,True,False,,,0,2,2,0.6108407343567581,0.0,1.0,0.0,0.0,17327.297792749472,7797.829002395857,False,1.0,,50.0,0.05
sweep_00567,159,DAILY_0001,5,1000.0,0.6,0.2,True,False,,,0,2,2,0.6108407343567581,0.0,1.0,0.0,0.0,17547.075472215663,7968.573113142957,False,1.0,,50.0,0.05
sweep_00568,160,DAILY_0001,5,1000.0,0.6,0.2,False,True,BEHAVIORAL_DEFAULT_SURPLUS_COLLATERAL,5.0,1,2,2,0.6108407343567581,1000.0,1.0,0.0,2328.0665024613077,13559.294233579409,8210.46927996583,False,0.8,,50.0,0.05
sweep_00569,161,DAILY_0001,5,1000.0,0.6,0.2,True,False,,,0,2,2,0.6108407343567581,0.0,1.0,0.0,0.0,16722.38973114001,7882.637396599125,False,1.0,,50.0,0.05
sweep_00570,162,DAILY_0001,5,1000.0,0.6,0.2,False,True,BEHAVIORAL_DEFAULT_SURPLUS_COLLATERAL,3.0,1,0,0,0.2295668026988248,3000.0,1.0,0.0,349.3816976220678,6099.333759251945,6366.506118145453,False,0.8,,50.0,0.05
sweep_00571,163,DAILY_0001,5,1000.0,0.6,0.2,True,False,,,0,2,2,0.6108407343567581,0.0,1.0,0.0,0.0,17276.966005569957,7897.922940954262,False,1.0,,50.0,0.05
sweep_00572,164,DAILY_0001,5,1000.0,0.6,0.2,True,False,,,0,2,2,0.6108407343567581,0.0,1.0,0.0,0.0,17233.351687522765,7741.931419579132,False,1.0,,50.0,0.05
sweep_00573,165,DAILY_0001,5,1000.0,0.6,0.2,True,False,,,0,2,2,0.6108407343567581,0.0,1.0,0.0,0.0,16913.7215097475,7515.801913067136,False,1.0,,50.0,0.05
sweep_00574,166,DAILY_0001,5,1000.0,0.6,0.2,False,True,BEHAVIORAL_DEFAULT_SURPLUS_COLLATERAL,5.0,1,2,2,0.6108407343567581,1000.0,1.0,0.0,868.7684351480098,13275.843211445086,7908.57767823319,False,0.8,,50.0,0.05
sweep_00575,167,DAILY_0001,5,1000.0,0.6,0.2,True,False,,,0,2,2,0.6108407343567581,0.0,1.0,0.0,0.0,16859.790773916782,7575.668109026748,False,1.0,,50.0,0.05
sweep_00576,168,DAILY_0001,5,1000.0,0.6,0.2,False,True,BEHAVIORAL_DEFAULT_SURPLUS_COLLATERAL,5.0,1,2,2,0.6108407343567581,1000.0,1.0,0.0,2284.767692742144,12306.50352346156,7784.132825645102,False,0.8,,50.0,0.05
sweep_00577,169,DAILY_0001,5,1000.0,0.6,0.2,False,True,BEHAVIORAL_DEFAULT_SURPLUS_COLLATERAL,5.0,1,2,2,0.6108407343567581,1000.0,1.0,0.0,967.8638121542185,13383.861734067441,7818.926877901614,False,0.8,,50.0,0.05
sweep_00578,170,DAILY_0001,5,1000.0,0.6,0.2,True,False,,,0,2,2,0.6108407343567581,0.0,1.0,0.0,0.0,17232.159337492943,7660.3460381418645,False,1.0,,50.0,0.05
sweep_00579,171,DAILY_0001,5,1000.0,0.6,0.2,True,False,,,0,2,2,0.6108407343567581,0.0,1.0,0.0,0.0,16487.879755940605,7325.014379398397,False,1.0,,50.0,0.05
sweep_00580,172,DAILY_0001,5,1000.0,0.6,0.2,False,True,BEHAVIORAL_DEFAULT_INSUFFICIENT_COLLATERAL,5.0,1,2,2,0.6108407343567581,687.306880531338,0.687306880531338,312.69311946866196,0.0,12754.088913575759,7454.327559448835,False,0.8,,50.0,0.05
sweep_00581,173,DAILY_0001,5,1000.0,0.6,0.2,True,False,,,0,2,2,0.6108407343567581,0.0,1.0,0.0,0.0,16811.936915077735,7830.568122317877,False,1.0,,50.0,0.05
sweep_00582,174,DAILY_0001,5,1000.0,0.6,0.2,True,False,,,0,2,2,0.6108407343567581,0.0,1.0,0.0,0.0,16928.24289810534,7849.1436489032,False,1.0,,50.0,0.05
sweep_00583,175,DAILY_0001,5,1000.0,0.6,0.2,True,False,,,0,2,2,0.6108407343567581,0.0,1.0,0.0,0.0,16822.84112582361,7476.912349074902,False,1.0,,50.0,0.05
sweep_00584,176,DAILY_0001,5,1000.0,0.6,0.2,True,False,,,0,2,2,0.6108407343567581,0.0,1.0,0.0,0.0,16402.90381242599,7504.594172918342,False,1.0,,50.0,0.05
sweep_00585,177,DAILY_0001,5,1000.0,0.6,0.2,False,True,BEHAVIORAL_DEFAULT_INSUFFICIENT_COLLATERAL,2.0,1,0,0,0.0802993013430624,2988.7384450736586,0.7471846112684146,1011.2615549263414,0.0,3160.1909052878864,3042.775378173778,False,0.8,,50.0,0.05
sweep_00586,178,DAILY_0001,5,1000.0,0.6,0.2,True,False,,,0,2,2,0.6108407343567581,0.0,1.0,0.0,0.0,16613.95277706074,7411.48185008873,False,1.0,,50.0,0.05
sweep_00587,179,DAILY_0001,5,1000.0,0.6,0.2,True,False,,,0,2,2,0.6108407343567581,0.0,1.0,0.0,0.0,16825.94357748756,7452.681389640135,False,1.0,,50.0,0.05
sweep_00588,180,DAILY_0001,5,1000.0,0.6,0.2,True,False,,,0,2,2,0.6108407343567581,0.0,1.0,0.0,0.0,17332.698660576734,8003.64127939474,False,1.0,,50.0,0.05
sweep_00589,181,DAILY_0001,5,1000.0,0.6,0.2,False,True,BEHAVIORAL_DEFAULT_INSUFFICIENT_COLLATERAL,4.0,1,2,2,0.6108407343567581,1580.2611773215276,0.7901305886607638,419.7388226784724,0.0,9381.7156603568,7154.189545674172,False,0.8,,50.0,0.05
sweep_00590,182,DAILY_0001,5,1000.0,0.6,0.2,False,True,BEHAVIORAL_DEFAULT_INSUFFICIENT_COLLATERAL,4.0,1,2,2,0.6108407343567581,1531.0123683918691,0.7655061841959345,468.98763160813087,0.0,9613.459796300805,7086.0782176558605,False,0.8,,50.0,0.05
sweep_00591,183,DAILY_0001,5,1000.0,0.6,0.2,False,True,BEHAVIORAL_DEFAULT_SURPLUS_COLLATERAL,5.0,1,2,2,0.6108407343567581,1000.0,1.0,0.0,381.5835313035691,12517.895991903359,7405.516120723698,False,0.8,,50.0,0.05
sweep_00592,184,DAILY_0001,5,1000.0,0.6,0.2,True,False,,,0,2,2,0.6108407343567581,0.0,1.0,0.0,0.0,17226.715015370733,7944.785409073587,False,1.0,,50.0,0.05
sweep_00593,185,DAILY_0001,5,1000.0,0.6,0.2,False,True,BEHAVIORAL_DEFAULT_INSUFFICIENT_COLLATERAL,4.0,1,2,2,0.6108407343567581,1258.4745645085366,0.6292372822542682,741.5254354914634,0.0,9321.804157226868,7035.062704121002,False,0.8,,50.0,0.05
sweep_00594,186,DAILY_0001,5,1000.0,0.6,0.2,False,True,BEHAVIORAL_DEFAULT_INSUFFICIENT_COLLATERAL,3.0,1,0,0,0.2295668026988248,2086.5064017033856,0.6955021339011285,913.4935982966144,0.0,6559.983069571281,6645.400488200063,False,0.8,,50.0,0.05
sweep_00595,187,DAILY_0001,5,1000.0,0.6,0.2,False,True,BEHAVIORAL_DEFAULT_INSUFFICIENT_COLLATERAL,4.0,1,2,2,0.6108407343567581,1450.9933802848673,0.7254966901424337,549.0066197151327,0.0,9703.856181907031,7128.291800608495,False,0.8,,50.0,0.05
sweep_00596,188,DAILY_0001,5,1000.0,0.6,0.2,False,True,BEHAVIORAL_DEFAULT_SURPLUS_COLLATERAL,5.0,1,2,2,0.6108407343567581,1000.0,1.0,0.0,964.7880640860321,13167.848974053273,7678.804805399091,False,0.8,,50.0,0.05
sweep_00597,189,DAILY_0001,5,1000.0,0.6,0.2,True,False,,,0,2,2,0.6108407343567581,0.0,1.0,0.0,0.0,17458.454152212147,8191.096792966339,False,1.0,,50.0,0.05
sweep_00598,190,DAILY_0001,5,1000.0,0.6,0.2,False,True,BEHAVIORAL_DEFAULT_SURPLUS_COLLATERAL,4.0,1,2,2,0.6108407343567581,2000.0,1.0,0.0,430.09794473230704,9384.639416814975,6976.536394554268,False,0.8,,50.0,0.05
sweep_00599,191,DAILY_0001,5,1000.0,0.6,0.2,True,False,,,0,2,2,0.6108407343567581,0.0,1.0,0.0,0.0,16741.237276910877,7743.808751797941,False,1.0,,50.0,0.05
sweep_00600,42,DAILY_0001,5,1000.0,0.6,0.2,True,False,,,0,2,2,0.6108407343567581,0.0,1.0,0.0,0.0,17143.15024973444,7964.624418749202,False,1.0,,100.0,0.05
sweep_00601,43,DAILY_0001,5,1000.0,0.6,0.2,True,False,,,0,2,2,0.6108407343567581,0.0,1.0,0.0,0.0,16683.664856290503,7788.166686895998,False,1.0,,100.0,0.05
sweep_00602,44,DAILY_0001,5,1000.0,0.6,0.2,True,False,,,0,2,2,0.6108407343567581,0.0,1.0,0.0,0.0,16963.961355801184,8109.663759266531,False,1.0,,100.0,0.05
sweep_00603,45,DAILY_0001,5,1000.0,0.6,0.2,False,True,BEHAVIORAL_DEFAULT_SURPLUS_COLLATERAL,5.0,1,2,2,0.6108407343567581,1000.0,1.0,0.0,2372.6267342660212,12896.079661440042,7732.064300605057,False,0.8,,100.0,0.05
sweep_00604,46,DAILY_0001,5,1000.0,0.6,0.2,True,False,,,0,2,2,0.6108407343567581,0.0,1.0,0.0,0.0,16307.234970412434,7696.912578363313,False,1.0,,100.0,0.05
sweep_00605,47,DAILY_0001,5,1000.0,0.6,0.2,True,False,,,0,2,2,0.6108407343567581,0.0,1.0,0.0,0.0,17175.220923270765,7779.183949571473,False,1.0,,100.0,0.05
sweep_00606,48,DAILY_0001,5,1000.0,0.6,0.2,False,True,BEHAVIORAL_DEFAULT_INSUFFICIENT_COLLATERAL,3.0,1,0,0,0.2295668026988248,2047.8822975061346,0.6826274325020448,952.1177024938654,0.0,6384.596399760172,6546.427039532076,False,0.8,,100.0,0.05
sweep_00607,49,DAILY_0001,5,1000.0,0.6,0.2,True,False,,,0,2,2,0.6108407343567581,0.0,1.0,0.0,0.0,17411.6649980281,7966.029150713833,False,1.0,,100.0,0.05
sweep_00608,50,DAILY_0001,5,1000.0,0.6,0.2,True,False,,,0,2,2,0.6108407343567581,0.0,1.0,0.0,0.0,16470.071539501125,7322.693662805796,False,1.0,,100.0,0.05
sweep_00609,51,DAILY_0001,5,1000.0,0.6,0.2,True,False,,,0,2,2,0.6108407343567581,0.0,1.0,0.0,0.0,16553.917458671152,7619.059347576318,False,1.0,,100.0,0.05
sweep_00610,52,DAILY_0001,5,1000.0,0.6,0.2,False,True,BEHAVIORAL_DEFAULT_SURPLUS_COLLATERAL,5.0,1,2,2,0.6108407343567581,1000.0,1.0,0.0,2225.0710927658415,13756.613367327447,8130.03016565142,False,0.8,,100.0,0.05
sweep_00611,53,DAILY_0001,5,1000.0,0.6,0.2,False,True,BEHAVIORAL_DEFAULT_SURPLUS_COLLATERAL,5.0,1,2,2,0.6108407343567581,1000.0,1.0,0.0,2305.271642121794,12961.478326267516,7692.737961276277,False,0.8,,100.0,0.05
sweep_00612,54,DAILY_0001,5,1000.0,0.6,0.2,False,True,BEHAVIORAL_DEFAULT_INSUFFICIENT_COLLATERAL,5.0,1,2,2,0.6108407343567581,930.7106913239862,0.9307106913239862,69.28930867601377,0.0,12569.941496225256,8021.139074445249,False,0.8,,100.0,0.05
sweep_00613,55,DAILY_0001,5,1000.0,0.6,0.2,False,True,BEHAVIORAL_DEFAULT_SURPLUS_COLLATERAL,5.0,1,2,2,0.6108407343567581,1000.0,1.0,0.0,973.2437931703139,13020.111295967612,7644.604111455377,False,0.8,,100.0,0.05
sweep_00614,56,DAILY_0001,5,1000.0,0.6,0.2,False,True,BEHAVIORAL_DEFAULT_SURPLUS_COLLATERAL,5.0,1,2,2,0.6108407343567581,1000.0,1.0,0.0,922.9831033751243,12704.486967871519,7473.554941077814,False,0.8,,100.0,0.05
sweep_00615,57,DAILY_0001,5,1000.0,0.6,0.2,True,False,,,0,2,2,0.6108407343567581,0.0,1.0,0.0,0.0,16629.925622068513,7441.5877611892465,False,1.0,,100.0,0.05
sweep_00616,58,DAILY_0001,5,1000.0,0.6,0.2,True,False,,,0,2,2,0.6108407343567581,0.0,1.0,0.0,0.0,17118.252725129587,7805.092536780612,False,1.0,,100.0,0.05
sweep_00617,59,DAILY_0001,5,1000.0,0.6,0.2,False,True,BEHAVIORAL_DEFAULT_INSUFFICIENT_COLLATERAL,4.0,1,2,2,0.6108407343567581,1239.841274531365,0.6199206372656825,760.1587254686351,0.0,9396.14470761244,7129.772638404318,False,0.8,,100.0,0.05
sweep_00618,60,DAILY_0001,5,1000.0,0.6,0.2,True,False,,,0,2,2,0.6108407343567581,0.0,1.0,0.0,0.0,16890.892442598783,7594.87990592156,False,1.0,,100.0,0.05
sweep_00619,61,DAILY_0001,5,1000.0,0.6,0.2,True,False,,,0,2,2,0.6108407343567581,0.0,1.0,0.0,0.0,17049.548692196306,7949.319235064872,False,1.0,,100.0,0.05
sweep_00620,62,DAILY_0001,5,1000.0,0.6,0.2,True,False,,,0,2,2,0.6108407343567581,0.0,1.0,0.0,0.0,16688.163188009137,7504.483907348097,False,1.0,,100.0,0.05
sweep_00621,63,DAILY_0001,5,1000.0,0.6,0.2,False,True,BEHAVIORAL_DEFAULT_SURPLUS_COLLATERAL,5.0,1,2,2,0.6108407343567581,1000.0,1.0,0.0,945.4634605610095,12560.781626539678,7951.830039945999,False,0.8,,100.0,0.05
sweep_00622,64,DAILY_0001,5,1000.0,0.6,0.2,False,True,BEHAVIORAL_DEFAULT_SURPLUS_COLLATERAL,3.0,1,0,0,0.2295668026988248,3000.0,1.0,0.0,352.03735853830767,6151.058035452796,6398.726506279382,False,0.8,,100.0,0.05
sweep_00623,65,DAILY_0001,5,1000.0,0.6,0.2,False,True,BEHAVIORAL_DEFAULT_INSUFFICIENT_COLLATERAL,2.0,1,0,0,0.0802993013430624,2966.0111679212537,0.7415027919803134,1033.9888320787463,0.0,3099.9623073224475,3017.96209429749,False,0.8,,100.0,0.05
sweep_00624,66,DAILY_0001,5,1000.0,0.6,0.2,True,False,,,0,2,2,0.6108407343567581,0.0,1.0,0.0,0.0,17056.111050431617,7664.134483608004,False,1.0,,100.0,0.05
sweep_00625,67,DAILY_0001,5,1000.0,0.6,0.2,True,False,,,0,2,2,0.6108407343567581,0.0,1.0,0.0,0.0,17358.7323024141,8257.646165629041,False,1.0,,100.0,0.05
sweep_00626,68,DAILY_0001,5,1000.0,0.6,0.2,False,True,BEHAVIORAL_DEFAULT_INSUFFICIENT_COLLATERAL,4.0,1,2,2,0.6108407343567581,1272.1326463328146,0.6360663231664073,727.8673536671854,0.0,9384.172146377827,7064.331772100612,False,0.8,,100.0,0.05
sweep_00627,69,DAILY_0001,5,1000.0,0.6,0.2,False,True,BEHAVIORAL_DEFAULT_INSUFFICIENT_COLLATERAL,3.0,1,0,0,0.2295668026988248,2008.827036290492,0.6696090120968307,991.1729637095079,0.0,6254.764509256824,6502.075503729283,False,0.8,,100.0,0.05
sweep_00628,70,DAILY_0001,5,1000.0,0.6,0.2,True,False,,,0,2,2,0.6108407343567581,0.0,1.0,0.0,0.0,18008.300555488746,8089.632720303702,False,1.0,,100.0,0.05
sweep_00629,71,DAILY_0001,5,1000.0,0.6,0.2,True,False,,,0,2,2,0.6108407343567581,0.0,1.0,0.0,0.0,17077.07193201092,7678.7367759934405,False,1.0,,100.0,0.05
sweep_00630,72,DAILY_0001,5,1000.0,0.6,0.2,False,True,BEHAVIORAL_DEFAULT_INSUFFICIENT_COLLATERAL,5.0,1,2,2,0.6108407343567581,772.4015287710279,0.7724015287710279,227.59847122897213,0.0,12739.57666014175,7688.069283187473,False,0.8,,100.0,0.05
sweep_00631,73,DAILY_0001,5,1000.0,0.6,0.2,True,False,,,0,2,2,0.6108407343567581,0.0,1.0,0.0,0.0,16909.5959464029,8097.1257132023475,False,1.0,,100.0,0.05
sweep_00632,74,DAILY_0001,5,1000.0,0.6,0.2,False,True,BEHAVIORAL_DEFAULT_SURPLUS_COLLATERAL,3.0,1,0,0,0.2295668026988248,3000.0,1.0,0.0,388.4112764977631,6142.21535254676,6425.742953108307,False,0.8,,100.0,0.05
sweep_00633,75,DAILY_0001,5,1000.0,0.6,0.2,True,False,,,0,2,2,0.6108407343567581,0.0,1.0,0.0,0.0,16697.360309291158,7551.890877047755,False,1.0,,100.0,0.05
sweep_00634,76,DAILY_0001,5,1000.0,0.6,0.2,True,False,,,0,2,2,0.6108407343567581,0.0,1.0,0.0,0.0,16671.801168191498,8092.069654779966,False,1.0,,100.0,0.05
sweep_00635,77,DAILY_0001,5,1000.0,0.6,0.2,True,False,,,0,2,2,0.6108407343567581,0.0,1.0,0.0,0.0,16763.124564751575,7923.052258890435,False,1.0,,100.0,0.05
sweep_00636,78,DAILY_0001,5,1000.0,0.6,0.2,True,False,,,0,2,2,0.6108407343567581,0.0,1.0,0.0,0.0,16719.51222653161,8006.404250650309,False,1.0,,100.0,0.05
sweep_00637,79,DAILY_0001,5,1000.0,0.6,0.2,True,False,,,0,2,2,0.6108407343567581,0.0,1.0,0.0,0.0,16476.77247232043,7786.44118773714,False,1.0,,100.0,0.05
sweep_00638,80,DAILY_0001,5,1000.0,0.6,0.2,True,False,,,0,2,2,0.6108407343567581,0.0,1.0,0.0,0.0,16187.427798734678,7668.131577404263,False,1.0,,100.0,0.05
sweep_00639,81,DAILY_0001,5,1000.0,0.6,0.2,True,False,,,0,2,2,0.6108407343567581,0.0,1.0,0.0,0.0,17261.26216002694,8260.276953651697,False,1.0,,100.0,0.05
sweep_00640,82,DAILY_0001,5,1000.0,0.6,0.2,True,False,,,0,2,2,0.6108407343567581,0.0,1.0,0.0,0.0,17428.23657344996,8033.727336482536,False,1.0,,100.0,0.05
sweep_00641,83,DAILY_0001,5,1000.0,0.6,0.2,False,True,BEHAVIORAL_DEFAULT_INSUFFICIENT_COLLATERAL,5.0,1,2,2,0.6108407343567581,685.4006993806689,0.6854006993806689,314.5993006193311,0.0,13023.010849409744,7610.298481133196,False,0.8,,100.0,0.05
sweep_00642,84,DAILY_0001,5,1000.0,0.6,0.2,False,True,BEHAVIORAL_DEFAULT_INSUFFICIENT_COLLATERAL,3.0,1,0,0,0.2295668026988248,2024.8787934561922,0.6749595978187307,975.1212065438078,0.0,6504.624246924773,6750.7740778126845,False,0.8,,100.0,0.05
sweep_00643,85,DAILY_0001,5,1000.0,0.6,0.2,False,True,BEHAVIORAL_DEFAULT_INSUFFICIENT_COLLATERAL,4.0,1,2,2,0.6108407343567581,1303.2539198389977,0.6516269599194988,696.7460801610023,0.0,9644.511591981416,7088.44081404083,False,0.8,,100.0,0.05
sweep_00644,86,DAILY_0001,5,1000.0,0.6,0.2,True,False,,,0,2,2,0.6108407343567581,0.0,1.0,0.0,0.0,17346.9008892341,7873.865190174437,False,1.0,,100.0,0.05
sweep_00645,87,DAILY_0001,5,1000.0,0.6,0.2,True,False,,,0,2,2,0.6108407343567581,0.0,1.0,0.0,0.0,16887.21410701461,7662.492925064052,False,1.0,,100.0,0.05
sweep_00646,88,DAILY_0001,5,1000.0,0.6,0.2,False,True,BEHAVIORAL_DEFAULT_SURPLUS_COLLATERAL,3.0,1,0,0,0.2295668026988248,3000.0,1.0,0.0,349.2534620877577,6598.059130640779,6654.447816193795,False,0.8,,100.0,0.05
sweep_00647,89,DAILY_0001,5,1000.0,0.6,0.2,True,False,,,0,2,2,0.6108407343567581,0.0,1.0,0.0,0.0,16483.760527058344,7931.711716730789,False,1.0,,100.0,0.05
sweep_00648,90,DAILY_0001,5,1000.0,0.6,0.2,False,True,BEHAVIORAL_DEFAULT_SURPLUS_COLLATERAL,4.0,1,2,2,0.6108407343567581,2000.0,1.0,0.0,432.26109021556204,9428.143344053857,7106.309597033949,False,0.8,,100.0,0.05
sweep_00649,91,DAILY_0001,5,1000.0,0.6,0.2,True,False,,,0,2,2,0.6108407343567581,0.0,1.0,0.0,0.0,16432.64453049189,7980.391297511801,False,1.0,,100.0,0.05
sweep_00650,92,DAILY_0001,5,1000.0,0.6,0.2,True,False,,,0,2,2,0.6108407343567581,0.0,1.0,0.0,0.0,16541.46983637411,7447.516455406571,False,1.0,,100.0,0.05
sweep_00651,93,DAILY_0001,5,1000.0,0.6,0.2,False,True,BEHAVIORAL_DEFAULT_INSUFFICIENT_COLLATERAL,3.0,1,0,0,0.2295668026988248,2053.8296962716377,0.6846098987572126,946.1703037283623,0.0,7022.911645595454,7278.661228261729,False,0.8,,100.0,0.05
sweep_00652,94,DAILY_0001,5,1000.0,0.6,0.2,True,False,,,0,2,2,0.6108407343567581,0.0,1.0,0.0,0.0,16816.49136159871,7567.695516894639,False,1.0,,100.0,0.05
sweep_00653,95,DAILY_0001,5,1000.0,0.6,0.2,True,False,,,0,2,2,0.6108407343567581,0.0,1.0,0.0,0.0,17545.744689882886,8149.50771606235,False,1.0,,100.0,0.05
sweep_00654,96,DAILY_0001,5,1000.0,0.6,0.2,True,False,,,0,2,2,0.6108407343567581,0.0,1.0,0.0,0.0,17272.505142960632,7616.647563707106,False,1.0,,100.0,0.05
sweep_00655,97,DAILY_0001,5,1000.0,0.6,0.2,True,False,,,0,2,2,0.6108407343567581,0.0,1.0,0.0,0.0,17205.00493267573,7685.266947968557,False,1.0,,100.0,0.05
sweep_00656,98,DAILY_0001,5,1000.0,0.6,0.2,True,False,,,0,2,2,0.6108407343567581,0.0,1.0,0.0,0.0,17117.740576801672,7773.837413661266,False,1.0,,100.0,0.05
sweep_00657,99,DAILY_0001,5,1000.0,0.6,0.2,False,True,BEHAVIORAL_DEFAULT_SURPLUS_COLLATERAL,4.0,1,2,2,0.6108407343567581,2000.0,1.0,0.0,431.1938339271078,9546.407766635395,7110.433173090645,False,0.8,,100.0,0.05
sweep_00658,100,DAILY_0001,5,1000.0,0.6,0.2,True,False,,,0,2,2,0.6108407343567581,0.0,1.0,0.0,0.0,17296.288473944063,7875.5965296753875,False,1.0,,100.0,0.05
sweep_00659,101,DAILY_0001,5,1000.0,0.6,0.2,False,True,BEHAVIORAL_DEFAULT_SURPLUS_COLLATERAL,5.0,1,2,2,0.6108407343567581,1000.0,1.0,0.0,553.5426452561417,13094.897102232273,7763.2009938683605,False,0.8,,100.0,0.05
sweep_00660,102,DAILY_0001,5,1000.0,0.6,0.2,False,True,BEHAVIORAL_DEFAULT_SURPLUS_COLLATERAL,5.0,1,2,2,0.6108407343567581,1000.0,1.0,0.0,2446.591540882656,13315.718463742422,8316.540398027333,False,0.8,,100.0,0.05
sweep_00661,103,DAILY_0001,5,1000.0,0.6,0.2,False,True,BEHAVIORAL_DEFAULT_INSUFFICIENT_COLLATERAL,4.0,1,2,2,0.6108407343567581,1560.1755697217018,0.7800877848608508,439.8244302782982,0.0,9410.055771571677,7069.596417290239,False,0.8,,100.0,0.05
sweep_00662,104,DAILY_0001,5,1000.0,0.6,0.2,True,False,,,0,2,2,0.6108407343567581,0.0,1.0,0.0,0.0,16965.565545296653,7551.814958054643,False,1.0,,100.0,0.05
sweep_00663,105,DAILY_0001,5,1000.0,0.6,0.2,False,True,BEHAVIORAL_DEFAULT_SURPLUS_COLLATERAL,4.0,1,2,2,0.6108407343567581,2000.0,1.0,0.0,434.8231307609626,10112.068977480729,7290.316595808372,False,0.8,,100.0,0.05
sweep_00664,106,DAILY_0001,5,1000.0,0.6,0.2,False,True,BEHAVIORAL_DEFAULT_INSUFFICIENT_COLLATERAL,5.0,1,2,2,0.6108407343567581,780.1493299543565,0.7801493299543565,219.85067004564348,0.0,13317.118454353504,7780.843144003862,False,0.8,,100.0,0.05
sweep_00665,107,DAILY_0001,5,1000.0,0.6,0.2,False,True,BEHAVIORAL_DEFAULT_INSUFFICIENT_COLLATERAL,4.0,1,2,2,0.6108407343567581,1569.1261349410947,0.7845630674705474,430.87386505890527,0.0,9504.711727327722,6990.175234152606,False,0.8,,100.0,0.05
sweep_00666,108,DAILY_0001,5,1000.0,0.6,0.2,False,True,BEHAVIORAL_DEFAULT_SURPLUS_COLLATERAL,4.0,1,2,2,0.6108407343567581,2000.0,1.0,0.0,432.99801637379096,9229.632260373746,7062.89123933857,False,0.8,,100.0,0.05
sweep_00667,109,DAILY_0001,5,1000.0,0.6,0.2,True,False,,,0,2,2,0.6108407343567581,0.0,1.0,0.0,0.0,17097.560018571552,7689.522758658357,False,1.0,,100.0,0.05
sweep_00668,110,DAILY_0001,5,1000.0,0.6,0.2,True,False,,,0,2,2,0.6108407343567581,0.0,1.0,0.0,0.0,17252.145983174083,7979.752681359433,False,1.0,,100.0,0.05
sweep_00669,111,DAILY_0001,5,1000.0,0.6,0.2,False,True,BEHAVIORAL_DEFAULT_SURPLUS_COLLATERAL,5.0,1,2,2,0.6108407343567581,1000.0,1.0,0.0,444.4978703397476,13005.811951455453,7878.2176755737855,False,0.8,,100.0,0.05
sweep_00670,112,DAILY_0001,5,1000.0,0.6,0.2,True,False,,,0,2,2,0.6108407343567581,0.0,1.0,0.0,0.0,16909.07625773677,7598.629083121721,False,1.0,,100.0,0.05
sweep_00671,113,DAILY_0001,5,1000.0,0.6,0.2,False,True,BEHAVIORAL_DEFAULT_INSUFFICIENT_COLLATERAL,3.0,1,0,0,0.2295668026988248,2081.1411156147133,0.6937137052049044,918.8588843852867,0.0,6623.312533026473,6734.505109494487,False,0.8,,100.0,0.05
sweep_00672,114,DAILY_0001,5,1000.0,0.6,0.2,False,True,BEHAVIORAL_DEFAULT_INSUFFICIENT_COLLATERAL,3.0,1,0,0,0.2295668026988248,1994.3692939825605,0.6647897646608535,1005.6307060174395,0.0,6121.454939968626,6385.671753136983,False,0.8,,100.0,0.05
sweep_00673,115,DAILY_0001,5,1000.0,0.6,0.2,True,False,,,0,2,2,0.6108407343567581,0.0,1.0,0.0,0.0,16756.555719327873,7536.699961628678,False,1.0,,100.0,0.05
sweep_00674,116,DAILY_0001,5,1000.0,0.6,0.2,False,True,BEHAVIORAL_DEFAULT_SURPLUS_COLLATERAL,3.0,1,0,0,0.2295668026988248,3000.0,1.0,0.0,520.5434396025075,6397.070943819939,6689.63627358675,False,0.8,,100.0,0.05
sweep_00675,117,DAILY_0001,5,1000.0,0.6,0.2,False,True,BEHAVIORAL_DEFAULT_INSUFFICIENT_COLLATERAL,2.0,1,0,0,0.0802993013430624,2999.777274098522,0.7499443185246305,1000.222725901478,0.0,3189.4444401873525,3054.827398150432,False,0.8,,100.0,0.05
sweep_00676,118,DAILY_0001,5,1000.0,0.6,0.2,True,False,,,0,2,2,0.6108407343567581,0.0,1.0,0.0,0.0,16908.748437966286,8097.787744795453,False,1.0,,100.0,0.05
sweep_00677,119,DAILY_0001,5,1000.0,0.6,0.2,True,False,,,0,2,2,0.6108407343567581,0.0,1.0,0.0,0.0,16730.031620694273,7801.62190821878,False,1.0,,100.0,0.05
sweep_00678,120,DAILY_0001,5,1000.0,0.6,0.2,True,False,,,0,2,2,0.6108407343567581,0.0,1.0,0.0,0.0,17299.20314416707,7996.525990159628,False,1.0,,100.0,0.05
sweep_00679,121,DAILY_0001,5,1000.0,0.6,0.2,False,True,BEHAVIORAL_DEFAULT_SURPLUS_COLLATERAL,4.0,1,2,2,0.6108407343567581,2000.0,1.0,0.0,431.19826477745573,9287.607451281923,6996.411504942047,False,0.8,,100.0,0.05
sweep_00680,122,DAILY_0001,5,1000.0,0.6,0.2,True,False,,,0,2,2,0.6108407343567581,0.0,1.0,0.0,0.0,16786.425779314144,7896.330214569075,False,1.0,,100.0,0.05
sweep_00681,123,DAILY_0001,5,1000.0,0.6,0.2,False,True,BEHAVIORAL_DEFAULT_SURPLUS_COLLATERAL,4.0,1,2,2,0.6108407343567581,2000.0,1.0,0.0,433.03543265705457,10213.097259473365,7316.004621770533,False,0.8,,100.0,0.05
sweep_00682,124,DAILY_0001,5,1000.0,0.6,0.2,True,False,,,0,2,2,0.6108407343567581,0.0,1.0,0.0,0.0,17378.096470344266,8277.48374967534,False,1.0,,100.0,0.05
sweep_00683,125,DAILY_0001,5,1000.0,0.6,0.2,True,False,,,0,2,2,0.6108407343567581,0.0,1.0,0.0,0.0,17222.14785778652,7786.857632371073,False,1.0,,100.0,0.05
sweep_00684,126,DAILY_0001,5,1000.0,0.6,0.2,False,True,BEHAVIORAL_DEFAULT_SURPLUS_COLLATERAL,3.0,1,0,0,0.2295668026988248,3000.0,1.0,0.0,595.597107818,6608.331218475114,6877.940526532478,False,0.8,,100.0,0.05
sweep_00685,127,DAILY_0001,5,1000.0,0.6,0.2,True,False,,,0,2,2,0.6108407343567581,0.0,1.0,0.0,0.0,17068.994068195138,7691.416727158646,False,1.0,,100.0,0.05
sweep_00686,128,DAILY_0001,5,1000.0,0.6,0.2,True,False,,,0,2,2,0.6108407343567581,0.0,1.0,0.0,0.0,17380.160876094935,7726.359379211162,False,1.0,,100.0,0.05
sweep_00687,129,DAILY_0001,5,1000.0,0.6,0.2,True,False,,,0,2,2,0.6108407343567581,0.0,1.0,0.0,0.0,16680.988802965425,7731.519903221935,False,1.0,,100.0,0.05
sweep_00688,130,DAILY_0001,5,1000.0,0.6,0.2,False,True,BEHAVIORAL_DEFAULT_SURPLUS_COLLATERAL,5.0,1,2,2,0.6108407343567581,1000.0,1.0,0.0,970.0818530182003,12730.738840773127,8016.370809214742,False,0.8,,100.0,0.05
sweep_00689,131,DAILY_0001,5,1000.0,0.6,0.2,False,True,BEHAVIORAL_DEFAULT_SURPLUS_COLLATERAL,4.0,1,2,2,0.6108407343567581,2000.0,1.0,0.0,432.10514450530445,9894.940183776958,7155.852827651134,False,0.8,,100.0,0.05
sweep_00690,132,DAILY_0001,5,1000.0,0.6,0.2,False,True,BEHAVIORAL_DEFAULT_INSUFFICIENT_COLLATERAL,4.0,1,2,2,0.6108407343567581,1274.3855304024246,0.6371927652012123,725.6144695975754,0.0,9452.061028387478,7023.993471039044,False,0.8,,100.0,0.05
sweep_00691,133,DAILY_0001,5,1000.0,0.6,0.2,False,True,BEHAVIORAL_DEFAULT_INSUFFICIENT_COLLATERAL,2.0,1,0,0,0.0802993013430624,2947.0806794279356,0.7367701698569838,1052.9193205720644,0.0,3049.7954187370806,2997.2940845860044,False,0.8,,100.0,0.05
sweep_00692,134,DAILY_0001,5,1000.0,0.6,0.2,False,True,BEHAVIORAL_DEFAULT_INSUFFICIENT_COLLATERAL,3.0,1,0,0,0.2295668026988248,2070.1858418239644,0.6900619472746549,929.8141581760356,0.0,6618.547990000483,6759.190890958302,False,0.8,,100.0,0.05
sweep_00693,135,DAILY_0001,5,1000.0,0.6,0.2,True,False,,,0,2,2,0.6108407343567581,0.0,1.0,0.0,0.0,17308.180105341366,7797.221295593138,False,1.0,,100.0,0.05
sweep_00694,136,DAILY_0001,5,1000.0,0.6,0.2,False,True,BEHAVIORAL_DEFAULT_SURPLUS_COLLATERAL,5.0,1,2,2,0.6108407343567581,1000.0,1.0,0.0,514.1419868731523,12439.168673732074,7621.4022996488975,False,0.8,,100.0,0.05
sweep_00695,137,DAILY_0001,5,1000.0,0.6,0.2,False,True,BEHAVIORAL_DEFAULT_INSUFFICIENT_COLLATERAL,4.0,1,2,2,0.6108407343567581,1470.5668909843414,0.7352834454921707,529.4331090156586,0.0,9538.559186760156,7113.02695867612,False,0.8,,100.0,0.05
sweep_00696,138,DAILY_0001,5,1000.0,0.6,0.2,False,True,BEHAVIORAL_DEFAULT_INSUFFICIENT_COLLATERAL,5.0,1,2,2,0.6108407343567581,880.457023719268,0.880457023719268,119.54297628073198,0.0,12533.99100881035,7825.726042530777,False,0.8,,100.0,0.05
sweep_00697,139,DAILY_0001,5,1000.0,0.6,0.2,False,True,BEHAVIORAL_DEFAULT_INSUFFICIENT_COLLATERAL,2.0,1,0,0,0.0802993013430624,2970.2309635172905,0.7425577408793227,1029.7690364827095,0.0,3111.145009532911,3022.5692007855314,False,0.8,,100.0,0.05
sweep_00698,140,DAILY_0001,5,1000.0,0.6,0.2,False,True,BEHAVIORAL_DEFAULT_INSUFFICIENT_COLLATERAL,2.0,1,0,0,0.0802993013430624,2989.223526360832,0.7473058815902079,1010.7764736391682,0.0,3161.476398733924,3043.304982296656,False,0.8,,100.0,0.05
sweep_00699,141,DAILY_0001,5,1000.0,0.6,0.2,True,False,,,0,2,2,0.6108407343567581,0.0,1.0,0.0,0.0,17185.12705013151,7703.9879098128395,False,1.0,,100.0,0.05
sweep_00700,142,DAILY_0001,5,1000.0,0.6,0.2,False,True,BEHAVIORAL_DEFAULT_INSUFFICIENT_COLLATERAL,2.0,1,0,0,0.0802993013430624,2991.049707743169,0.7477624269357923,1008.9502922568308,0.0,3166.3158849403544,3045.298778418631,False,0.8,,100.0,0.05
sweep_00701,143,DAILY_0001,5,1000.0,0.6,0.2,True,False,,,0,2,2,0.6108407343567581,0.0,1.0,0.0,0.0,16445.290904199723,7923.212817943257,False,1.0,,100.0,0.05
sweep_00702,144,DAILY_0001,5,1000.0,0.6,0.2,True,False,,,0,2,2,0.6108407343567581,0.0,1.0,0.0,0.0,17343.411988435073,7911.102766420967,False,1.0,,100.0,0.05
sweep_00703,145,DAILY_0001,5,1000.0,0.6,0.2,True,False,,,0,2,2,0.6108407343567581,0.0,1.0,0.0,0.0,17193.72751399906,7860.966663721595,False,1.0,,100.0,0.05
sweep_00704,146,DAILY_0001,5,1000.0,0.6,0.2,True,False,,,0,2,2,0.6108407343567581,0.0,1.0,0.0,0.0,16193.924104929843,7655.343085500046,False,1.0,,100.0,0.05
sweep_00705,147,DAILY_0001,5,1000.0,0.6,0.2,False,True,BEHAVIORAL_DEFAULT_INSUFFICIENT_COLLATERAL,4.0,1,2,2,0.6108407343567581,1334.5462799915408,0.6672731399957704,665.4537200084592,0.0,9889.107754331599,7161.8536953648945,False,0.8,,100.0,0.05
sweep_00706,148,DAILY_0001,5,1000.0,0.6,0.2,True,False,,,0,2,2,0.6108407343567581,0.0,1.0,0.0,0.0,17096.666287603017,7936.366815513335,False,1.0,,100.0,0.05
sweep_00707,149,DAILY_0001,5,1000.0,0.6,0.2,False,True,BEHAVIORAL_DEFAULT_INSUFFICIENT_COLLATERAL,4.0,1,2,2,0.6108407343567581,1238.750051289339,0.6193750256446694,761.2499487106611,0.0,9814.02173860668,7289.889311979742,False,0.8,,100.0,0.05
sweep_00708,150,DAILY_0001,5,1000.0,0.6,0.2,True,False,,,0,2,2,0.6108407343567581,0.0,1.0,0.0,0.0,16546.279710931314,7950.386640011982,False,1.0,,100.0,0.05
sweep_00709,151,DAILY_0001,5,1000.0,0.6,0.2,False,True,BEHAVIORAL_DEFAULT_SURPLUS_COLLATERAL,5.0,1,2,2,0.6108407343567581,1000.0,1.0,0.0,709.7465169012339,13335.570209326292,7887.8658103826265,False,0.8,,100.0,0.05
sweep_00710,152,DAILY_0001,5,1000.0,0.6,0.2,True,False,,,0,2,2,0.6108407343567581,0.0,1.0,0.0,0.0,17093.36930493184,7770.456484132497,False,1.0,,100.0,0.05
sweep_00711,153,DAILY_0001,5,1000.0,0.6,0.2,True,False,,,0,2,2,0.6108407343567581,0.0,1.0,0.0,0.0,16508.84948067981,7614.539688139093,False,1.0,,100.0,0.05
sweep_00712,154,DAILY_0001,5,1000.0,0.6,0.2,True,False,,,0,2,2,0.6108407343567581,0.0,1.0,0.0,0.0,16928.440090342658,7744.244777248781,False,1.0,,100.0,0.05
sweep_00713,155,DAILY_0001,5,1000.0,0.6,0.2,False,True,BEHAVIORAL_DEFAULT_SURPLUS_COLLATERAL,3.0,1,0,0,0.2295668026988248,3000.0,1.0,0.0,471.6076704592847,6224.123226178908,6546.526840661416,False,0.8,,100.0,0.05
sweep_00714,156,DAILY_0001,5,1000.0,0.6,0.2,True,False,,,0,2,2,0.6108407343567581,0.0,1.0,0.0,0.0,16822.870383115638,7571.397237725473,False,1.0,,100.0,0.05
sweep_00715,157,DAILY_0001,5,1000.0,0.6,0.2,False,True,BEHAVIORAL_DEFAULT_INSUFFICIENT_COLLATERAL,3.0,1,0,0,0.2295668026988248,2000.2326411805807,0.6667442137268602,999.7673588194193,0.0,6313.283449869156,6594.461330678887,False,0.8,,100.0,0.05
sweep_00716,158,DAILY_0001,5,1000.0,0.6,0.2,True,False,,,0,2,2,0.6108407343567581,0.0,1.0,0.0,0.0,17327.297792749472,7797.829002395857,False,1.0,,100.0,0.05
sweep_00717,159,DAILY_0001,5,1000.0,0.6,0.2,True,False,,,0,2,2,0.6108407343567581,0.0,1.0,0.0,0.0,17547.075472215663,7968.573113142957,False,1.0,,100.0,0.05
sweep_00718,160,DAILY_0001,5,1000.0,0.6,0.2,False,True,BEHAVIORAL_DEFAULT_SURPLUS_COLLATERAL,5.0,1,2,2,0.6108407343567581,1000.0,1.0,0.0,2328.0665024613077,13559.294233579409,8210.46927996583,False,0.8,,100.0,0.05
sweep_00719,161,DAILY_0001,5,1000.0,0.6,0.2,True,False,,,0,2,2,0.6108407343567581,0.0,1.0,0.0,0.0,16722.38973114001,7882.637396599125,False,1.0,,100.0,0.05
sweep_00720,162,DAILY_0001,5,1000.0,0.6,0.2,False,True,BEHAVIORAL_DEFAULT_SURPLUS_COLLATERAL,3.0,1,0,0,0.2295668026988248,3000.0,1.0,0.0,349.3816976220678,6099.333759251945,6366.506118145453,False,0.8,,100.0,0.05
sweep_00721,163,DAILY_0001,5,1000.0,0.6,0.2,True,False,,,0,2,2,0.6108407343567581,0.0,1.0,0.0,0.0,17276.966005569957,7897.922940954262,False,1.0,,100.0,0.05
sweep_00722,164,DAILY_0001,5,1000.0,0.6,0.2,True,False,,,0,2,2,0.6108407343567581,0.0,1.0,0.0,0.0,17233.351687522765,7741.931419579132,False,1.0,,100.0,0.05
sweep_00723,165,DAILY_0001,5,1000.0,0.6,0.2,True,False,,,0,2,2,0.6108407343567581,0.0,1.0,0.0,0.0,16913.7215097475,7515.801913067136,False,1.0,,100.0,0.05
sweep_00724,166,DAILY_0001,5,1000.0,0.6,0.2,False,True,BEHAVIORAL_DEFAULT_SURPLUS_COLLATERAL,5.0,1,2,2,0.6108407343567581,1000.0,1.0,0.0,868.7684351480098,13275.843211445086,7908.57767823319,False,0.8,,100.0,0.05
sweep_00725,167,DAILY_0001,5,1000.0,0.6,0.2,True,False,,,0,2,2,0.6108407343567581,0.0,1.0,0.0,0.0,16859.790773916782,7575.668109026748,False,1.0,,100.0,0.05
sweep_00726,168,DAILY_0001,5,1000.0,0.6,0.2,False,True,BEHAVIORAL_DEFAULT_SURPLUS_COLLATERAL,5.0,1,2,2,0.6108407343567581,1000.0,1.0,0.0,2284.767692742144,12306.50352346156,7784.132825645102,False,0.8,,100.0,0.05
sweep_00727,169,DAILY_0001,5,1000.0,0.6,0.2,False,True,BEHAVIORAL_DEFAULT_SURPLUS_COLLATERAL,5.0,1,2,2,0.6108407343567581,1000.0,1.0,0.0,967.8638121542185,13383.861734067441,7818.926877901614,False,0.8,,100.0,0.05
sweep_00728,170,DAILY_0001,5,1000.0,0.6,0.2,True,False,,,0,2,2,0.6108407343567581,0.0,1.0,0.0,0.0,17232.159337492943,7660.3460381418645,False,1.0,,100.0,0.05
sweep_00729,171,DAILY_0001,5,1000.0,0.6,0.2,True,False,,,0,2,2,0.6108407343567581,0.0,1.0,0.0,0.0,16487.879755940605,7325.014379398397,False,1.0,,100.0,0.05
sweep_00730,172,DAILY_0001,5,1000.0,0.6,0.2,False,True,BEHAVIORAL_DEFAULT_INSUFFICIENT_COLLATERAL,5.0,1,2,2,0.6108407343567581,687.306880531338,0.687306880531338,312.69311946866196,0.0,12754.088913575759,7454.327559448835,False,0.8,,100.0,0.05
sweep_00731,173,DAILY_0001,5,1000.0,0.6,0.2,True,False,,,0,2,2,0.6108407343567581,0.0,1.0,0.0,0.0,16811.936915077735,7830.568122317877,False,1.0,,100.0,0.05
sweep_00732,174,DAILY_0001,5,1000.0,0.6,0.2,True,False,,,0,2,2,0.6108407343567581,0.0,1.0,0.0,0.0,16928.24289810534,7849.1436489032,False,1.0,,100.0,0.05
sweep_00733,175,DAILY_0001,5,1000.0,0.6,0.2,True,False,,,0,2,2,0.6108407343567581,0.0,1.0,0.0,0.0,16822.84112582361,7476.912349074902,False,1.0,,100.0,0.05
sweep_00734,176,DAILY_0001,5,1000.0,0.6,0.2,True,False,,,0,2,2,0.6108407343567581,0.0,1.0,0.0,0.0,16402.90381242599,7504.594172918342,False,1.0,,100.0,0.05
sweep_00735,177,DAILY_0001,5,1000.0,0.6,0.2,False,True,BEHAVIORAL_DEFAULT_INSUFFICIENT_COLLATERAL,2.0,1,0,0,0.0802993013430624,2988.7384450736586,0.7471846112684146,1011.2615549263414,0.0,3160.1909052878864,3042.775378173778,False,0.8,,100.0,0.05
sweep_00736,178,DAILY_0001,5,1000.0,0.6,0.2,True,False,,,0,2,2,0.6108407343567581,0.0,1.0,0.0,0.0,16613.95277706074,7411.48185008873,False,1.0,,100.0,0.05
sweep_00737,179,DAILY_0001,5,1000.0,0.6,0.2,True,False,,,0,2,2,0.6108407343567581,0.0,1.0,0.0,0.0,16825.94357748756,7452.681389640135,False,1.0,,100.0,0.05
sweep_00738,180,DAILY_0001,5,1000.0,0.6,0.2,True,False,,,0,2,2,0.6108407343567581,0.0,1.0,0.0,0.0,17332.698660576734,8003.64127939474,False,1.0,,100.0,0.05
sweep_00739,181,DAILY_0001,5,1000.0,0.6,0.2,False,True,BEHAVIORAL_DEFAULT_INSUFFICIENT_COLLATERAL,4.0,1,2,2,0.6108407343567581,1580.2611773215276,0.7901305886607638,419.7388226784724,0.0,9381.7156603568,7154.189545674172,False,0.8,,100.0,0.05
sweep_00740,182,DAILY_0001,5,1000.0,0.6,0.2,False,True,BEHAVIORAL_DEFAULT_INSUFFICIENT_COLLATERAL,4.0,1,2,2,0.6108407343567581,1531.0123683918691,0.7655061841959345,468.98763160813087,0.0,9613.459796300805,7086.0782176558605,False,0.8,,100.0,0.05
sweep_00741,183,DAILY_0001,5,1000.0,0.6,0.2,False,True,BEHAVIORAL_DEFAULT_SURPLUS_COLLATERAL,5.0,1,2,2,0.6108407343567581,1000.0,1.0,0.0,381.5835313035691,12517.895991903359,7405.516120723698,False,0.8,,100.0,0.05
sweep_00742,184,DAILY_0001,5,1000.0,0.6,0.2,True,False,,,0,2,2,0.6108407343567581,0.0,1.0,0.0,0.0,17226.715015370733,7944.785409073587,False,1.0,,100.0,0.05
sweep_00743,185,DAILY_0001,5,1000.0,0.6,0.2,False,True,BEHAVIORAL_DEFAULT_INSUFFICIENT_COLLATERAL,4.0,1,2,2,0.6108407343567581,1258.4745645085366,0.6292372822542682,741.5254354914634,0.0,9321.804157226868,7035.062704121002,False,0.8,,100.0,0.05
sweep_00744,186,DAILY_0001,5,1000.0,0.6,0.2,False,True,BEHAVIORAL_DEFAULT_INSUFFICIENT_COLLATERAL,3.0,1,0,0,0.2295668026988248,2086.5064017033856,0.6955021339011285,913.4935982966144,0.0,6559.983069571281,6645.400488200063,False,0.8,,100.0,0.05
sweep_00745,187,DAILY_0001,5,1000.0,0.6,0.2,False,True,BEHAVIORAL_DEFAULT_INSUFFICIENT_COLLATERAL,4.0,1,2,2,0.6108407343567581,1450.9933802848673,0.7254966901424337,549.0066197151327,0.0,9703.856181907031,7128.291800608495,False,0.8,,100.0,0.05
sweep_00746,188,DAILY_0001,5,1000.0,0.6,0.2,False,True,BEHAVIORAL_DEFAULT_SURPLUS_COLLATERAL,5.0,1,2,2,0.6108407343567581,1000.0,1.0,0.0,964.7880640860321,13167.848974053273,7678.804805399091,False,0.8,,100.0,0.05
sweep_00747,189,DAILY_0001,5,1000.0,0.6,0.2,True,False,,,0,2,2,0.6108407343567581,0.0,1.0,0.0,0.0,17458.454152212147,8191.096792966339,False,1.0,,100.0,0.05
sweep_00748,190,DAILY_0001,5,1000.0,0.6,0.2,False,True,BEHAVIORAL_DEFAULT_SURPLUS_COLLATERAL,4.0,1,2,2,0.6108407343567581,2000.0,1.0,0.0,430.09794473230704,9384.639416814975,6976.536394554268,False,0.8,,100.0,0.05
sweep_00749,191,DAILY_0001,5,1000.0,0.6,0.2,True,False,,,0,2,2,0.6108407343567581,0.0,1.0,0.0,0.0,16741.237276910877,7743.808751797941,False,1.0,,100.0,0.05
sweep_00750,42,DAILY_0001,5,1000.0,0.6,0.2,True,False,,,0,2,2,0.6108407343567581,0.0,1.0,0.0,0.0,17143.15024973444,7964.624418749202,False,1.0,,150.0,0.05
sweep_00751,43,DAILY_0001,5,1000.0,0.6,0.2,True,False,,,0,2,2,0.6108407343567581,0.0,1.0,0.0,0.0,16683.664856290503,7788.166686895998,False,1.0,,150.0,0.05
sweep_00752,44,DAILY_0001,5,1000.0,0.6,0.2,True,False,,,0,2,2,0.6108407343567581,0.0,1.0,0.0,0.0,16963.961355801184,8109.663759266531,False,1.0,,150.0,0.05
sweep_00753,45,DAILY_0001,5,1000.0,0.6,0.2,False,True,BEHAVIORAL_DEFAULT_SURPLUS_COLLATERAL,5.0,1,2,2,0.6108407343567581,1000.0,1.0,0.0,2372.6267342660212,12896.079661440042,7732.064300605057,False,0.8,,150.0,0.05
sweep_00754,46,DAILY_0001,5,1000.0,0.6,0.2,True,False,,,0,2,2,0.6108407343567581,0.0,1.0,0.0,0.0,16307.234970412434,7696.912578363313,False,1.0,,150.0,0.05
sweep_00755,47,DAILY_0001,5,1000.0,0.6,0.2,True,False,,,0,2,2,0.6108407343567581,0.0,1.0,0.0,0.0,17175.220923270765,7779.183949571473,False,1.0,,150.0,0.05
sweep_00756,48,DAILY_0001,5,1000.0,0.6,0.2,False,True,BEHAVIORAL_DEFAULT_INSUFFICIENT_COLLATERAL,3.0,1,0,0,0.2295668026988248,2047.8822975061346,0.6826274325020448,952.1177024938654,0.0,6384.596399760172,6546.427039532076,False,0.8,,150.0,0.05
sweep_00757,49,DAILY_0001,5,1000.0,0.6,0.2,True,False,,,0,2,2,0.6108407343567581,0.0,1.0,0.0,0.0,17411.6649980281,7966.029150713833,False,1.0,,150.0,0.05
sweep_00758,50,DAILY_0001,5,1000.0,0.6,0.2,True,False,,,0,2,2,0.6108407343567581,0.0,1.0,0.0,0.0,16470.071539501125,7322.693662805796,False,1.0,,150.0,0.05
sweep_00759,51,DAILY_0001,5,1000.0,0.6,0.2,True,False,,,0,2,2,0.6108407343567581,0.0,1.0,0.0,0.0,16553.917458671152,7619.059347576318,False,1.0,,150.0,0.05
sweep_00760,52,DAILY_0001,5,1000.0,0.6,0.2,False,True,BEHAVIORAL_DEFAULT_SURPLUS_COLLATERAL,5.0,1,2,2,0.6108407343567581,1000.0,1.0,0.0,2225.0710927658415,13756.613367327447,8130.03016565142,False,0.8,,150.0,0.05
sweep_00761,53,DAILY_0001,5,1000.0,0.6,0.2,False,True,BEHAVIORAL_DEFAULT_SURPLUS_COLLATERAL,5.0,1,2,2,0.6108407343567581,1000.0,1.0,0.0,2305.271642121794,12961.478326267516,7692.737961276277,False,0.8,,150.0,0.05
sweep_00762,54,DAILY_0001,5,1000.0,0.6,0.2,False,True,BEHAVIORAL_DEFAULT_INSUFFICIENT_COLLATERAL,5.0,1,2,2,0.6108407343567581,930.7106913239862,0.9307106913239862,69.28930867601377,0.0,12569.941496225256,8021.139074445249,False,0.8,,150.0,0.05
sweep_00763,55,DAILY_0001,5,1000.0,0.6,0.2,False,True,BEHAVIORAL_DEFAULT_SURPLUS_COLLATERAL,5.0,1,2,2,0.6108407343567581,1000.0,1.0,0.0,973.2437931703139,13020.111295967612,7644.604111455377,False,0.8,,150.0,0.05
sweep_00764,56,DAILY_0001,5,1000.0,0.6,0.2,False,True,BEHAVIORAL_DEFAULT_SURPLUS_COLLATERAL,5.0,1,2,2,0.6108407343567581,1000.0,1.0,0.0,922.9831033751243,12704.486967871519,7473.554941077814,False,0.8,,150.0,0.05
sweep_00765,57,DAILY_0001,5,1000.0,0.6,0.2,True,False,,,0,2,2,0.6108407343567581,0.0,1.0,0.0,0.0,16629.925622068513,7441.5877611892465,False,1.0,,150.0,0.05
sweep_00766,58,DAILY_0001,5,1000.0,0.6,0.2,True,False,,,0,2,2,0.6108407343567581,0.0,1.0,0.0,0.0,17118.252725129587,7805.092536780612,False,1.0,,150.0,0.05
sweep_00767,59,DAILY_0001,5,1000.0,0.6,0.2,False,True,BEHAVIORAL_DEFAULT_INSUFFICIENT_COLLATERAL,4.0,1,2,2,0.6108407343567581,1239.841274531365,0.6199206372656825,760.1587254686351,0.0,9396.14470761244,7129.772638404318,False,0.8,,150.0,0.05
sweep_00768,60,DAILY_0001,5,1000.0,0.6,0.2,True,False,,,0,2,2,0.6108407343567581,0.0,1.0,0.0,0.0,16890.892442598783,7594.87990592156,False,1.0,,150.0,0.05
sweep_00769,61,DAILY_0001,5,1000.0,0.6,0.2,True,False,,,0,2,2,0.6108407343567581,0.0,1.0,0.0,0.0,17049.548692196306,7949.319235064872,False,1.0,,150.0,0.05
sweep_00770,62,DAILY_0001,5,1000.0,0.6,0.2,True,False,,,0,2,2,0.6108407343567581,0.0,1.0,0.0,0.0,16688.163188009137,7504.483907348097,False,1.0,,150.0,0.05
sweep_00771,63,DAILY_0001,5,1000.0,0.6,0.2,False,True,BEHAVIORAL_DEFAULT_SURPLUS_COLLATERAL,5.0,1,2,2,0.6108407343567581,1000.0,1.0,0.0,945.4634605610095,12560.781626539678,7951.830039945999,False,0.8,,150.0,0.05
sweep_00772,64,DAILY_0001,5,1000.0,0.6,0.2,False,True,BEHAVIORAL_DEFAULT_SURPLUS_COLLATERAL,3.0,1,0,0,0.2295668026988248,3000.0,1.0,0.0,352.03735853830767,6151.058035452796,6398.726506279382,False,0.8,,150.0,0.05
sweep_00773,65,DAILY_0001,5,1000.0,0.6,0.2,False,True,BEHAVIORAL_DEFAULT_INSUFFICIENT_COLLATERAL,2.0,1,0,0,0.0802993013430624,2966.0111679212537,0.7415027919803134,1033.9888320787463,0.0,3099.9623073224475,3017.96209429749,False,0.8,,150.0,0.05
sweep_00774,66,DAILY_0001,5,1000.0,0.6,0.2,True,False,,,0,2,2,0.6108407343567581,0.0,1.0,0.0,0.0,17056.111050431617,7664.134483608004,False,1.0,,150.0,0.05
sweep_00775,67,DAILY_0001,5,1000.0,0.6,0.2,True,False,,,0,2,2,0.6108407343567581,0.0,1.0,0.0,0.0,17358.7323024141,8257.646165629041,False,1.0,,150.0,0.05
sweep_00776,68,DAILY_0001,5,1000.0,0.6,0.2,False,True,BEHAVIORAL_DEFAULT_INSUFFICIENT_COLLATERAL,4.0,1,2,2,0.6108407343567581,1272.1326463328146,0.6360663231664073,727.8673536671854,0.0,9384.172146377827,7064.331772100612,False,0.8,,150.0,0.05
sweep_00777,69,DAILY_0001,5,1000.0,0.6,0.2,False,True,BEHAVIORAL_DEFAULT_INSUFFICIENT_COLLATERAL,3.0,1,0,0,0.2295668026988248,2008.827036290492,0.6696090120968307,991.1729637095079,0.0,6254.764509256824,6502.075503729283,False,0.8,,150.0,0.05
sweep_00778,70,DAILY_0001,5,1000.0,0.6,0.2,True,False,,,0,2,2,0.6108407343567581,0.0,1.0,0.0,0.0,18008.300555488746,8089.632720303702,False,1.0,,150.0,0.05
sweep_00779,71,DAILY_0001,5,1000.0,0.6,0.2,True,False,,,0,2,2,0.6108407343567581,0.0,1.0,0.0,0.0,17077.07193201092,7678.7367759934405,False,1.0,,150.0,0.05
sweep_00780,72,DAILY_0001,5,1000.0,0.6,0.2,False,True,BEHAVIORAL_DEFAULT_INSUFFICIENT_COLLATERAL,5.0,1,2,2,0.6108407343567581,772.4015287710279,0.7724015287710279,227.59847122897213,0.0,12739.57666014175,7688.069283187473,False,0.8,,150.0,0.05
sweep_00781,73,DAILY_0001,5,1000.0,0.6,0.2,True,False,,,0,2,2,0.6108407343567581,0.0,1.0,0.0,0.0,16909.5959464029,8097.1257132023475,False,1.0,,150.0,0.05
sweep_00782,74,DAILY_0001,5,1000.0,0.6,0.2,False,True,BEHAVIORAL_DEFAULT_SURPLUS_COLLATERAL,3.0,1,0,0,0.2295668026988248,3000.0,1.0,0.0,388.4112764977631,6142.21535254676,6425.742953108307,False,0.8,,150.0,0.05
sweep_00783,75,DAILY_0001,5,1000.0,0.6,0.2,True,False,,,0,2,2,0.6108407343567581,0.0,1.0,0.0,0.0,16697.360309291158,7551.890877047755,False,1.0,,150.0,0.05
sweep_00784,76,DAILY_0001,5,1000.0,0.6,0.2,True,False,,,0,2,2,0.6108407343567581,0.0,1.0,0.0,0.0,16671.801168191498,8092.069654779966,False,1.0,,150.0,0.05
sweep_00785,77,DAILY_0001,5,1000.0,0.6,0.2,True,False,,,0,2,2,0.6108407343567581,0.0,1.0,0.0,0.0,16763.124564751575,7923.052258890435,False,1.0,,150.0,0.05
sweep_00786,78,DAILY_0001,5,1000.0,0.6,0.2,True,False,,,0,2,2,0.6108407343567581,0.0,1.0,0.0,0.0,16719.51222653161,8006.404250650309,False,1.0,,150.0,0.05
sweep_00787,79,DAILY_0001,5,1000.0,0.6,0.2,True,False,,,0,2,2,0.6108407343567581,0.0,1.0,0.0,0.0,16476.77247232043,7786.44118773714,False,1.0,,150.0,0.05
sweep_00788,80,DAILY_0001,5,1000.0,0.6,0.2,True,False,,,0,2,2,0.6108407343567581,0.0,1.0,0.0,0.0,16187.427798734678,7668.131577404263,False,1.0,,150.0,0.05
sweep_00789,81,DAILY_0001,5,1000.0,0.6,0.2,True,False,,,0,2,2,0.6108407343567581,0.0,1.0,0.0,0.0,17261.26216002694,8260.276953651697,False,1.0,,150.0,0.05
sweep_00790,82,DAILY_0001,5,1000.0,0.6,0.2,True,False,,,0,2,2,0.6108407343567581,0.0,1.0,0.0,0.0,17428.23657344996,8033.727336482536,False,1.0,,150.0,0.05
sweep_00791,83,DAILY_0001,5,1000.0,0.6,0.2,False,True,BEHAVIORAL_DEFAULT_INSUFFICIENT_COLLATERAL,5.0,1,2,2,0.6108407343567581,685.4006993806689,0.6854006993806689,314.5993006193311,0.0,13023.010849409744,7610.298481133196,False,0.8,,150.0,0.05
sweep_00792,84,DAILY_0001,5,1000.0,0.6,0.2,False,True,BEHAVIORAL_DEFAULT_INSUFFICIENT_COLLATERAL,3.0,1,0,0,0.2295668026988248,2024.8787934561922,0.6749595978187307,975.1212065438078,0.0,6504.624246924773,6750.7740778126845,False,0.8,,150.0,0.05
sweep_00793,85,DAILY_0001,5,1000.0,0.6,0.2,False,True,BEHAVIORAL_DEFAULT_INSUFFICIENT_COLLATERAL,4.0,1,2,2,0.6108407343567581,1303.2539198389977,0.6516269599194988,696.7460801610023,0.0,9644.511591981416,7088.44081404083,False,0.8,,150.0,0.05
sweep_00794,86,DAILY_0001,5,1000.0,0.6,0.2,True,False,,,0,2,2,0.6108407343567581,0.0,1.0,0.0,0.0,17346.9008892341,7873.865190174437,False,1.0,,150.0,0.05
sweep_00795,87,DAILY_0001,5,1000.0,0.6,0.2,True,False,,,0,2,2,0.6108407343567581,0.0,1.0,0.0,0.0,16887.21410701461,7662.492925064052,False,1.0,,150.0,0.05
sweep_00796,88,DAILY_0001,5,1000.0,0.6,0.2,False,True,BEHAVIORAL_DEFAULT_SURPLUS_COLLATERAL,3.0,1,0,0,0.2295668026988248,3000.0,1.0,0.0,349.2534620877577,6598.059130640779,6654.447816193795,False,0.8,,150.0,0.05
sweep_00797,89,DAILY_0001,5,1000.0,0.6,0.2,True,False,,,0,2,2,0.6108407343567581,0.0,1.0,0.0,0.0,16483.760527058344,7931.711716730789,False,1.0,,150.0,0.05
sweep_00798,90,DAILY_0001,5,1000.0,0.6,0.2,False,True,BEHAVIORAL_DEFAULT_SURPLUS_COLLATERAL,4.0,1,2,2,0.6108407343567581,2000.0,1.0,0.0,432.26109021556204,9428.143344053857,7106.309597033949,False,0.8,,150.0,0.05
sweep_00799,91,DAILY_0001,5,1000.0,0.6,0.2,True,False,,,0,2,2,0.6108407343567581,0.0,1.0,0.0,0.0,16432.64453049189,7980.391297511801,False,1.0,,150.0,0.05
sweep_00800,92,DAILY_0001,5,1000.0,0.6,0.2,True,False,,,0,2,2,0.6108407343567581,0.0,1.0,0.0,0.0,16541.46983637411,7447.516455406571,False,1.0,,150.0,0.05
sweep_00801,93,DAILY_0001,5,1000.0,0.6,0.2,False,True,BEHAVIORAL_DEFAULT_INSUFFICIENT_COLLATERAL,3.0,1,0,0,0.2295668026988248,2053.8296962716377,0.6846098987572126,946.1703037283623,0.0,7022.911645595454,7278.661228261729,False,0.8,,150.0,0.05
sweep_00802,94,DAILY_0001,5,1000.0,0.6,0.2,True,False,,,0,2,2,0.6108407343567581,0.0,1.0,0.0,0.0,16816.49136159871,7567.695516894639,False,1.0,,150.0,0.05
sweep_00803,95,DAILY_0001,5,1000.0,0.6,0.2,True,False,,,0,2,2,0.6108407343567581,0.0,1.0,0.0,0.0,17545.744689882886,8149.50771606235,False,1.0,,150.0,0.05
sweep_00804,96,DAILY_0001,5,1000.0,0.6,0.2,True,False,,,0,2,2,0.6108407343567581,0.0,1.0,0.0,0.0,17272.505142960632,7616.647563707106,False,1.0,,150.0,0.05
sweep_00805,97,DAILY_0001,5,1000.0,0.6,0.2,True,False,,,0,2,2,0.6108407343567581,0.0,1.0,0.0,0.0,17205.00493267573,7685.266947968557,False,1.0,,150.0,0.05
sweep_00806,98,DAILY_0001,5,1000.0,0.6,0.2,True,False,,,0,2,2,0.6108407343567581,0.0,1.0,0.0,0.0,17117.740576801672,7773.837413661266,False,1.0,,150.0,0.05
sweep_00807,99,DAILY_0001,5,1000.0,0.6,0.2,False,True,BEHAVIORAL_DEFAULT_SURPLUS_COLLATERAL,4.0,1,2,2,0.6108407343567581,2000.0,1.0,0.0,431.1938339271078,9546.407766635395,7110.433173090645,False,0.8,,150.0,0.05
sweep_00808,100,DAILY_0001,5,1000.0,0.6,0.2,True,False,,,0,2,2,0.6108407343567581,0.0,1.0,0.0,0.0,17296.288473944063,7875.5965296753875,False,1.0,,150.0,0.05
sweep_00809,101,DAILY_0001,5,1000.0,0.6,0.2,False,True,BEHAVIORAL_DEFAULT_SURPLUS_COLLATERAL,5.0,1,2,2,0.6108407343567581,1000.0,1.0,0.0,553.5426452561417,13094.897102232273,7763.2009938683605,False,0.8,,150.0,0.05
sweep_00810,102,DAILY_0001,5,1000.0,0.6,0.2,False,True,BEHAVIORAL_DEFAULT_SURPLUS_COLLATERAL,5.0,1,2,2,0.6108407343567581,1000.0,1.0,0.0,2446.591540882656,13315.718463742422,8316.540398027333,False,0.8,,150.0,0.05
sweep_00811,103,DAILY_0001,5,1000.0,0.6,0.2,False,True,BEHAVIORAL_DEFAULT_INSUFFICIENT_COLLATERAL,4.0,1,2,2,0.6108407343567581,1560.1755697217018,0.7800877848608508,439.8244302782982,0.0,9410.055771571677,7069.596417290239,False,0.8,,150.0,0.05
sweep_00812,104,DAILY_0001,5,1000.0,0.6,0.2,True,False,,,0,2,2,0.6108407343567581,0.0,1.0,0.0,0.0,16965.565545296653,7551.814958054643,False,1.0,,150.0,0.05
sweep_00813,105,DAILY_0001,5,1000.0,0.6,0.2,False,True,BEHAVIORAL_DEFAULT_SURPLUS_COLLATERAL,4.0,1,2,2,0.6108407343567581,2000.0,1.0,0.0,434.8231307609626,10112.068977480729,7290.316595808372,False,0.8,,150.0,0.05
sweep_00814,106,DAILY_0001,5,1000.0,0.6,0.2,False,True,BEHAVIORAL_DEFAULT_INSUFFICIENT_COLLATERAL,5.0,1,2,2,0.6108407343567581,780.1493299543565,0.7801493299543565,219.85067004564348,0.0,13317.118454353504,7780.843144003862,False,0.8,,150.0,0.05
sweep_00815,107,DAILY_0001,5,1000.0,0.6,0.2,False,True,BEHAVIORAL_DEFAULT_INSUFFICIENT_COLLATERAL,4.0,1,2,2,0.6108407343567581,1569.1261349410947,0.7845630674705474,430.87386505890527,0.0,9504.711727327722,6990.175234152606,False,0.8,,150.0,0.05
sweep_00816,108,DAILY_0001,5,1000.0,0.6,0.2,False,True,BEHAVIORAL_DEFAULT_SURPLUS_COLLATERAL,4.0,1,2,2,0.6108407343567581,2000.0,1.0,0.0,432.99801637379096,9229.632260373746,7062.89123933857,False,0.8,,150.0,0.05
sweep_00817,109,DAILY_0001,5,1000.0,0.6,0.2,True,False,,,0,2,2,0.6108407343567581,0.0,1.0,0.0,0.0,17097.560018571552,7689.522758658357,False,1.0,,150.0,0.05
sweep_00818,110,DAILY_0001,5,1000.0,0.6,0.2,True,False,,,0,2,2,0.6108407343567581,0.0,1.0,0.0,0.0,17252.145983174083,7979.752681359433,False,1.0,,150.0,0.05
sweep_00819,111,DAILY_0001,5,1000.0,0.6,0.2,False,True,BEHAVIORAL_DEFAULT_SURPLUS_COLLATERAL,5.0,1,2,2,0.6108407343567581,1000.0,1.0,0.0,444.4978703397476,13005.811951455453,7878.2176755737855,False,0.8,,150.0,0.05
sweep_00820,112,DAILY_0001,5,1000.0,0.6,0.2,True,False,,,0,2,2,0.6108407343567581,0.0,1.0,0.0,0.0,16909.07625773677,7598.629083121721,False,1.0,,150.0,0.05
sweep_00821,113,DAILY_0001,5,1000.0,0.6,0.2,False,True,BEHAVIORAL_DEFAULT_INSUFFICIENT_COLLATERAL,3.0,1,0,0,0.2295668026988248,2081.1411156147133,0.6937137052049044,918.8588843852867,0.0,6623.312533026473,6734.505109494487,False,0.8,,150.0,0.05
sweep_00822,114,DAILY_0001,5,1000.0,0.6,0.2,False,True,BEHAVIORAL_DEFAULT_INSUFFICIENT_COLLATERAL,3.0,1,0,0,0.2295668026988248,1994.3692939825605,0.6647897646608535,1005.6307060174395,0.0,6121.454939968626,6385.671753136983,False,0.8,,150.0,0.05
sweep_00823,115,DAILY_0001,5,1000.0,0.6,0.2,True,False,,,0,2,2,0.6108407343567581,0.0,1.0,0.0,0.0,16756.555719327873,7536.699961628678,False,1.0,,150.0,0.05
sweep_00824,116,DAILY_0001,5,1000.0,0.6,0.2,False,True,BEHAVIORAL_DEFAULT_SURPLUS_COLLATERAL,3.0,1,0,0,0.2295668026988248,3000.0,1.0,0.0,520.5434396025075,6397.070943819939,6689.63627358675,False,0.8,,150.0,0.05
sweep_00825,117,DAILY_0001,5,1000.0,0.6,0.2,False,True,BEHAVIORAL_DEFAULT_INSUFFICIENT_COLLATERAL,2.0,1,0,0,0.0802993013430624,2999.777274098522,0.7499443185246305,1000.222725901478,0.0,3189.4444401873525,3054.827398150432,False,0.8,,150.0,0.05
sweep_00826,118,DAILY_0001,5,1000.0,0.6,0.2,True,False,,,0,2,2,0.6108407343567581,0.0,1.0,0.0,0.0,16908.748437966286,8097.787744795453,False,1.0,,150.0,0.05
sweep_00827,119,DAILY_0001,5,1000.0,0.6,0.2,True,False,,,0,2,2,0.6108407343567581,0.0,1.0,0.0,0.0,16730.031620694273,7801.62190821878,False,1.0,,150.0,0.05
sweep_00828,120,DAILY_0001,5,1000.0,0.6,0.2,True,False,,,0,2,2,0.6108407343567581,0.0,1.0,0.0,0.0,17299.20314416707,7996.525990159628,False,1.0,,150.0,0.05
sweep_00829,121,DAILY_0001,5,1000.0,0.6,0.2,False,True,BEHAVIORAL_DEFAULT_SURPLUS_COLLATERAL,4.0,1,2,2,0.6108407343567581,2000.0,1.0,0.0,431.19826477745573,9287.607451281923,6996.411504942047,False,0.8,,150.0,0.05
sweep_00830,122,DAILY_0001,5,1000.0,0.6,0.2,True,False,,,0,2,2,0.6108407343567581,0.0,1.0,0.0,0.0,16786.425779314144,7896.330214569075,False,1.0,,150.0,0.05
sweep_00831,123,DAILY_0001,5,1000.0,0.6,0.2,False,True,BEHAVIORAL_DEFAULT_SURPLUS_COLLATERAL,4.0,1,2,2,0.6108407343567581,2000.0,1.0,0.0,433.03543265705457,10213.097259473365,7316.004621770533,False,0.8,,150.0,0.05
sweep_00832,124,DAILY_0001,5,1000.0,0.6,0.2,True,False,,,0,2,2,0.6108407343567581,0.0,1.0,0.0,0.0,17378.096470344266,8277.48374967534,False,1.0,,150.0,0.05
sweep_00833,125,DAILY_0001,5,1000.0,0.6,0.2,True,False,,,0,2,2,0.6108407343567581,0.0,1.0,0.0,0.0,17222.14785778652,7786.857632371073,False,1.0,,150.0,0.05
sweep_00834,126,DAILY_0001,5,1000.0,0.6,0.2,False,True,BEHAVIORAL_DEFAULT_SURPLUS_COLLATERAL,3.0,1,0,0,0.2295668026988248,3000.0,1.0,0.0,595.597107818,6608.331218475114,6877.940526532478,False,0.8,,150.0,0.05
sweep_00835,127,DAILY_0001,5,1000.0,0.6,0.2,True,False,,,0,2,2,0.6108407343567581,0.0,1.0,0.0,0.0,17068.994068195138,7691.416727158646,False,1.0,,150.0,0.05
sweep_00836,128,DAILY_0001,5,1000.0,0.6,0.2,True,False,,,0,2,2,0.6108407343567581,0.0,1.0,0.0,0.0,17380.160876094935,7726.359379211162,False,1.0,,150.0,0.05
sweep_00837,129,DAILY_0001,5,1000.0,0.6,0.2,True,False,,,0,2,2,0.6108407343567581,0.0,1.0,0.0,0.0,16680.988802965425,7731.519903221935,False,1.0,,150.0,0.05
sweep_00838,130,DAILY_0001,5,1000.0,0.6,0.2,False,True,BEHAVIORAL_DEFAULT_SURPLUS_COLLATERAL,5.0,1,2,2,0.6108407343567581,1000.0,1.0,0.0,970.0818530182003,12730.738840773127,8016.370809214742,False,0.8,,150.0,0.05
sweep_00839,131,DAILY_0001,5,1000.0,0.6,0.2,False,True,BEHAVIORAL_DEFAULT_SURPLUS_COLLATERAL,4.0,1,2,2,0.6108407343567581,2000.0,1.0,0.0,432.10514450530445,9894.940183776958,7155.852827651134,False,0.8,,150.0,0.05
sweep_00840,132,DAILY_0001,5,1000.0,0.6,0.2,False,True,BEHAVIORAL_DEFAULT_INSUFFICIENT_COLLATERAL,4.0,1,2,2,0.6108407343567581,1274.3855304024246,0.6371927652012123,725.6144695975754,0.0,9452.061028387478,7023.993471039044,False,0.8,,150.0,0.05
sweep_00841,133,DAILY_0001,5,1000.0,0.6,0.2,False,True,BEHAVIORAL_DEFAULT_INSUFFICIENT_COLLATERAL,2.0,1,0,0,0.0802993013430624,2947.0806794279356,0.7367701698569838,1052.9193205720644,0.0,3049.7954187370806,2997.2940845860044,False,0.8,,150.0,0.05
sweep_00842,134,DAILY_0001,5,1000.0,0.6,0.2,False,True,BEHAVIORAL_DEFAULT_INSUFFICIENT_COLLATERAL,3.0,1,0,0,0.2295668026988248,2070.1858418239644,0.6900619472746549,929.8141581760356,0.0,6618.547990000483,6759.190890958302,False,0.8,,150.0,0.05
sweep_00843,135,DAILY_0001,5,1000.0,0.6,0.2,True,False,,,0,2,2,0.6108407343567581,0.0,1.0,0.0,0.0,17308.180105341366,7797.221295593138,False,1.0,,150.0,0.05
sweep_00844,136,DAILY_0001,5,1000.0,0.6,0.2,False,True,BEHAVIORAL_DEFAULT_SURPLUS_COLLATERAL,5.0,1,2,2,0.6108407343567581,1000.0,1.0,0.0,514.1419868731523,12439.168673732074,7621.4022996488975,False,0.8,,150.0,0.05
sweep_00845,137,DAILY_0001,5,1000.0,0.6,0.2,False,True,BEHAVIORAL_DEFAULT_INSUFFICIENT_COLLATERAL,4.0,1,2,2,0.6108407343567581,1470.5668909843414,0.7352834454921707,529.4331090156586,0.0,9538.559186760156,7113.02695867612,False,0.8,,150.0,0.05
sweep_00846,138,DAILY_0001,5,1000.0,0.6,0.2,False,True,BEHAVIORAL_DEFAULT_INSUFFICIENT_COLLATERAL,5.0,1,2,2,0.6108407343567581,880.457023719268,0.880457023719268,119.54297628073198,0.0,12533.99100881035,7825.726042530777,False,0.8,,150.0,0.05
sweep_00847,139,DAILY_0001,5,1000.0,0.6,0.2,False,True,BEHAVIORAL_DEFAULT_INSUFFICIENT_COLLATERAL,2.0,1,0,0,0.0802993013430624,2970.2309635172905,0.7425577408793227,1029.7690364827095,0.0,3111.145009532911,3022.5692007855314,False,0.8,,150.0,0.05
sweep_00848,140,DAILY_0001,5,1000.0,0.6,0.2,False,True,BEHAVIORAL_DEFAULT_INSUFFICIENT_COLLATERAL,2.0,1,0,0,0.0802993013430624,2989.223526360832,0.7473058815902079,1010.7764736391682,0.0,3161.476398733924,3043.304982296656,False,0.8,,150.0,0.05
sweep_00849,141,DAILY_0001,5,1000.0,0.6,0.2,True,False,,,0,2,2,0.6108407343567581,0.0,1.0,0.0,0.0,17185.12705013151,7703.9879098128395,False,1.0,,150.0,0.05
sweep_00850,142,DAILY_0001,5,1000.0,0.6,0.2,False,True,BEHAVIORAL_DEFAULT_INSUFFICIENT_COLLATERAL,2.0,1,0,0,0.0802993013430624,2991.049707743169,0.7477624269357923,1008.9502922568308,0.0,3166.3158849403544,3045.298778418631,False,0.8,,150.0,0.05
sweep_00851,143,DAILY_0001,5,1000.0,0.6,0.2,True,False,,,0,2,2,0.6108407343567581,0.0,1.0,0.0,0.0,16445.290904199723,7923.212817943257,False,1.0,,150.0,0.05
sweep_00852,144,DAILY_0001,5,1000.0,0.6,0.2,True,False,,,0,2,2,0.6108407343567581,0.0,1.0,0.0,0.0,17343.411988435073,7911.102766420967,False,1.0,,150.0,0.05
sweep_00853,145,DAILY_0001,5,1000.0,0.6,0.2,True,False,,,0,2,2,0.6108407343567581,0.0,1.0,0.0,0.0,17193.72751399906,7860.966663721595,False,1.0,,150.0,0.05
sweep_00854,146,DAILY_0001,5,1000.0,0.6,0.2,True,False,,,0,2,2,0.6108407343567581,0.0,1.0,0.0,0.0,16193.924104929843,7655.343085500046,False,1.0,,150.0,0.05
sweep_00855,147,DAILY_0001,5,1000.0,0.6,0.2,False,True,BEHAVIORAL_DEFAULT_INSUFFICIENT_COLLATERAL,4.0,1,2,2,0.6108407343567581,1334.5462799915408,0.6672731399957704,665.4537200084592,0.0,9889.107754331599,7161.8536953648945,False,0.8,,150.0,0.05
sweep_00856,148,DAILY_0001,5,1000.0,0.6,0.2,True,False,,,0,2,2,0.6108407343567581,0.0,1.0,0.0,0.0,17096.666287603017,7936.366815513335,False,1.0,,150.0,0.05
sweep_00857,149,DAILY_0001,5,1000.0,0.6,0.2,False,True,BEHAVIORAL_DEFAULT_INSUFFICIENT_COLLATERAL,4.0,1,2,2,0.6108407343567581,1238.750051289339,0.6193750256446694,761.2499487106611,0.0,9814.02173860668,7289.889311979742,False,0.8,,150.0,0.05
sweep_00858,150,DAILY_0001,5,1000.0,0.6,0.2,True,False,,,0,2,2,0.6108407343567581,0.0,1.0,0.0,0.0,16546.279710931314,7950.386640011982,False,1.0,,150.0,0.05
sweep_00859,151,DAILY_0001,5,1000.0,0.6,0.2,False,True,BEHAVIORAL_DEFAULT_SURPLUS_COLLATERAL,5.0,1,2,2,0.6108407343567581,1000.0,1.0,0.0,709.7465169012339,13335.570209326292,7887.8658103826265,False,0.8,,150.0,0.05
sweep_00860,152,DAILY_0001,5,1000.0,0.6,0.2,True,False,,,0,2,2,0.6108407343567581,0.0,1.0,0.0,0.0,17093.36930493184,7770.456484132497,False,1.0,,150.0,0.05
sweep_00861,153,DAILY_0001,5,1000.0,0.6,0.2,True,False,,,0,2,2,0.6108407343567581,0.0,1.0,0.0,0.0,16508.84948067981,7614.539688139093,False,1.0,,150.0,0.05
sweep_00862,154,DAILY_0001,5,1000.0,0.6,0.2,True,False,,,0,2,2,0.6108407343567581,0.0,1.0,0.0,0.0,16928.440090342658,7744.244777248781,False,1.0,,150.0,0.05
sweep_00863,155,DAILY_0001,5,1000.0,0.6,0.2,False,True,BEHAVIORAL_DEFAULT_SURPLUS_COLLATERAL,3.0,1,0,0,0.2295668026988248,3000.0,1.0,0.0,471.6076704592847,6224.123226178908,6546.526840661416,False,0.8,,150.0,0.05
sweep_00864,156,DAILY_0001,5,1000.0,0.6,0.2,True,False,,,0,2,2,0.6108407343567581,0.0,1.0,0.0,0.0,16822.870383115638,7571.397237725473,False,1.0,,150.0,0.05
sweep_00865,157,DAILY_0001,5,1000.0,0.6,0.2,False,True,BEHAVIORAL_DEFAULT_INSUFFICIENT_COLLATERAL,3.0,1,0,0,0.2295668026988248,2000.2326411805807,0.6667442137268602,999.7673588194193,0.0,6313.283449869156,6594.461330678887,False,0.8,,150.0,0.05
sweep_00866,158,DAILY_0001,5,1000.0,0.6,0.2,True,False,,,0,2,2,0.6108407343567581,0.0,1.0,0.0,0.0,17327.297792749472,7797.829002395857,False,1.0,,150.0,0.05
sweep_00867,159,DAILY_0001,5,1000.0,0.6,0.2,True,False,,,0,2,2,0.6108407343567581,0.0,1.0,0.0,0.0,17547.075472215663,7968.573113142957,False,1.0,,150.0,0.05
sweep_00868,160,DAILY_0001,5,1000.0,0.6,0.2,False,True,BEHAVIORAL_DEFAULT_SURPLUS_COLLATERAL,5.0,1,2,2,0.6108407343567581,1000.0,1.0,0.0,2328.0665024613077,13559.294233579409,8210.46927996583,False,0.8,,150.0,0.05
sweep_00869,161,DAILY_0001,5,1000.0,0.6,0.2,True,False,,,0,2,2,0.6108407343567581,0.0,1.0,0.0,0.0,16722.38973114001,7882.637396599125,False,1.0,,150.0,0.05
sweep_00870,162,DAILY_0001,5,1000.0,0.6,0.2,False,True,BEHAVIORAL_DEFAULT_SURPLUS_COLLATERAL,3.0,1,0,0,0.2295668026988248,3000.0,1.0,0.0,349.3816976220678,6099.333759251945,6366.506118145453,False,0.8,,150.0,0.05
sweep_00871,163,DAILY_0001,5,1000.0,0.6,0.2,True,False,,,0,2,2,0.6108407343567581,0.0,1.0,0.0,0.0,17276.966005569957,7897.922940954262,False,1.0,,150.0,0.05
sweep_00872,164,DAILY_0001,5,1000.0,0.6,0.2,True,False,,,0,2,2,0.6108407343567581,0.0,1.0,0.0,0.0,17233.351687522765,7741.931419579132,False,1.0,,150.0,0.05
sweep_00873,165,DAILY_0001,5,1000.0,0.6,0.2,True,False,,,0,2,2,0.6108407343567581,0.0,1.0,0.0,0.0,16913.7215097475,7515.801913067136,False,1.0,,150.0,0.05
sweep_00874,166,DAILY_0001,5,1000.0,0.6,0.2,False,True,BEHAVIORAL_DEFAULT_SURPLUS_COLLATERAL,5.0,1,2,2,0.6108407343567581,1000.0,1.0,0.0,868.7684351480098,13275.843211445086,7908.57767823319,False,0.8,,150.0,0.05
sweep_00875,167,DAILY_0001,5,1000.0,0.6,0.2,True,False,,,0,2,2,0.6108407343567581,0.0,1.0,0.0,0.0,16859.790773916782,7575.668109026748,False,1.0,,150.0,0.05
sweep_00876,168,DAILY_0001,5,1000.0,0.6,0.2,False,True,BEHAVIORAL_DEFAULT_SURPLUS_COLLATERAL,5.0,1,2,2,0.6108407343567581,1000.0,1.0,0.0,2284.767692742144,12306.50352346156,7784.132825645102,False,0.8,,150.0,0.05
sweep_00877,169,DAILY_0001,5,1000.0,0.6,0.2,False,True,BEHAVIORAL_DEFAULT_SURPLUS_COLLATERAL,5.0,1,2,2,0.6108407343567581,1000.0,1.0,0.0,967.8638121542185,13383.861734067441,7818.926877901614,False,0.8,,150.0,0.05
sweep_00878,170,DAILY_0001,5,1000.0,0.6,0.2,True,False,,,0,2,2,0.6108407343567581,0.0,1.0,0.0,0.0,17232.159337492943,7660.3460381418645,False,1.0,,150.0,0.05
sweep_00879,171,DAILY_0001,5,1000.0,0.6,0.2,True,False,,,0,2,2,0.6108407343567581,0.0,1.0,0.0,0.0,16487.879755940605,7325.014379398397,False,1.0,,150.0,0.05
sweep_00880,172,DAILY_0001,5,1000.0,0.6,0.2,False,True,BEHAVIORAL_DEFAULT_INSUFFICIENT_COLLATERAL,5.0,1,2,2,0.6108407343567581,687.306880531338,0.687306880531338,312.69311946866196,0.0,12754.088913575759,7454.327559448835,False,0.8,,150.0,0.05
sweep_00881,173,DAILY_0001,5,1000.0,0.6,0.2,True,False,,,0,2,2,0.6108407343567581,0.0,1.0,0.0,0.0,16811.936915077735,7830.568122317877,False,1.0,,150.0,0.05
sweep_00882,174,DAILY_0001,5,1000.0,0.6,0.2,True,False,,,0,2,2,0.6108407343567581,0.0,1.0,0.0,0.0,16928.24289810534,7849.1436489032,False,1.0,,150.0,0.05
sweep_00883,175,DAILY_0001,5,1000.0,0.6,0.2,True,False,,,0,2,2,0.6108407343567581,0.0,1.0,0.0,0.0,16822.84112582361,7476.912349074902,False,1.0,,150.0,0.05
sweep_00884,176,DAILY_0001,5,1000.0,0.6,0.2,True,False,,,0,2,2,0.6108407343567581,0.0,1.0,0.0,0.0,16402.90381242599,7504.594172918342,False,1.0,,150.0,0.05
sweep_00885,177,DAILY_0001,5,1000.0,0.6,0.2,False,True,BEHAVIORAL_DEFAULT_INSUFFICIENT_COLLATERAL,2.0,1,0,0,0.0802993013430624,2988.7384450736586,0.7471846112684146,1011.2615549263414,0.0,3160.1909052878864,3042.775378173778,False,0.8,,150.0,0.05
sweep_00886,178,DAILY_0001,5,1000.0,0.6,0.2,True,False,,,0,2,2,0.6108407343567581,0.0,1.0,0.0,0.0,16613.95277706074,7411.48185008873,False,1.0,,150.0,0.05
sweep_00887,179,DAILY_0001,5,1000.0,0.6,0.2,True,False,,,0,2,2,0.6108407343567581,0.0,1.0,0.0,0.0,16825.94357748756,7452.681389640135,False,1.0,,150.0,0.05
sweep_00888,180,DAILY_0001,5,1000.0,0.6,0.2,True,False,,,0,2,2,0.6108407343567581,0.0,1.0,0.0,0.0,17332.698660576734,8003.64127939474,False,1.0,,150.0,0.05
sweep_00889,181,DAILY_0001,5,1000.0,0.6,0.2,False,True,BEHAVIORAL_DEFAULT_INSUFFICIENT_COLLATERAL,4.0,1,2,2,0.6108407343567581,1580.2611773215276,0.7901305886607638,419.7388226784724,0.0,9381.7156603568,7154.189545674172,False,0.8,,150.0,0.05
sweep_00890,182,DAILY_0001,5,1000.0,0.6,0.2,False,True,BEHAVIORAL_DEFAULT_INSUFFICIENT_COLLATERAL,4.0,1,2,2,0.6108407343567581,1531.0123683918691,0.7655061841959345,468.98763160813087,0.0,9613.459796300805,7086.0782176558605,False,0.8,,150.0,0.05
sweep_00891,183,DAILY_0001,5,1000.0,0.6,0.2,False,True,BEHAVIORAL_DEFAULT_SURPLUS_COLLATERAL,5.0,1,2,2,0.6108407343567581,1000.0,1.0,0.0,381.5835313035691,12517.895991903359,7405.516120723698,False,0.8,,150.0,0.05
sweep_00892,184,DAILY_0001,5,1000.0,0.6,0.2,True,False,,,0,2,2,0.6108407343567581,0.0,1.0,0.0,0.0,17226.715015370733,7944.785409073587,False,1.0,,150.0,0.05
sweep_00893,185,DAILY_0001,5,1000.0,0.6,0.2,False,True,BEHAVIORAL_DEFAULT_INSUFFICIENT_COLLATERAL,4.0,1,2,2,0.6108407343567581,1258.4745645085366,0.6292372822542682,741.5254354914634,0.0,9321.804157226868,7035.062704121002,False,0.8,,150.0,0.05
sweep_00894,186,DAILY_0001,5,1000.0,0.6,0.2,False,True,BEHAVIORAL_DEFAULT_INSUFFICIENT_COLLATERAL,3.0,1,0,0,0.2295668026988248,2086.5064017033856,0.6955021339011285,913.4935982966144,0.0,6559.983069571281,6645.400488200063,False,0.8,,150.0,0.05
sweep_00895,187,DAILY_0001,5,1000.0,0.6,0.2,False,True,BEHAVIORAL_DEFAULT_INSUFFICIENT_COLLATERAL,4.0,1,2,2,0.6108407343567581,1450.9933802848673,0.7254966901424337,549.0066197151327,0.0,9703.856181907031,7128.291800608495,False,0.8,,150.0,0.05
sweep_00896,188,DAILY_0001,5,1000.0,0.6,0.2,False,True,BEHAVIORAL_DEFAULT_SURPLUS_COLLATERAL,5.0,1,2,2,0.6108407343567581,1000.0,1.0,0.0,964.7880640860321,13167.848974053273,7678.804805399091,False,0.8,,150.0,0.05
sweep_00897,189,DAILY_0001,5,1000.0,0.6,0.2,True,False,,,0,2,2,0.6108407343567581,0.0,1.0,0.0,0.0,17458.454152212147,8191.096792966339,False,1.0,,150.0,0.05
sweep_00898,190,DAILY_0001,5,1000.0,0.6,0.2,False,True,BEHAVIORAL_DEFAULT_SURPLUS_COLLATERAL,4.0,1,2,2,0.6108407343567581,2000.0,1.0,0.0,430.09794473230704,9384.639416814975,6976.536394554268,False,0.8,,150.0,0.05
sweep_00899,191,DAILY_0001,5,1000.0,0.6,0.2,True,False,,,0,2,2,0.6108407343567581,0.0,1.0,0.0,0.0,16741.237276910877,7743.808751797941,False,1.0,,150.0,0.05
sweep_00900,42,DAILY_0001,5,1000.0,0.7,0.2,True,False,,,0,2,2,0.6108407343567581,0.0,1.0,0.0,0.0,17143.15024973444,9370.255176459736,False,1.0,,50.0,0.05
sweep_00901,43,DAILY_0001,5,1000.0,0.7,0.2,True,False,,,0,2,2,0.6108407343567581,0.0,1.0,0.0,0.0,16683.664856290503,9193.797444606533,False,1.0,,50.0,0.05
sweep_00902,44,DAILY_0001,5,1000.0,0.7,0.2,True,False,,,0,2,2,0.6108407343567581,0.0,1.0,0.0,0.0,16963.961355801184,9515.294516977066,False,1.0,,50.0,0.05
sweep_00903,45,DAILY_0001,5,1000.0,0.7,0.2,False,True,BEHAVIORAL_DEFAULT_SURPLUS_COLLATERAL,5.0,1,2,2,0.6108407343567581,1000.0,1.0,0.0,3007.4856742863662,12896.079661440042,9137.69505831559,False,0.8,,50.0,0.05
sweep_00904,46,DAILY_0001,5,1000.0,0.7,0.2,True,False,,,0,2,2,0.6108407343567581,0.0,1.0,0.0,0.0,16307.234970412434,9102.543336073846,False,1.0,,50.0,0.05
sweep_00905,47,DAILY_0001,5,1000.0,0.7,0.2,True,False,,,0,2,2,0.6108407343567581,0.0,1.0,0.0,0.0,17175.220923270765,9347.223898266826,False,1.0,,50.0,0.05
sweep_00906,48,DAILY_0001,5,1000.0,0.7,0.2,False,True,BEHAVIORAL_DEFAULT_INSUFFICIENT_COLLATERAL,3.0,1,0,0,0.2295668026988248,2412.5088314614395,0.8041696104871465,587.4911685385605,0.0,6384.596399760172,7888.855091415883,False,0.8,,50.0,0.05
sweep_00907,49,DAILY_0001,5,1000.0,0.7,0.2,True,False,,,0,2,2,0.6108407343567581,0.0,1.0,0.0,0.0,17411.6649980281,9534.069099409187,False,1.0,,50.0,0.05
sweep_00908,50,DAILY_0001,5,1000.0,0.7,0.2,True,False,,,0,2,2,0.6108407343567581,0.0,1.0,0.0,0.0,16470.071539501125,8878.562328216438,False,1.0,,50.0,0.05
sweep_00909,51,DAILY_0001,5,1000.0,0.7,0.2,True,False,,,0,2,2,0.6108407343567581,0.0,1.0,0.0,0.0,16553.917458671152,9024.690105286852,False,1.0,,50.0,0.05
sweep_00910,52,DAILY_0001,5,1000.0,0.7,0.2,False,True,BEHAVIORAL_DEFAULT_SURPLUS_COLLATERAL,5.0,1,2,2,0.6108407343567581,1000.0,1.0,0.0,2859.9300327861865,13756.613367327447,9698.070114346774,False,0.8,,50.0,0.05
sweep_00911,53,DAILY_0001,5,1000.0,0.7,0.2,False,True,BEHAVIORAL_DEFAULT_SURPLUS_COLLATERAL,5.0,1,2,2,0.6108407343567581,1000.0,1.0,0.0,2940.130582142139,12961.478326267516,9260.77790997163,False,0.8,,50.0,0.05
sweep_00912,54,DAILY_0001,5,1000.0,0.7,0.2,False,True,BEHAVIORAL_DEFAULT_INSUFFICIENT_COLLATERAL,5.0,1,2,2,0.6108407343567581,930.7106913239862,0.9307106913239862,69.28930867601377,0.0,12569.941496225256,9426.769832155784,False,0.8,,50.0,0.05
sweep_00913,55,DAILY_0001,5,1000.0,0.7,0.2,False,True,BEHAVIORAL_DEFAULT_SURPLUS_COLLATERAL,5.0,1,2,2,0.6108407343567581,1000.0,1.0,0.0,1318.9395965923077,13020.111295967612,9159.830794213824,False,0.8,,50.0,0.05
sweep_00914,56,DAILY_0001,5,1000.0,0.7,0.2,False,True,BEHAVIORAL_DEFAULT_SURPLUS_COLLATERAL,5.0,1,2,2,0.6108407343567581,1000.0,1.0,0.0,1268.678906797118,12704.486967871519,9041.594889773169,False,0.8,,50.0,0.05
sweep_00915,57,DAILY_0001,5,1000.0,0.7,0.2,True,False,,,0,2,2,0.6108407343567581,0.0,1.0,0.0,0.0,16629.925622068513,8874.442921586882,False,1.0,,50.0,0.05
sweep_00916,58,DAILY_0001,5,1000.0,0.7,0.2,True,False,,,0,2,2,0.6108407343567581,0.0,1.0,0.0,0.0,17118.252725129587,9373.132485475966,False,1.0,,50.0,0.05
sweep_00917,59,DAILY_0001,5,1000.0,0.7,0.2,False,True,BEHAVIORAL_DEFAULT_INSUFFICIENT_COLLATERAL,4.0,1,2,2,0.6108407343567581,1474.3337157608662,0.7371668578804331,525.6662842391338,0.0,9396.14470761244,8502.428977309573,False,0.8,,50.0,0.05
sweep_00918,60,DAILY_0001,5,1000.0,0.7,0.2,True,False,,,0,2,2,0.6108407343567581,0.0,1.0,0.0,0.0,16890.892442598783,9116.343348300228,False,1.0,,50.0,0.05
sweep_00919,61,DAILY_0001,5,1000.0,0.7,0.2,True,False,,,0,2,2,0.6108407343567581,0.0,1.0,0.0,0.0,17049.548692196306,9354.949992775406,False,1.0,,50.0,0.05
sweep_00920,62,DAILY_0001,5,1000.0,0.7,0.2,True,False,,,0,2,2,0.6108407343567581,0.0,1.0,0.0,0.0,16688.163188009137,9072.523856043452,False,1.0,,50.0,0.05
sweep_00921,63,DAILY_0001,5,1000.0,0.7,0.2,False,True,BEHAVIORAL_DEFAULT_SURPLUS_COLLATERAL,5.0,1,2,2,0.6108407343567581,1000.0,1.0,0.0,1291.1592639830033,12560.781626539678,9357.460797656533,False,0.8,,50.0,0.05
sweep_00922,64,DAILY_0001,5,1000.0,0.7,0.2,False,True,BEHAVIORAL_DEFAULT_SURPLUS_COLLATERAL,3.0,1,0,0,0.2295668026988248,3000.0,1.0,0.0,1021.6619607426328,6151.058035452796,7741.154558163189,False,0.8,,50.0,0.05
sweep_00923,65,DAILY_0001,5,1000.0,0.7,0.2,False,True,BEHAVIORAL_DEFAULT_INSUFFICIENT_COLLATERAL,2.0,1,0,0,0.0802993013430624,3516.9512722580434,0.8792378180645108,483.04872774195655,0.0,3099.9623073224475,3582.7561271290483,False,0.8,,50.0,0.05
sweep_00924,66,DAILY_0001,5,1000.0,0.7,0.2,True,False,,,0,2,2,0.6108407343567581,0.0,1.0,0.0,0.0,17056.111050431617,9232.174432303358,False,1.0,,50.0,0.05
sweep_00925,67,DAILY_0001,5,1000.0,0.7,0.2,True,False,,,0,2,2,0.6108407343567581,0.0,1.0,0.0,0.0,17358.7323024141,9663.276923339576,False,1.0,,50.0,0.05
sweep_00926,68,DAILY_0001,5,1000.0,0.7,0.2,False,True,BEHAVIORAL_DEFAULT_INSUFFICIENT_COLLATERAL,4.0,1,2,2,0.6108407343567581,1506.625087562316,0.753312543781158,493.3749124376841,0.0,9384.172146377827,8436.988111005867,False,0.8,,50.0,0.05
sweep_00927,69,DAILY_0001,5,1000.0,0.7,0.2,False,True,BEHAVIORAL_DEFAULT_INSUFFICIENT_COLLATERAL,3.0,1,0,0,0.2295668026988248,2373.4535702457965,0.7911511900819321,626.5464297542035,0.0,6254.764509256824,7844.50355561309,False,0.8,,50.0,0.05
sweep_00928,70,DAILY_0001,5,1000.0,0.7,0.2,True,False,,,0,2,2,0.6108407343567581,0.0,1.0,0.0,0.0,18008.300555488746,9657.672668999056,False,1.0,,50.0,0.05
sweep_00929,71,DAILY_0001,5,1000.0,0.7,0.2,True,False,,,0,2,2,0.6108407343567581,0.0,1.0,0.0,0.0,17077.07193201092,9246.776724688794,False,1.0,,50.0,0.05
sweep_00930,72,DAILY_0001,5,1000.0,0.7,0.2,False,True,BEHAVIORAL_DEFAULT_INSUFFICIENT_COLLATERAL,5.0,1,2,2,0.6108407343567581,772.4015287710279,0.7724015287710279,227.59847122897213,0.0,12739.57666014175,9093.700040898008,False,0.8,,50.0,0.05
sweep_00931,73,DAILY_0001,5,1000.0,0.7,0.2,True,False,,,0,2,2,0.6108407343567581,0.0,1.0,0.0,0.0,16909.5959464029,9502.756470912882,False,1.0,,50.0,0.05
sweep_00932,74,DAILY_0001,5,1000.0,0.7,0.2,False,True,BEHAVIORAL_DEFAULT_SURPLUS_COLLATERAL,3.0,1,0,0,0.2295668026988248,3000.0,1.0,0.0,1058.0358787020878,6142.21535254676,7768.171004992114,False,0.8,,50.0,0.05
sweep_00933,75,DAILY_0001,5,1000.0,0.7,0.2,True,False,,,0,2,2,0.6108407343567581,0.0,1.0,0.0,0.0,16697.360309291158,9019.980280545928,False,1.0,,50.0,0.05
sweep_00934,76,DAILY_0001,5,1000.0,0.7,0.2,True,False,,,0,2,2,0.6108407343567581,0.0,1.0,0.0,0.0,16671.801168191498,9497.700412490502,False,1.0,,50.0,0.05
sweep_00935,77,DAILY_0001,5,1000.0,0.7,0.2,True,False,,,0,2,2,0.6108407343567581,0.0,1.0,0.0,0.0,16763.124564751575,9328.68301660097,False,1.0,,50.0,0.05
sweep_00936,78,DAILY_0001,5,1000.0,0.7,0.2,True,False,,,0,2,2,0.6108407343567581,0.0,1.0,0.0,0.0,16719.51222653161,9412.035008360845,False,1.0,,50.0,0.05
sweep_00937,79,DAILY_0001,5,1000.0,0.7,0.2,True,False,,,0,2,2,0.6108407343567581,0.0,1.0,0.0,0.0,16476.77247232043,9192.071945447675,False,1.0,,50.0,0.05
sweep_00938,80,DAILY_0001,5,1000.0,0.7,0.2,True,False,,,0,2,2,0.6108407343567581,0.0,1.0,0.0,0.0,16187.427798734678,9073.762335114798,False,1.0,,50.0,0.05
sweep_00939,81,DAILY_0001,5,1000.0,0.7,0.2,True,False,,,0,2,2,0.6108407343567581,0.0,1.0,0.0,0.0,17261.26216002694,9665.907711362232,False,1.0,,50.0,0.05
sweep_00940,82,DAILY_0001,5,1000.0,0.7,0.2,True,False,,,0,2,2,0.6108407343567581,0.0,1.0,0.0,0.0,17428.23657344996,9601.76728517789,False,1.0,,50.0,0.05
sweep_00941,83,DAILY_0001,5,1000.0,0.7,0.2,False,True,BEHAVIORAL_DEFAULT_INSUFFICIENT_COLLATERAL,5.0,1,2,2,0.6108407343567581,840.7989386874663,0.8407989386874662,159.20106131253374,0.0,13023.010849409744,9178.338429828551,False,0.8,,50.0,0.05
sweep_00942,84,DAILY_0001,5,1000.0,0.7,0.2,False,True,BEHAVIORAL_DEFAULT_INSUFFICIENT_COLLATERAL,3.0,1,0,0,0.2295668026988248,2389.5053274114966,0.7965017758038322,610.4946725885034,0.0,6504.624246924773,8093.202129696492,False,0.8,,50.0,0.05
sweep_00943,85,DAILY_0001,5,1000.0,0.7,0.2,False,True,BEHAVIORAL_DEFAULT_INSUFFICIENT_COLLATERAL,4.0,1,2,2,0.6108407343567581,1537.7463610684993,0.7688731805342496,462.25363893150075,0.0,9644.511591981416,8461.097152946086,False,0.8,,50.0,0.05
sweep_00944,86,DAILY_0001,5,1000.0,0.7,0.2,True,False,,,0,2,2,0.6108407343567581,0.0,1.0,0.0,0.0,17346.9008892341,9441.905138869792,False,1.0,,50.0,0.05
sweep_00945,87,DAILY_0001,5,1000.0,0.7,0.2,True,False,,,0,2,2,0.6108407343567581,0.0,1.0,0.0,0.0,16887.21410701461,9110.075023309217,False,1.0,,50.0,0.05
sweep_00946,88,DAILY_0001,5,1000.0,0.7,0.2,False,True,BEHAVIORAL_DEFAULT_SURPLUS_COLLATERAL,3.0,1,0,0,0.2295668026988248,3000.0,1.0,0.0,1018.878064292082,6598.059130640779,7996.875868077603,False,0.8,,50.0,0.05
sweep_00947,89,DAILY_0001,5,1000.0,0.7,0.2,True,False,,,0,2,2,0.6108407343567581,0.0,1.0,0.0,0.0,16483.760527058344,9337.342474441324,False,1.0,,50.0,0.05
sweep_00948,90,DAILY_0001,5,1000.0,0.7,0.2,False,True,BEHAVIORAL_DEFAULT_SURPLUS_COLLATERAL,4.0,1,2,2,0.6108407343567581,2000.0,1.0,0.0,840.7978554017909,9428.143344053857,8478.965935939204,False,0.8,,50.0,0.05
sweep_00949,91,DAILY_0001,5,1000.0,0.7,0.2,True,False,,,0,2,2,0.6108407343567581,0.0,1.0,0.0,0.0,16432.64453049189,9386.022055222336,False,1.0,,50.0,0.05
sweep_00950,92,DAILY_0001,5,1000.0,0.7,0.2,True,False,,,0,2,2,0.6108407343567581,0.0,1.0,0.0,0.0,16541.46983637411,8960.946169688155,False,1.0,,50.0,0.05
sweep_00951,93,DAILY_0001,5,1000.0,0.7,0.2,False,True,BEHAVIORAL_DEFAULT_INSUFFICIENT_COLLATERAL,3.0,1,0,0,0.2295668026988248,2418.4562302269424,0.8061520767423141,581.5437697730576,0.0,7022.911645595454,8621.089280145536,False,0.8,,50.0,0.05
sweep_00952,94,DAILY_0001,5,1000.0,0.7,0.2,True,False,,,0,2,2,0.6108407343567581,0.0,1.0,0.0,0.0,16816.49136159871,9135.735465589994,False,1.0,,50.0,0.05
sweep_00953,95,DAILY_0001,5,1000.0,0.7,0.2,True,False,,,0,2,2,0.6108407343567581,0.0,1.0,0.0,0.0,17545.744689882886,9555.138473772884,False,1.0,,50.0,0.05
sweep_00954,96,DAILY_0001,5,1000.0,0.7,0.2,True,False,,,0,2,2,0.6108407343567581,0.0,1.0,0.0,0.0,17272.505142960632,9184.687512402461,False,1.0,,50.0,0.05
sweep_00955,97,DAILY_0001,5,1000.0,0.7,0.2,True,False,,,0,2,2,0.6108407343567581,0.0,1.0,0.0,0.0,17205.00493267573,9253.306896663911,False,1.0,,50.0,0.05
sweep_00956,98,DAILY_0001,5,1000.0,0.7,0.2,True,False,,,0,2,2,0.6108407343567581,0.0,1.0,0.0,0.0,17117.740576801672,9341.87736235662,False,1.0,,50.0,0.05
sweep_00957,99,DAILY_0001,5,1000.0,0.7,0.2,False,True,BEHAVIORAL_DEFAULT_SURPLUS_COLLATERAL,4.0,1,2,2,0.6108407343567581,2000.0,1.0,0.0,839.7305991133371,9546.407766635395,8483.0895119959,False,0.8,,50.0,0.05
sweep_00958,100,DAILY_0001,5,1000.0,0.7,0.2,True,False,,,0,2,2,0.6108407343567581,0.0,1.0,0.0,0.0,17296.288473944063,9443.636478370741,False,1.0,,50.0,0.05
sweep_00959,101,DAILY_0001,5,1000.0,0.7,0.2,False,True,BEHAVIORAL_DEFAULT_SURPLUS_COLLATERAL,5.0,1,2,2,0.6108407343567581,1000.0,1.0,0.0,917.9397702343131,13094.897102232273,9331.240942563714,False,0.8,,50.0,0.05
sweep_00960,102,DAILY_0001,5,1000.0,0.7,0.2,False,True,BEHAVIORAL_DEFAULT_SURPLUS_COLLATERAL,5.0,1,2,2,0.6108407343567581,1000.0,1.0,0.0,3081.4504809030004,13315.718463742422,9722.171155737866,False,0.8,,50.0,0.05
sweep_00961,103,DAILY_0001,5,1000.0,0.7,0.2,False,True,BEHAVIORAL_DEFAULT_INSUFFICIENT_COLLATERAL,4.0,1,2,2,0.6108407343567581,1782.6335621443175,0.8913167810721587,217.36643785568253,0.0,9410.055771571677,8442.252756195494,False,0.8,,50.0,0.05
sweep_00962,104,DAILY_0001,5,1000.0,0.7,0.2,True,False,,,0,2,2,0.6108407343567581,0.0,1.0,0.0,0.0,16965.565545296653,9085.056456056045,False,1.0,,50.0,0.05
sweep_00963,105,DAILY_0001,5,1000.0,0.7,0.2,False,True,BEHAVIORAL_DEFAULT_SURPLUS_COLLATERAL,4.0,1,2,2,0.6108407343567581,2000.0,1.0,0.0,843.359895947192,10112.068977480729,8662.972934713627,False,0.8,,50.0,0.05
sweep_00964,106,DAILY_0001,5,1000.0,0.7,0.2,False,True,BEHAVIORAL_DEFAULT_INSUFFICIENT_COLLATERAL,5.0,1,2,2,0.6108407343567581,935.5475692611539,0.9355475692611539,64.45243073884615,0.0,13317.118454353504,9348.883092699216,False,0.8,,50.0,0.05
sweep_00965,107,DAILY_0001,5,1000.0,0.7,0.2,False,True,BEHAVIORAL_DEFAULT_INSUFFICIENT_COLLATERAL,4.0,1,2,2,0.6108407343567581,1791.5841273637106,0.8957920636818554,208.41587263628935,0.0,9504.711727327722,8362.831573057862,False,0.8,,50.0,0.05
sweep_00966,108,DAILY_0001,5,1000.0,0.7,0.2,False,True,BEHAVIORAL_DEFAULT_SURPLUS_COLLATERAL,4.0,1,2,2,0.6108407343567581,2000.0,1.0,0.0,841.5347815600203,9229.632260373746,8435.547578243826,False,0.8,,50.0,0.05
sweep_00967,109,DAILY_0001,5,1000.0,0.7,0.2,True,False,,,0,2,2,0.6108407343567581,0.0,1.0,0.0,0.0,17097.560018571552,9257.56270735371,False,1.0,,50.0,0.05
sweep_00968,110,DAILY_0001,5,1000.0,0.7,0.2,True,False,,,0,2,2,0.6108407343567581,0.0,1.0,0.0,0.0,17252.145983174083,9448.49127588093,False,1.0,,50.0,0.05
sweep_00969,111,DAILY_0001,5,1000.0,0.7,0.2,False,True,BEHAVIORAL_DEFAULT_SURPLUS_COLLATERAL,5.0,1,2,2,0.6108407343567581,1000.0,1.0,0.0,808.8949953179192,13005.811951455453,9283.84843328432,False,0.8,,50.0,0.05
sweep_00970,112,DAILY_0001,5,1000.0,0.7,0.2,True,False,,,0,2,2,0.6108407343567581,0.0,1.0,0.0,0.0,16909.07625773677,9166.669031817077,False,1.0,,50.0,0.05
sweep_00971,113,DAILY_0001,5,1000.0,0.7,0.2,False,True,BEHAVIORAL_DEFAULT_INSUFFICIENT_COLLATERAL,3.0,1,0,0,0.2295668026988248,2445.767649570018,0.815255883190006,554.232350429982,0.0,6623.312533026473,8076.933161378293,False,0.8,,50.0,0.05
sweep_00972,114,DAILY_0001,5,1000.0,0.7,0.2,False,True,BEHAVIORAL_DEFAULT_INSUFFICIENT_COLLATERAL,3.0,1,0,0,0.2295668026988248,2358.9958279378648,0.786331942645955,641.0041720621352,0.0,6121.454939968626,7728.099805020791,False,0.8,,50.0,0.05
sweep_00973,115,DAILY_0001,5,1000.0,0.7,0.2,True,False,,,0,2,2,0.6108407343567581,0.0,1.0,0.0,0.0,16756.555719327873,8942.330719339212,False,1.0,,50.0,0.05
sweep_00974,116,DAILY_0001,5,1000.0,0.7,0.2,False,True,BEHAVIORAL_DEFAULT_SURPLUS_COLLATERAL,3.0,1,0,0,0.2295668026988248,3000.0,1.0,0.0,1190.1680418068327,6397.070943819939,8032.064325470557,False,0.8,,50.0,0.05
sweep_00975,117,DAILY_0001,5,1000.0,0.7,0.2,False,True,BEHAVIORAL_DEFAULT_INSUFFICIENT_COLLATERAL,2.0,1,0,0,0.0802993013430624,3550.7173784353113,0.8876793446088278,449.2826215646887,0.0,3189.4444401873525,3619.6214309819907,False,0.8,,50.0,0.05
sweep_00976,118,DAILY_0001,5,1000.0,0.7,0.2,True,False,,,0,2,2,0.6108407343567581,0.0,1.0,0.0,0.0,16908.748437966286,9503.418502505989,False,1.0,,50.0,0.05
sweep_00977,119,DAILY_0001,5,1000.0,0.7,0.2,True,False,,,0,2,2,0.6108407343567581,0.0,1.0,0.0,0.0,16730.031620694273,9207.252665929316,False,1.0,,50.0,0.05
sweep_00978,120,DAILY_0001,5,1000.0,0.7,0.2,True,False,,,0,2,2,0.6108407343567581,0.0,1.0,0.0,0.0,17299.20314416707,9564.565938854983,False,1.0,,50.0,0.05
sweep_00979,121,DAILY_0001,5,1000.0,0.7,0.2,False,True,BEHAVIORAL_DEFAULT_SURPLUS_COLLATERAL,4.0,1,2,2,0.6108407343567581,2000.0,1.0,0.0,839.7350299636846,9287.607451281923,8369.067843847302,False,0.8,,50.0,0.05
sweep_00980,122,DAILY_0001,5,1000.0,0.7,0.2,True,False,,,0,2,2,0.6108407343567581,0.0,1.0,0.0,0.0,16786.425779314144,9301.96097227961,False,1.0,,50.0,0.05
sweep_00981,123,DAILY_0001,5,1000.0,0.7,0.2,False,True,BEHAVIORAL_DEFAULT_SURPLUS_COLLATERAL,4.0,1,2,2,0.6108407343567581,2000.0,1.0,0.0,841.5721978432834,10213.097259473365,8688.660960675788,False,0.8,,50.0,0.05
sweep_00982,124,DAILY_0001,5,1000.0,0.7,0.2,True,False,,,0,2,2,0.6108407343567581,0.0,1.0,0.0,0.0,17378.096470344266,9683.114507385875,False,1.0,,50.0,0.05
sweep_00983,125,DAILY_0001,5,1000.0,0.7,0.2,True,False,,,0,2,2,0.6108407343567581,0.0,1.0,0.0,0.0,17222.14785778652,9354.897581066427,False,1.0,,50.0,0.05
sweep_00984,126,DAILY_0001,5,1000.0,0.7,0.2,False,True,BEHAVIORAL_DEFAULT_SURPLUS_COLLATERAL,3.0,1,0,0,0.2295668026988248,3000.0,1.0,0.0,1265.2217100223252,6608.331218475114,8220.368578416284,False,0.8,,50.0,0.05
sweep_00985,127,DAILY_0001,5,1000.0,0.7,0.2,True,False,,,0,2,2,0.6108407343567581,0.0,1.0,0.0,0.0,17068.994068195138,9259.456675854,False,1.0,,50.0,0.05
sweep_00986,128,DAILY_0001,5,1000.0,0.7,0.2,True,False,,,0,2,2,0.6108407343567581,0.0,1.0,0.0,0.0,17380.160876094935,9294.399327906516,False,1.0,,50.0,0.05
sweep_00987,129,DAILY_0001,5,1000.0,0.7,0.2,True,False,,,0,2,2,0.6108407343567581,0.0,1.0,0.0,0.0,16680.988802965425,9137.15066093247,False,1.0,,50.0,0.05
sweep_00988,130,DAILY_0001,5,1000.0,0.7,0.2,False,True,BEHAVIORAL_DEFAULT_SURPLUS_COLLATERAL,5.0,1,2,2,0.6108407343567581,1000.0,1.0,0.0,1315.7776564401938,12730.738840773127,9422.001566925275,False,0.8,,50.0,0.05
sweep_00989,131,DAILY_0001,5,1000.0,0.7,0.2,False,True,BEHAVIORAL_DEFAULT_SURPLUS_COLLATERAL,4.0,1,2,2,0.6108407343567581,2000.0,1.0,0.0,840.6419096915333,9894.940183776958,8528.509166556389,False,0.8,,50.0,0.05
sweep_00990,132,DAILY_0001,5,1000.0,0.7,0.2,False,True,BEHAVIORAL_DEFAULT_INSUFFICIENT_COLLATERAL,4.0,1,2,2,0.6108407343567581,1508.877971631926,0.7544389858159629,491.1220283680741,0.0,9452.061028387478,8396.6498099443,False,0.8,,50.0,0.05
sweep_00991,133,DAILY_0001,5,1000.0,0.7,0.2,False,True,BEHAVIORAL_DEFAULT_INSUFFICIENT_COLLATERAL,2.0,1,0,0,0.0802993013430624,3498.020783764725,0.8745051959411813,501.9792162352751,0.0,3049.7954187370806,3562.088117417563,False,0.8,,50.0,0.05
sweep_00992,134,DAILY_0001,5,1000.0,0.7,0.2,False,True,BEHAVIORAL_DEFAULT_INSUFFICIENT_COLLATERAL,3.0,1,0,0,0.2295668026988248,2434.812375779269,0.8116041252597563,565.1876242207309,0.0,6618.547990000483,8101.618942842109,False,0.8,,50.0,0.05
sweep_00993,135,DAILY_0001,5,1000.0,0.7,0.2,True,False,,,0,2,2,0.6108407343567581,0.0,1.0,0.0,0.0,17308.180105341366,9365.261244288493,False,1.0,,50.0,0.05
sweep_00994,136,DAILY_0001,5,1000.0,0.7,0.2,False,True,BEHAVIORAL_DEFAULT_SURPLUS_COLLATERAL,5.0,1,2,2,0.6108407343567581,1000.0,1.0,0.0,878.5391118513239,12439.168673732074,9027.033057359433,False,0.8,,50.0,0.05
sweep_00995,137,DAILY_0001,5,1000.0,0.7,0.2,False,True,BEHAVIORAL_DEFAULT_INSUFFICIENT_COLLATERAL,4.0,1,2,2,0.6108407343567581,1693.024883406957,0.8465124417034785,306.9751165930429,0.0,9538.559186760156,8485.683297581374,False,0.8,,50.0,0.05
sweep_00996,138,DAILY_0001,5,1000.0,0.7,0.2,False,True,BEHAVIORAL_DEFAULT_INSUFFICIENT_COLLATERAL,5.0,1,2,2,0.6108407343567581,880.457023719268,0.880457023719268,119.54297628073198,0.0,12533.99100881035,9231.35680024131,False,0.8,,50.0,0.05
sweep_00997,139,DAILY_0001,5,1000.0,0.7,0.2,False,True,BEHAVIORAL_DEFAULT_INSUFFICIENT_COLLATERAL,2.0,1,0,0,0.0802993013430624,3521.1710678540794,0.8802927669635199,478.8289321459206,0.0,3111.145009532911,3587.3632336170895,False,0.8,,50.0,0.05
sweep_00998,140,DAILY_0001,5,1000.0,0.7,0.2,False,True,BEHAVIORAL_DEFAULT_INSUFFICIENT_COLLATERAL,2.0,1,0,0,0.0802993013430624,3540.1636306976206,0.8850409076744051,459.83636930237935,0.0,3161.476398733924,3608.099015128214,False,0.8,,50.0,0.05
sweep_00999,141,DAILY_0001,5,1000.0,0.7,0.2,True,False,,,0,2,2,0.6108407343567581,0.0,1.0,0.0,0.0,17185.12705013151,9272.027858508194,False,1.0,,50.0,0.05
sweep_01000,142,DAILY_0001,5,1000.0,0.7,0.2,False,True,BEHAVIORAL_DEFAULT_INSUFFICIENT_COLLATERAL,2.0,1,0,0,0.0802993013430624,3541.9898120799585,0.8854974530199896,458.0101879200415,0.0,3166.3158849403544,3610.0928112501897,False,0.8,,50.0,0.05
sweep_01001,143,DAILY_0001,5,1000.0,0.7,0.2,True,False,,,0,2,2,0.6108407343567581,0.0,1.0,0.0,0.0,16445.290904199723,9328.843575653791,False,1.0,,50.0,0.05
sweep_01002,144,DAILY_0001,5,1000.0,0.7,0.2,True,False,,,0,2,2,0.6108407343567581,0.0,1.0,0.0,0.0,17343.411988435073,9479.14271511632,False,1.0,,50.0,0.05
sweep_01003,145,DAILY_0001,5,1000.0,0.7,0.2,True,False,,,0,2,2,0.6108407343567581,0.0,1.0,0.0,0.0,17193.72751399906,9417.13630503199,False,1.0,,50.0,0.05
sweep_01004,146,DAILY_0001,5,1000.0,0.7,0.2,True,False,,,0,2,2,0.6108407343567581,0.0,1.0,0.0,0.0,16193.924104929843,9060.97384321058,False,1.0,,50.0,0.05
sweep_01005,147,DAILY_0001,5,1000.0,0.7,0.2,False,True,BEHAVIORAL_DEFAULT_INSUFFICIENT_COLLATERAL,4.0,1,2,2,0.6108407343567581,1569.0387212210421,0.7845193606105211,430.9612787789579,0.0,9889.107754331599,8534.51003427015,False,0.8,,50.0,0.05
sweep_01006,148,DAILY_0001,5,1000.0,0.7,0.2,True,False,,,0,2,2,0.6108407343567581,0.0,1.0,0.0,0.0,17096.666287603017,9358.975372304643,False,1.0,,50.0,0.05
sweep_01007,149,DAILY_0001,5,1000.0,0.7,0.2,False,True,BEHAVIORAL_DEFAULT_INSUFFICIENT_COLLATERAL,4.0,1,2,2,0.6108407343567581,1473.2424925188402,0.7366212462594202,526.7575074811598,0.0,9814.02173860668,8662.545650884998,False,0.8,,50.0,0.05
sweep_01008,150,DAILY_0001,5,1000.0,0.7,0.2,True,False,,,0,2,2,0.6108407343567581,0.0,1.0,0.0,0.0,16546.279710931314,9356.017397722517,False,1.0,,50.0,0.05
sweep_01009,151,DAILY_0001,5,1000.0,0.7,0.2,False,True,BEHAVIORAL_DEFAULT_SURPLUS_COLLATERAL,5.0,1,2,2,0.6108407343567581,1000.0,1.0,0.0,1074.1436418794055,13335.570209326292,9455.90575907798,False,0.8,,50.0,0.05
sweep_01010,152,DAILY_0001,5,1000.0,0.7,0.2,True,False,,,0,2,2,0.6108407343567581,0.0,1.0,0.0,0.0,17093.36930493184,9338.496432827851,False,1.0,,50.0,0.05
sweep_01011,153,DAILY_0001,5,1000.0,0.7,0.2,True,False,,,0,2,2,0.6108407343567581,0.0,1.0,0.0,0.0,16508.84948067981,9020.170445849628,False,1.0,,50.0,0.05
sweep_01012,154,DAILY_0001,5,1000.0,0.7,0.2,True,False,,,0,2,2,0.6108407343567581,0.0,1.0,0.0,0.0,16928.440090342658,9149.875534959316,False,1.0,,50.0,0.05
sweep_01013,155,DAILY_0001,5,1000.0,0.7,0.2,False,True,BEHAVIORAL_DEFAULT_SURPLUS_COLLATERAL,3.0,1,0,0,0.2295668026988248,3000.0,1.0,0.0,1141.2322726636094,6224.123226178908,7888.954892545223,False,0.8,,50.0,0.05
sweep_01014,156,DAILY_0001,5,1000.0,0.7,0.2,True,False,,,0,2,2,0.6108407343567581,0.0,1.0,0.0,0.0,16822.870383115638,9139.437186420828,False,1.0,,50.0,0.05
sweep_01015,157,DAILY_0001,5,1000.0,0.7,0.2,False,True,BEHAVIORAL_DEFAULT_INSUFFICIENT_COLLATERAL,3.0,1,0,0,0.2295668026988248,2364.8591751358854,0.7882863917119618,635.1408248641146,0.0,6313.283449869156,7936.889382562695,False,0.8,,50.0,0.05
sweep_01016,158,DAILY_0001,5,1000.0,0.7,0.2,True,False,,,0,2,2,0.6108407343567581,0.0,1.0,0.0,0.0,17327.297792749472,9315.510975981677,False,1.0,,50.0,0.05
sweep_01017,159,DAILY_0001,5,1000.0,0.7,0.2,True,False,,,0,2,2,0.6108407343567581,0.0,1.0,0.0,0.0,17547.075472215663,9536.61306183831,False,1.0,,50.0,0.05
sweep_01018,160,DAILY_0001,5,1000.0,0.7,0.2,False,True,BEHAVIORAL_DEFAULT_SURPLUS_COLLATERAL,5.0,1,2,2,0.6108407343567581,1000.0,1.0,0.0,2962.925442481652,13559.294233579409,9616.100037676364,False,0.8,,50.0,0.05
sweep_01019,161,DAILY_0001,5,1000.0,0.7,0.2,True,False,,,0,2,2,0.6108407343567581,0.0,1.0,0.0,0.0,16722.38973114001,9288.268154309659,False,1.0,,50.0,0.05
sweep_01020,162,DAILY_0001,5,1000.0,0.7,0.2,False,True,BEHAVIORAL_DEFAULT_SURPLUS_COLLATERAL,3.0,1,0,0,0.2295668026988248,3000.0,1.0,0.0,1019.006299826392,6099.333759251945,7708.934170029259,False,0.8,,50.0,0.05
sweep_01021,163,DAILY_0001,5,1000.0,0.7,0.2,True,False,,,0,2,2,0.6108407343567581,0.0,1.0,0.0,0.0,17276.966005569957,9448.221984116255,False,1.0,,50.0,0.05
sweep_01022,164,DAILY_0001,5,1000.0,0.7,0.2,True,False,,,0,2,2,0.6108407343567581,0.0,1.0,0.0,0.0,17233.351687522765,9309.971368274486,False,1.0,,50.0,0.05
sweep_01023,165,DAILY_0001,5,1000.0,0.7,0.2,True,False,,,0,2,2,0.6108407343567581,0.0,1.0,0.0,0.0,16913.7215097475,9083.84186176249,False,1.0,,50.0,0.05
sweep_01024,166,DAILY_0001,5,1000.0,0.7,0.2,False,True,BEHAVIORAL_DEFAULT_SURPLUS_COLLATERAL,5.0,1,2,2,0.6108407343567581,1000.0,1.0,0.0,1233.1655601261814,13275.843211445086,9476.617626928544,False,0.8,,50.0,0.05
sweep_01025,167,DAILY_0001,5,1000.0,0.7,0.2,True,False,,,0,2,2,0.6108407343567581,0.0,1.0,0.0,0.0,16859.790773916782,9143.708057722102,False,1.0,,50.0,0.05
sweep_01026,168,DAILY_0001,5,1000.0,0.7,0.2,False,True,BEHAVIORAL_DEFAULT_SURPLUS_COLLATERAL,5.0,1,2,2,0.6108407343567581,1000.0,1.0,0.0,2919.626632762489,12306.50352346156,9189.763583355636,False,0.8,,50.0,0.05
sweep_01027,169,DAILY_0001,5,1000.0,0.7,0.2,False,True,BEHAVIORAL_DEFAULT_SURPLUS_COLLATERAL,5.0,1,2,2,0.6108407343567581,1000.0,1.0,0.0,1313.5596155762123,13383.861734067441,9386.966826596967,False,0.8,,50.0,0.05
sweep_01028,170,DAILY_0001,5,1000.0,0.7,0.2,True,False,,,0,2,2,0.6108407343567581,0.0,1.0,0.0,0.0,17232.159337492943,9228.385986837218,False,1.0,,50.0,0.05
sweep_01029,171,DAILY_0001,5,1000.0,0.7,0.2,True,False,,,0,2,2,0.6108407343567581,0.0,1.0,0.0,0.0,16487.879755940605,8861.439426388855,False,1.0,,50.0,0.05
sweep_01030,172,DAILY_0001,5,1000.0,0.7,0.2,False,True,BEHAVIORAL_DEFAULT_INSUFFICIENT_COLLATERAL,5.0,1,2,2,0.6108407343567581,842.7051198381354,0.8427051198381353,157.29488016186463,0.0,12754.088913575759,9022.367508144189,False,0.8,,50.0,0.05
sweep_01031,173,DAILY_0001,5,1000.0,0.7,0.2,True,False,,,0,2,2,0.6108407343567581,0.0,1.0,0.0,0.0,16811.936915077735,9236.198880028413,False,1.0,,50.0,0.05
sweep_01032,174,DAILY_0001,5,1000.0,0.7,0.2,True,False,,,0,2,2,0.6108407343567581,0.0,1.0,0.0,0.0,16928.24289810534,9254.774406613735,False,1.0,,50.0,0.05
sweep_01033,175,DAILY_0001,5,1000.0,0.7,0.2,True,False,,,0,2,2,0.6108407343567581,0.0,1.0,0.0,0.0,16822.84112582361,9044.952297770256,False,1.0,,50.0,0.05
sweep_01034,176,DAILY_0001,5,1000.0,0.7,0.2,True,False,,,0,2,2,0.6108407343567581,0.0,1.0,0.0,0.0,16402.90381242599,8910.224930628878,False,1.0,,50.0,0.05
sweep_01035,177,DAILY_0001,5,1000.0,0.7,0.2,False,True,BEHAVIORAL_DEFAULT_INSUFFICIENT_COLLATERAL,2.0,1,0,0,0.0802993013430624,3539.678549410448,0.8849196373526119,460.3214505895521,0.0,3160.1909052878864,3607.5694110053364,False,0.8,,50.0,0.05
sweep_01036,178,DAILY_0001,5,1000.0,0.7,0.2,True,False,,,0,2,2,0.6108407343567581,0.0,1.0,0.0,0.0,16613.95277706074,8979.521798784084,False,1.0,,50.0,0.05
sweep_01037,179,DAILY_0001,5,1000.0,0.7,0.2,True,False,,,0,2,2,0.6108407343567581,0.0,1.0,0.0,0.0,16825.94357748756,9020.72133833549,False,1.0,,50.0,0.05
sweep_01038,180,DAILY_0001,5,1000.0,0.7,0.2,True,False,,,0,2,2,0.6108407343567581,0.0,1.0,0.0,0.0,17332.698660576734,9409.272037105275,False,1.0,,50.0,0.05
sweep_01039,181,DAILY_0001,5,1000.0,0.7,0.2,False,True,BEHAVIORAL_DEFAULT_INSUFFICIENT_COLLATERAL,4.0,1,2,2,0.6108407343567581,1802.7191697441435,0.9013595848720718,197.28083025585647,0.0,9381.7156603568,8526.845884579428,False,0.8,,50.0,0.05
sweep_01040,182,DAILY_0001,5,1000.0,0.7,0.2,False,True,BEHAVIORAL_DEFAULT_INSUFFICIENT_COLLATERAL,4.0,1,2,2,0.6108407343567581,1753.470360814485,0.8767351804072425,246.52963918551495,0.0,9613.459796300805,8458.734556561116,False,0.8,,50.0,0.05
sweep_01041,183,DAILY_0001,5,1000.0,0.7,0.2,False,True,BEHAVIORAL_DEFAULT_SURPLUS_COLLATERAL,5.0,1,2,2,0.6108407343567581,1000.0,1.0,0.0,745.9806562817407,12517.895991903359,8902.859007980573,False,0.8,,50.0,0.05
sweep_01042,184,DAILY_0001,5,1000.0,0.7,0.2,True,False,,,0,2,2,0.6108407343567581,0.0,1.0,0.0,0.0,17226.715015370733,9467.33270455996,False,1.0,,50.0,0.05
sweep_01043,185,DAILY_0001,5,1000.0,0.7,0.2,False,True,BEHAVIORAL_DEFAULT_INSUFFICIENT_COLLATERAL,4.0,1,2,2,0.6108407343567581,1492.967005738038,0.7464835028690191,507.0329942619619,0.0,9321.804157226868,8407.719043026256,False,0.8,,50.0,0.05
sweep_01044,186,DAILY_0001,5,1000.0,0.7,0.2,False,True,BEHAVIORAL_DEFAULT_INSUFFICIENT_COLLATERAL,3.0,1,0,0,0.2295668026988248,2451.13293565869,0.81704431188623,548.8670643413102,0.0,6559.983069571281,7987.828540083869,False,0.8,,50.0,0.05
sweep_01045,187,DAILY_0001,5,1000.0,0.7,0.2,False,True,BEHAVIORAL_DEFAULT_INSUFFICIENT_COLLATERAL,4.0,1,2,2,0.6108407343567581,1673.4513727074832,0.8367256863537416,326.5486272925168,0.0,9703.856181907031,8500.94813951375,False,0.8,,50.0,0.05
sweep_01046,188,DAILY_0001,5,1000.0,0.7,0.2,False,True,BEHAVIORAL_DEFAULT_SURPLUS_COLLATERAL,5.0,1,2,2,0.6108407343567581,1000.0,1.0,0.0,1310.483867508026,13167.848974053273,9246.844754094443,False,0.8,,50.0,0.05
sweep_01047,189,DAILY_0001,5,1000.0,0.7,0.2,True,False,,,0,2,2,0.6108407343567581,0.0,1.0,0.0,0.0,17458.454152212147,9596.727550676875,False,1.0,,50.0,0.05
sweep_01048,190,DAILY_0001,5,1000.0,0.7,0.2,False,True,BEHAVIORAL_DEFAULT_SURPLUS_COLLATERAL,4.0,1,2,2,0.6108407343567581,2000.0,1.0,0.0,838.6347099185359,9384.639416814975,8349.192733459522,False,0.8,,50.0,0.05
sweep_01049,191,DAILY_0001,5,1000.0,0.7,0.2,True,False,,,0,2,2,0.6108407343567581,0.0,1.0,0.0,0.0,16741.237276910877,9149.439509508475,False,1.0,,50.0,0.05
sweep_01050,42,DAILY_0001,5,1000.0,0.7,0.2,True,False,,,0,2,2,0.6108407343567581,0.0,1.0,0.0,0.0,17143.15024973444,9370.255176459736,False,1.0,,100.0,0.05
sweep_01051,43,DAILY_0001,5,1000.0,0.7,0.2,True,False,,,0,2,2,0.6108407343567581,0.0,1.0,0.0,0.0,16683.664856290503,9193.797444606533,False,1.0,,100.0,0.05
sweep_01052,44,DAILY_0001,5,1000.0,0.7,0.2,True,False,,,0,2,2,0.6108407343567581,0.0,1.0,0.0,0.0,16963.961355801184,9515.294516977066,False,1.0,,100.0,0.05
sweep_01053,45,DAILY_0001,5,1000.0,0.7,0.2,False,True,BEHAVIORAL_DEFAULT_SURPLUS_COLLATERAL,5.0,1,2,2,0.6108407343567581,1000.0,1.0,0.0,3007.4856742863662,12896.079661440042,9137.69505831559,False,0.8,,100.0,0.05
sweep_01054,46,DAILY_0001,5,1000.0,0.7,0.2,True,False,,,0,2,2,0.6108407343567581,0.0,1.0,0.0,0.0,16307.234970412434,9102.543336073846,False,1.0,,100.0,0.05
sweep_01055,47,DAILY_0001,5,1000.0,0.7,0.2,True,False,,,0,2,2,0.6108407343567581,0.0,1.0,0.0,0.0,17175.220923270765,9347.223898266826,False,1.0,,100.0,0.05
sweep_01056,48,DAILY_0001,5,1000.0,0.7,0.2,False,True,BEHAVIORAL_DEFAULT_INSUFFICIENT_COLLATERAL,3.0,1,0,0,0.2295668026988248,2412.5088314614395,0.8041696104871465,587.4911685385605,0.0,6384.596399760172,7888.855091415883,False,0.8,,100.0,0.05
sweep_01057,49,DAILY_0001,5,1000.0,0.7,0.2,True,False,,,0,2,2,0.6108407343567581,0.0,1.0,0.0,0.0,17411.6649980281,9534.069099409187,False,1.0,,100.0,0.05
sweep_01058,50,DAILY_0001,5,1000.0,0.7,0.2,True,False,,,0,2,2,0.6108407343567581,0.0,1.0,0.0,0.0,16470.071539501125,8878.562328216438,False,1.0,,100.0,0.05
sweep_01059,51,DAILY_0001,5,1000.0,0.7,0.2,True,False,,,0,2,2,0.6108407343567581,0.0,1.0,0.0,0.0,16553.917458671152,9024.690105286852,False,1.0,,100.0,0.05
sweep_01060,52,DAILY_0001,5,1000.0,0.7,0.2,False,True,BEHAVIORAL_DEFAULT_SURPLUS_COLLATERAL,5.0,1,2,2,0.6108407343567581,1000.0,1.0,0.0,2859.9300327861865,13756.613367327447,9698.070114346774,False,0.8,,100.0,0.05
sweep_01061,53,DAILY_0001,5,1000.0,0.7,0.2,False,True,BEHAVIORAL_DEFAULT_SURPLUS_COLLATERAL,5.0,1,2,2,0.6108407343567581,1000.0,1.0,0.0,2940.130582142139,12961.478326267516,9260.77790997163,False,0.8,,100.0,0.05
sweep_01062,54,DAILY_0001,5,1000.0,0.7,0.2,False,True,BEHAVIORAL_DEFAULT_INSUFFICIENT_COLLATERAL,5.0,1,2,2,0.6108407343567581,930.7106913239862,0.9307106913239862,69.28930867601377,0.0,12569.941496225256,9426.769832155784,False,0.8,,100.0,0.05
sweep_01063,55,DAILY_0001,5,1000.0,0.7,0.2,False,True,BEHAVIORAL_DEFAULT_SURPLUS_COLLATERAL,5.0,1,2,2,0.6108407343567581,1000.0,1.0,0.0,1318.9395965923077,13020.111295967612,9159.830794213824,False,0.8,,100.0,0.05
sweep_01064,56,DAILY_0001,5,1000.0,0.7,0.2,False,True,BEHAVIORAL_DEFAULT_SURPLUS_COLLATERAL,5.0,1,2,2,0.6108407343567581,1000.0,1.0,0.0,1268.678906797118,12704.486967871519,9041.594889773169,False,0.8,,100.0,0.05
sweep_01065,57,DAILY_0001,5,1000.0,0.7,0.2,True,False,,,0,2,2,0.6108407343567581,0.0,1.0,0.0,0.0,16629.925622068513,8874.442921586882,False,1.0,,100.0,0.05
sweep_01066,58,DAILY_0001,5,1000.0,0.7,0.2,True,False,,,0,2,2,0.6108407343567581,0.0,1.0,0.0,0.0,17118.252725129587,9373.132485475966,False,1.0,,100.0,0.05
sweep_01067,59,DAILY_0001,5,1000.0,0.7,0.2,False,True,BEHAVIORAL_DEFAULT_INSUFFICIENT_COLLATERAL,4.0,1,2,2,0.6108407343567581,1474.3337157608662,0.7371668578804331,525.6662842391338,0.0,9396.14470761244,8502.428977309573,False,0.8,,100.0,0.05
sweep_01068,60,DAILY_0001,5,1000.0,0.7,0.2,True,False,,,0,2,2,0.6108407343567581,0.0,1.0,0.0,0.0,16890.892442598783,9116.343348300228,False,1.0,,100.0,0.05
sweep_01069,61,DAILY_0001,5,1000.0,0.7,0.2,True,False,,,0,2,2,0.6108407343567581,0.0,1.0,0.0,0.0,17049.548692196306,9354.949992775406,False,1.0,,100.0,0.05
sweep_01070,62,DAILY_0001,5,1000.0,0.7,0.2,True,False,,,0,2,2,0.6108407343567581,0.0,1.0,0.0,0.0,16688.163188009137,9072.523856043452,False,1.0,,100.0,0.05
sweep_01071,63,DAILY_0001,5,1000.0,0.7,0.2,False,True,BEHAVIORAL_DEFAULT_SURPLUS_COLLATERAL,5.0,1,2,2,0.6108407343567581,1000.0,1.0,0.0,1291.1592639830033,12560.781626539678,9357.460797656533,False,0.8,,100.0,0.05
sweep_01072,64,DAILY_0001,5,1000.0,0.7,0.2,False,True,BEHAVIORAL_DEFAULT_SURPLUS_COLLATERAL,3.0,1,0,0,0.2295668026988248,3000.0,1.0,0.0,1021.6619607426328,6151.058035452796,7741.154558163189,False,0.8,,100.0,0.05
sweep_01073,65,DAILY_0001,5,1000.0,0.7,0.2,False,True,BEHAVIORAL_DEFAULT_INSUFFICIENT_COLLATERAL,2.0,1,0,0,0.0802993013430624,3516.9512722580434,0.8792378180645108,483.04872774195655,0.0,3099.9623073224475,3582.7561271290483,False,0.8,,100.0,0.05
sweep_01074,66,DAILY_0001,5,1000.0,0.7,0.2,True,False,,,0,2,2,0.6108407343567581,0.0,1.0,0.0,0.0,17056.111050431617,9232.174432303358,False,1.0,,100.0,0.05
sweep_01075,67,DAILY_0001,5,1000.0,0.7,0.2,True,False,,,0,2,2,0.6108407343567581,0.0,1.0,0.0,0.0,17358.7323024141,9663.276923339576,False,1.0,,100.0,0.05
sweep_01076,68,DAILY_0001,5,1000.0,0.7,0.2,False,True,BEHAVIORAL_DEFAULT_INSUFFICIENT_COLLATERAL,4.0,1,2,2,0.6108407343567581,1506.625087562316,0.753312543781158,493.3749124376841,0.0,9384.172146377827,8436.988111005867,False,0.8,,100.0,0.05
sweep_01077,69,DAILY_0001,5,1000.0,0.7,0.2,False,True,BEHAVIORAL_DEFAULT_INSUFFICIENT_COLLATERAL,3.0,1,0,0,0.2295668026988248,2373.4535702457965,0.7911511900819321,626.5464297542035,0.0,6254.764509256824,7844.50355561309,False,0.8,,100.0,0.05
sweep_01078,70,DAILY_0001,5,1000.0,0.7,0.2,True,False,,,0,2,2,0.6108407343567581,0.0,1.0,0.0,0.0,18008.300555488746,9657.672668999056,False,1.0,,100.0,0.05
sweep_01079,71,DAILY_0001,5,1000.0,0.7,0.2,True,False,,,0,2,2,0.6108407343567581,0.0,1.0,0.0,0.0,17077.07193201092,9246.776724688794,False,1.0,,100.0,0.05
sweep_01080,72,DAILY_0001,5,1000.0,0.7,0.2,False,True,BEHAVIORAL_DEFAULT_INSUFFICIENT_COLLATERAL,5.0,1,2,2,0.6108407343567581,772.4015287710279,0.7724015287710279,227.59847122897213,0.0,12739.57666014175,9093.700040898008,False,0.8,,100.0,0.05
sweep_01081,73,DAILY_0001,5,1000.0,0.7,0.2,True,False,,,0,2,2,0.6108407343567581,0.0,1.0,0.0,0.0,16909.5959464029,9502.756470912882,False,1.0,,100.0,0.05
sweep_01082,74,DAILY_0001,5,1000.0,0.7,0.2,False,True,BEHAVIORAL_DEFAULT_SURPLUS_COLLATERAL,3.0,1,0,0,0.2295668026988248,3000.0,1.0,0.0,1058.0358787020878,6142.21535254676,7768.171004992114,False,0.8,,100.0,0.05
sweep_01083,75,DAILY_0001,5,1000.0,0.7,0.2,True,False,,,0,2,2,0.6108407343567581,0.0,1.0,0.0,0.0,16697.360309291158,9019.980280545928,False,1.0,,100.0,0.05
sweep_01084,76,DAILY_0001,5,1000.0,0.7,0.2,True,False,,,0,2,2,0.6108407343567581,0.0,1.0,0.0,0.0,16671.801168191498,9497.700412490502,False,1.0,,100.0,0.05
sweep_01085,77,DAILY_0001,5,1000.0,0.7,0.2,True,False,,,0,2,2,0.6108407343567581,0.0,1.0,0.0,0.0,16763.124564751575,9328.68301660097,False,1.0,,100.0,0.05
sweep_01086,78,DAILY_0001,5,1000.0,0.7,0.2,True,False,,,0,2,2,0.6108407343567581,0.0,1.0,0.0,0.0,16719.51222653161,9412.035008360845,False,1.0,,100.0,0.05
sweep_01087,79,DAILY_0001,5,1000.0,0.7,0.2,True,False,,,0,2,2,0.6108407343567581,0.0,1.0,0.0,0.0,16476.77247232043,9192.071945447675,False,1.0,,100.0,0.05
sweep_01088,80,DAILY_0001,5,1000.0,0.7,0.2,True,False,,,0,2,2,0.6108407343567581,0.0,1.0,0.0,0.0,16187.427798734678,9073.762335114798,False,1.0,,100.0,0.05
sweep_01089,81,DAILY_0001,5,1000.0,0.7,0.2,True,False,,,0,2,2,0.6108407343567581,0.0,1.0,0.0,0.0,17261.26216002694,9665.907711362232,False,1.0,,100.0,0.05
sweep_01090,82,DAILY_0001,5,1000.0,0.7,0.2,True,False,,,0,2,2,0.6108407343567581,0.0,1.0,0.0,0.0,17428.23657344996,9601.76728517789,False,1.0,,100.0,0.05
sweep_01091,83,DAILY_0001,5,1000.0,0.7,0.2,False,True,BEHAVIORAL_DEFAULT_INSUFFICIENT_COLLATERAL,5.0,1,2,2,0.6108407343567581,840.7989386874663,0.8407989386874662,159.20106131253374,0.0,13023.010849409744,9178.338429828551,False,0.8,,100.0,0.05
sweep_01092,84,DAILY_0001,5,1000.0,0.7,0.2,False,True,BEHAVIORAL_DEFAULT_INSUFFICIENT_COLLATERAL,3.0,1,0,0,0.2295668026988248,2389.5053274114966,0.7965017758038322,610.4946725885034,0.0,6504.624246924773,8093.202129696492,False,0.8,,100.0,0.05
sweep_01093,85,DAILY_0001,5,1000.0,0.7,0.2,False,True,BEHAVIORAL_DEFAULT_INSUFFICIENT_COLLATERAL,4.0,1,2,2,0.6108407343567581,1537.7463610684993,0.7688731805342496,462.25363893150075,0.0,9644.511591981416,8461.097152946086,False,0.8,,100.0,0.05
sweep_01094,86,DAILY_0001,5,1000.0,0.7,0.2,True,False,,,0,2,2,0.6108407343567581,0.0,1.0,0.0,0.0,17346.9008892341,9441.905138869792,False,1.0,,100.0,0.05
sweep_01095,87,DAILY_0001,5,1000.0,0.7,0.2,True,False,,,0,2,2,0.6108407343567581,0.0,1.0,0.0,0.0,16887.21410701461,9110.075023309217,False,1.0,,100.0,0.05
sweep_01096,88,DAILY_0001,5,1000.0,0.7,0.2,False,True,BEHAVIORAL_DEFAULT_SURPLUS_COLLATERAL,3.0,1,0,0,0.2295668026988248,3000.0,1.0,0.0,1018.878064292082,6598.059130640779,7996.875868077603,False,0.8,,100.0,0.05
sweep_01097,89,DAILY_0001,5,1000.0,0.7,0.2,True,False,,,0,2,2,0.6108407343567581,0.0,1.0,0.0,0.0,16483.760527058344,9337.342474441324,False,1.0,,100.0,0.05
sweep_01098,90,DAILY_0001,5,1000.0,0.7,0.2,False,True,BEHAVIORAL_DEFAULT_SURPLUS_COLLATERAL,4.0,1,2,2,0.6108407343567581,2000.0,1.0,0.0,840.7978554017909,9428.143344053857,8478.965935939204,False,0.8,,100.0,0.05
sweep_01099,91,DAILY_0001,5,1000.0,0.7,0.2,True,False,,,0,2,2,0.6108407343567581,0.0,1.0,0.0,0.0,16432.64453049189,9386.022055222336,False,1.0,,100.0,0.05
sweep_01100,92,DAILY_0001,5,1000.0,0.7,0.2,True,False,,,0,2,2,0.6108407343567581,0.0,1.0,0.0,0.0,16541.46983637411,8960.946169688155,False,1.0,,100.0,0.05
sweep_01101,93,DAILY_0001,5,1000.0,0.7,0.2,False,True,BEHAVIORAL_DEFAULT_INSUFFICIENT_COLLATERAL,3.0,1,0,0,0.2295668026988248,2418.4562302269424,0.8061520767423141,581.5437697730576,0.0,7022.911645595454,8621.089280145536,False,0.8,,100.0,0.05
sweep_01102,94,DAILY_0001,5,1000.0,0.7,0.2,True,False,,,0,2,2,0.6108407343567581,0.0,1.0,0.0,0.0,16816.49136159871,9135.735465589994,False,1.0,,100.0,0.05
sweep_01103,95,DAILY_0001,5,1000.0,0.7,0.2,True,False,,,0,2,2,0.6108407343567581,0.0,1.0,0.0,0.0,17545.744689882886,9555.138473772884,False,1.0,,100.0,0.05
sweep_01104,96,DAILY_0001,5,1000.0,0.7,0.2,True,False,,,0,2,2,0.6108407343567581,0.0,1.0,0.0,0.0,17272.505142960632,9184.687512402461,False,1.0,,100.0,0.05
sweep_01105,97,DAILY_0001,5,1000.0,0.7,0.2,True,False,,,0,2,2,0.6108407343567581,0.0,1.0,0.0,0.0,17205.00493267573,9253.306896663911,False,1.0,,100.0,0.05
sweep_01106,98,DAILY_0001,5,1000.0,0.7,0.2,True,False,,,0,2,2,0.6108407343567581,0.0,1.0,0.0,0.0,17117.740576801672,9341.87736235662,False,1.0,,100.0,0.05
sweep_01107,99,DAILY_0001,5,1000.0,0.7,0.2,False,True,BEHAVIORAL_DEFAULT_SURPLUS_COLLATERAL,4.0,1,2,2,0.6108407343567581,2000.0,1.0,0.0,839.7305991133371,9546.407766635395,8483.0895119959,False,0.8,,100.0,0.05
sweep_01108,100,DAILY_0001,5,1000.0,0.7,0.2,True,False,,,0,2,2,0.6108407343567581,0.0,1.0,0.0,0.0,17296.288473944063,9443.636478370741,False,1.0,,100.0,0.05
sweep_01109,101,DAILY_0001,5,1000.0,0.7,0.2,False,True,BEHAVIORAL_DEFAULT_SURPLUS_COLLATERAL,5.0,1,2,2,0.6108407343567581,1000.0,1.0,0.0,917.9397702343131,13094.897102232273,9331.240942563714,False,0.8,,100.0,0.05
sweep_01110,102,DAILY_0001,5,1000.0,0.7,0.2,False,True,BEHAVIORAL_DEFAULT_SURPLUS_COLLATERAL,5.0,1,2,2,0.6108407343567581,1000.0,1.0,0.0,3081.4504809030004,13315.718463742422,9722.171155737866,False,0.8,,100.0,0.05
sweep_01111,103,DAILY_0001,5,1000.0,0.7,0.2,False,True,BEHAVIORAL_DEFAULT_INSUFFICIENT_COLLATERAL,4.0,1,2,2,0.6108407343567581,1782.6335621443175,0.8913167810721587,217.36643785568253,0.0,9410.055771571677,8442.252756195494,False,0.8,,100.0,0.05
sweep_01112,104,DAILY_0001,5,1000.0,0.7,0.2,True,False,,,0,2,2,0.6108407343567581,0.0,1.0,0.0,0.0,16965.565545296653,9085.056456056045,False,1.0,,100.0,0.05
sweep_01113,105,DAILY_0001,5,1000.0,0.7,0.2,False,True,BEHAVIORAL_DEFAULT_SURPLUS_COLLATERAL,4.0,1,2,2,0.6108407343567581,2000.0,1.0,0.0,843.359895947192,10112.068977480729,8662.972934713627,False,0.8,,100.0,0.05
sweep_01114,106,DAILY_0001,5,1000.0,0.7,0.2,False,True,BEHAVIORAL_DEFAULT_INSUFFICIENT_COLLATERAL,5.0,1,2,2,0.6108407343567581,935.5475692611539,0.9355475692611539,64.45243073884615,0.0,13317.118454353504,9348.883092699216,False,0.8,,100.0,0.05
sweep_01115,107,DAILY_0001,5,1000.0,0.7,0.2,False,True,BEHAVIORAL_DEFAULT_INSUFFICIENT_COLLATERAL,4.0,1,2,2,0.6108407343567581,1791.5841273637106,0.8957920636818554,208.41587263628935,0.0,9504.711727327722,8362.831573057862,False,0.8,,100.0,0.05
sweep_01116,108,DAILY_0001,5,1000.0,0.7,0.2,False,True,BEHAVIORAL_DEFAULT_SURPLUS_COLLATERAL,4.0,1,2,2,0.6108407343567581,2000.0,1.0,0.0,841.5347815600203,9229.632260373746,8435.547578243826,False,0.8,,100.0,0.05
sweep_01117,109,DAILY_0001,5,1000.0,0.7,0.2,True,False,,,0,2,2,0.6108407343567581,0.0,1.0,0.0,0.0,17097.560018571552,9257.56270735371,False,1.0,,100.0,0.05
sweep_01118,110,DAILY_0001,5,1000.0,0.7,0.2,True,False,,,0,2,2,0.6108407343567581,0.0,1.0,0.0,0.0,17252.145983174083,9448.49127588093,False,1.0,,100.0,0.05
sweep_01119,111,DAILY_0001,5,1000.0,0.7,0.2,False,True,BEHAVIORAL_DEFAULT_SURPLUS_COLLATERAL,5.0,1,2,2,0.6108407343567581,1000.0,1.0,0.0,808.8949953179192,13005.811951455453,9283.84843328432,False,0.8,,100.0,0.05
sweep_01120,112,DAILY_0001,5,1000.0,0.7,0.2,True,False,,,0,2,2,0.6108407343567581,0.0,1.0,0.0,0.0,16909.07625773677,9166.669031817077,False,1.0,,100.0,0.05
sweep_01121,113,DAILY_0001,5,1000.0,0.7,0.2,False,True,BEHAVIORAL_DEFAULT_INSUFFICIENT_COLLATERAL,3.0,1,0,0,0.2295668026988248,2445.767649570018,0.815255883190006,554.232350429982,0.0,6623.312533026473,8076.933161378293,False,0.8,,100.0,0.05
sweep_01122,114,DAILY_0001,5,1000.0,0.7,0.2,False,True,BEHAVIORAL_DEFAULT_INSUFFICIENT_COLLATERAL,3.0,1,0,0,0.2295668026988248,2358.9958279378648,0.786331942645955,641.0041720621352,0.0,6121.454939968626,7728.099805020791,False,0.8,,100.0,0.05
sweep_01123,115,DAILY_0001,5,1000.0,0.7,0.2,True,False,,,0,2,2,0.6108407343567581,0.0,1.0,0.0,0.0,16756.555719327873,8942.330719339212,False,1.0,,100.0,0.05
sweep_01124,116,DAILY_0001,5,1000.0,0.7,0.2,False,True,BEHAVIORAL_DEFAULT_SURPLUS_COLLATERAL,3.0,1,0,0,0.2295668026988248,3000.0,1.0,0.0,1190.1680418068327,6397.070943819939,8032.064325470557,False,0.8,,100.0,0.05
sweep_01125,117,DAILY_0001,5,1000.0,0.7,0.2,False,True,BEHAVIORAL_DEFAULT_INSUFFICIENT_COLLATERAL,2.0,1,0,0,0.0802993013430624,3550.7173784353113,0.8876793446088278,449.2826215646887,0.0,3189.4444401873525,3619.6214309819907,False,0.8,,100.0,0.05
sweep_01126,118,DAILY_0001,5,1000.0,0.7,0.2,True,False,,,0,2,2,0.6108407343567581,0.0,1.0,0.0,0.0,16908.748437966286,9503.418502505989,False,1.0,,100.0,0.05
sweep_01127,119,DAILY_0001,5,1000.0,0.7,0.2,True,False,,,0,2,2,0.6108407343567581,0.0,1.0,0.0,0.0,16730.031620694273,9207.252665929316,False,1.0,,100.0,0.05
sweep_01128,120,DAILY_0001,5,1000.0,0.7,0.2,True,False,,,0,2,2,0.6108407343567581,0.0,1.0,0.0,0.0,17299.20314416707,9564.565938854983,False,1.0,,100.0,0.05
sweep_01129,121,DAILY_0001,5,1000.0,0.7,0.2,False,True,BEHAVIORAL_DEFAULT_SURPLUS_COLLATERAL,4.0,1,2,2,0.6108407343567581,2000.0,1.0,0.0,839.7350299636846,9287.607451281923,8369.067843847302,False,0.8,,100.0,0.05
sweep_01130,122,DAILY_0001,5,1000.0,0.7,0.2,True,False,,,0,2,2,0.6108407343567581,0.0,1.0,0.0,0.0,16786.425779314144,9301.96097227961,False,1.0,,100.0,0.05
sweep_01131,123,DAILY_0001,5,1000.0,0.7,0.2,False,True,BEHAVIORAL_DEFAULT_SURPLUS_COLLATERAL,4.0,1,2,2,0.6108407343567581,2000.0,1.0,0.0,841.5721978432834,10213.097259473365,8688.660960675788,False,0.8,,100.0,0.05
sweep_01132,124,DAILY_0001,5,1000.0,0.7,0.2,True,False,,,0,2,2,0.6108407343567581,0.0,1.0,0.0,0.0,17378.096470344266,9683.114507385875,False,1.0,,100.0,0.05
sweep_01133,125,DAILY_0001,5,1000.0,0.7,0.2,True,False,,,0,2,2,0.6108407343567581,0.0,1.0,0.0,0.0,17222.14785778652,9354.897581066427,False,1.0,,100.0,0.05
sweep_01134,126,DAILY_0001,5,1000.0,0.7,0.2,False,True,BEHAVIORAL_DEFAULT_SURPLUS_COLLATERAL,3.0,1,0,0,0.2295668026988248,3000.0,1.0,0.0,1265.2217100223252,6608.331218475114,8220.368578416284,False,0.8,,100.0,0.05
sweep_01135,127,DAILY_0001,5,1000.0,0.7,0.2,True,False,,,0,2,2,0.6108407343567581,0.0,1.0,0.0,0.0,17068.994068195138,9259.456675854,False,1.0,,100.0,0.05
sweep_01136,128,DAILY_0001,5,1000.0,0.7,0.2,True,False,,,0,2,2,0.6108407343567581,0.0,1.0,0.0,0.0,17380.160876094935,9294.399327906516,False,1.0,,100.0,0.05
sweep_01137,129,DAILY_0001,5,1000.0,0.7,0.2,True,False,,,0,2,2,0.6108407343567581,0.0,1.0,0.0,0.0,16680.988802965425,9137.15066093247,False,1.0,,100.0,0.05
sweep_01138,130,DAILY_0001,5,1000.0,0.7,0.2,False,True,BEHAVIORAL_DEFAULT_SURPLUS_COLLATERAL,5.0,1,2,2,0.6108407343567581,1000.0,1.0,0.0,1315.7776564401938,12730.738840773127,9422.001566925275,False,0.8,,100.0,0.05
sweep_01139,131,DAILY_0001,5,1000.0,0.7,0.2,False,True,BEHAVIORAL_DEFAULT_SURPLUS_COLLATERAL,4.0,1,2,2,0.6108407343567581,2000.0,1.0,0.0,840.6419096915333,9894.940183776958,8528.509166556389,False,0.8,,100.0,0.05
sweep_01140,132,DAILY_0001,5,1000.0,0.7,0.2,False,True,BEHAVIORAL_DEFAULT_INSUFFICIENT_COLLATERAL,4.0,1,2,2,0.6108407343567581,1508.877971631926,0.7544389858159629,491.1220283680741,0.0,9452.061028387478,8396.6498099443,False,0.8,,100.0,0.05
sweep_01141,133,DAILY_0001,5,1000.0,0.7,0.2,False,True,BEHAVIORAL_DEFAULT_INSUFFICIENT_COLLATERAL,2.0,1,0,0,0.0802993013430624,3498.020783764725,0.8745051959411813,501.9792162352751,0.0,3049.7954187370806,3562.088117417563,False,0.8,,100.0,0.05
sweep_01142,134,DAILY_0001,5,1000.0,0.7,0.2,False,True,BEHAVIORAL_DEFAULT_INSUFFICIENT_COLLATERAL,3.0,1,0,0,0.2295668026988248,2434.812375779269,0.8116041252597563,565.1876242207309,0.0,6618.547990000483,8101.618942842109,False,0.8,,100.0,0.05
sweep_01143,135,DAILY_0001,5,1000.0,0.7,0.2,True,False,,,0,2,2,0.6108407343567581,0.0,1.0,0.0,0.0,17308.180105341366,9365.261244288493,False,1.0,,100.0,0.05
sweep_01144,136,DAILY_0001,5,1000.0,0.7,0.2,False,True,BEHAVIORAL_DEFAULT_SURPLUS_COLLATERAL,5.0,1,2,2,0.6108407343567581,1000.0,1.0,0.0,878.5391118513239,12439.168673732074,9027.033057359433,False,0.8,,100.0,0.05
sweep_01145,137,DAILY_0001,5,1000.0,0.7,0.2,False,True,BEHAVIORAL_DEFAULT_INSUFFICIENT_COLLATERAL,4.0,1,2,2,0.6108407343567581,1693.024883406957,0.8465124417034785,306.9751165930429,0.0,9538.559186760156,8485.683297581374,False,0.8,,100.0,0.05
sweep_01146,138,DAILY_0001,5,1000.0,0.7,0.2,False,True,BEHAVIORAL_DEFAULT_INSUFFICIENT_COLLATERAL,5.0,1,2,2,0.6108407343567581,880.457023719268,0.880457023719268,119.54297628073198,0.0,12533.99100881035,9231.35680024131,False,0.8,,100.0,0.05
sweep_01147,139,DAILY_0001,5,1000.0,0.7,0.2,False,True,BEHAVIORAL_DEFAULT_INSUFFICIENT_COLLATERAL,2.0,1,0,0,0.0802993013430624,3521.1710678540794,0.8802927669635199,478.8289321459206,0.0,3111.145009532911,3587.3632336170895,False,0.8,,100.0,0.05
sweep_01148,140,DAILY_0001,5,1000.0,0.7,0.2,False,True,BEHAVIORAL_DEFAULT_INSUFFICIENT_COLLATERAL,2.0,1,0,0,0.0802993013430624,3540.1636306976206,0.8850409076744051,459.83636930237935,0.0,3161.476398733924,3608.099015128214,False,0.8,,100.0,0.05
sweep_01149,141,DAILY_0001,5,1000.0,0.7,0.2,True,False,,,0,2,2,0.6108407343567581,0.0,1.0,0.0,0.0,17185.12705013151,9272.027858508194,False,1.0,,100.0,0.05
sweep_01150,142,DAILY_0001,5,1000.0,0.7,0.2,False,True,BEHAVIORAL_DEFAULT_INSUFFICIENT_COLLATERAL,2.0,1,0,0,0.0802993013430624,3541.9898120799585,0.8854974530199896,458.0101879200415,0.0,3166.3158849403544,3610.0928112501897,False,0.8,,100.0,0.05
sweep_01151,143,DAILY_0001,5,1000.0,0.7,0.2,True,False,,,0,2,2,0.6108407343567581,0.0,1.0,0.0,0.0,16445.290904199723,9328.843575653791,False,1.0,,100.0,0.05
sweep_01152,144,DAILY_0001,5,1000.0,0.7,0.2,True,False,,,0,2,2,0.6108407343567581,0.0,1.0,0.0,0.0,17343.411988435073,9479.14271511632,False,1.0,,100.0,0.05
sweep_01153,145,DAILY_0001,5,1000.0,0.7,0.2,True,False,,,0,2,2,0.6108407343567581,0.0,1.0,0.0,0.0,17193.72751399906,9417.13630503199,False,1.0,,100.0,0.05
sweep_01154,146,DAILY_0001,5,1000.0,0.7,0.2,True,False,,,0,2,2,0.6108407343567581,0.0,1.0,0.0,0.0,16193.924104929843,9060.97384321058,False,1.0,,100.0,0.05
sweep_01155,147,DAILY_0001,5,1000.0,0.7,0.2,False,True,BEHAVIORAL_DEFAULT_INSUFFICIENT_COLLATERAL,4.0,1,2,2,0.6108407343567581,1569.0387212210421,0.7845193606105211,430.9612787789579,0.0,9889.107754331599,8534.51003427015,False,0.8,,100.0,0.05
sweep_01156,148,DAILY_0001,5,1000.0,0.7,0.2,True,False,,,0,2,2,0.6108407343567581,0.0,1.0,0.0,0.0,17096.666287603017,9358.975372304643,False,1.0,,100.0,0.05
sweep_01157,149,DAILY_0001,5,1000.0,0.7,0.2,False,True,BEHAVIORAL_DEFAULT_INSUFFICIENT_COLLATERAL,4.0,1,2,2,0.6108407343567581,1473.2424925188402,0.7366212462594202,526.7575074811598,0.0,9814.02173860668,8662.545650884998,False,0.8,,100.0,0.05
sweep_01158,150,DAILY_0001,5,1000.0,0.7,0.2,True,False,,,0,2,2,0.6108407343567581,0.0,1.0,0.0,0.0,16546.279710931314,9356.017397722517,False,1.0,,100.0,0.05
sweep_01159,151,DAILY_0001,5,1000.0,0.7,0.2,False,True,BEHAVIORAL_DEFAULT_SURPLUS_COLLATERAL,5.0,1,2,2,0.6108407343567581,1000.0,1.0,0.0,1074.1436418794055,13335.570209326292,9455.90575907798,False,0.8,,100.0,0.05
sweep_01160,152,DAILY_0001,5,1000.0,0.7,0.2,True,False,,,0,2,2,0.6108407343567581,0.0,1.0,0.0,0.0,17093.36930493184,9338.496432827851,False,1.0,,100.0,0.05
sweep_01161,153,DAILY_0001,5,1000.0,0.7,0.2,True,False,,,0,2,2,0.6108407343567581,0.0,1.0,0.0,0.0,16508.84948067981,9020.170445849628,False,1.0,,100.0,0.05
sweep_01162,154,DAILY_0001,5,1000.0,0.7,0.2,True,False,,,0,2,2,0.6108407343567581,0.0,1.0,0.0,0.0,16928.440090342658,9149.875534959316,False,1.0,,100.0,0.05
sweep_01163,155,DAILY_0001,5,1000.0,0.7,0.2,False,True,BEHAVIORAL_DEFAULT_SURPLUS_COLLATERAL,3.0,1,0,0,0.2295668026988248,3000.0,1.0,0.0,1141.2322726636094,6224.123226178908,7888.954892545223,False,0.8,,100.0,0.05
sweep_01164,156,DAILY_0001,5,1000.0,0.7,0.2,True,False,,,0,2,2,0.6108407343567581,0.0,1.0,0.0,0.0,16822.870383115638,9139.437186420828,False,1.0,,100.0,0.05
sweep_01165,157,DAILY_0001,5,1000.0,0.7,0.2,False,True,BEHAVIORAL_DEFAULT_INSUFFICIENT_COLLATERAL,3.0,1,0,0,0.2295668026988248,2364.8591751358854,0.7882863917119618,635.1408248641146,0.0,6313.283449869156,7936.889382562695,False,0.8,,100.0,0.05
sweep_01166,158,DAILY_0001,5,1000.0,0.7,0.2,True,False,,,0,2,2,0.6108407343567581,0.0,1.0,0.0,0.0,17327.297792749472,9315.510975981677,False,1.0,,100.0,0.05
sweep_01167,159,DAILY_0001,5,1000.0,0.7,0.2,True,False,,,0,2,2,0.6108407343567581,0.0,1.0,0.0,0.0,17547.075472215663,9536.61306183831,False,1.0,,100.0,0.05
sweep_01168,160,DAILY_0001,5,1000.0,0.7,0.2,False,True,BEHAVIORAL_DEFAULT_SURPLUS_COLLATERAL,5.0,1,2,2,0.6108407343567581,1000.0,1.0,0.0,2962.925442481652,13559.294233579409,9616.100037676364,False,0.8,,100.0,0.05
sweep_01169,161,DAILY_0001,5,1000.0,0.7,0.2,True,False,,,0,2,2,0.6108407343567581,0.0,1.0,0.0,0.0,16722.38973114001,9288.268154309659,False,1.0,,100.0,0.05
sweep_01170,162,DAILY_0001,5,1000.0,0.7,0.2,False,True,BEHAVIORAL_DEFAULT_SURPLUS_COLLATERAL,3.0,1,0,0,0.2295668026988248,3000.0,1.0,0.0,1019.006299826392,6099.333759251945,7708.934170029259,False,0.8,,100.0,0.05
sweep_01171,163,DAILY_0001,5,1000.0,0.7,0.2,True,False,,,0,2,2,0.6108407343567581,0.0,1.0,0.0,0.0,17276.966005569957,9448.221984116255,False,1.0,,100.0,0.05
sweep_01172,164,DAILY_0001,5,1000.0,0.7,0.2,True,False,,,0,2,2,0.6108407343567581,0.0,1.0,0.0,0.0,17233.351687522765,9309.971368274486,False,1.0,,100.0,0.05
sweep_01173,165,DAILY_0001,5,1000.0,0.7,0.2,True,False,,,0,2,2,0.6108407343567581,0.0,1.0,0.0,0.0,16913.7215097475,9083.84186176249,False,1.0,,100.0,0.05
sweep_01174,166,DAILY_0001,5,1000.0,0.7,0.2,False,True,BEHAVIORAL_DEFAULT_SURPLUS_COLLATERAL,5.0,1,2,2,0.6108407343567581,1000.0,1.0,0.0,1233.1655601261814,13275.843211445086,9476.617626928544,False,0.8,,100.0,0.05
sweep_01175,167,DAILY_0001,5,1000.0,0.7,0.2,True,False,,,0,2,2,0.6108407343567581,0.0,1.0,0.0,0.0,16859.790773916782,9143.708057722102,False,1.0,,100.0,0.05
sweep_01176,168,DAILY_0001,5,1000.0,0.7,0.2,False,True,BEHAVIORAL_DEFAULT_SURPLUS_COLLATERAL,5.0,1,2,2,0.6108407343567581,1000.0,1.0,0.0,2919.626632762489,12306.50352346156,9189.763583355636,False,0.8,,100.0,0.05
sweep_01177,169,DAILY_0001,5,1000.0,0.7,0.2,False,True,BEHAVIORAL_DEFAULT_SURPLUS_COLLATERAL,5.0,1,2,2,0.6108407343567581,1000.0,1.0,0.0,1313.5596155762123,13383.861734067441,9386.966826596967,False,0.8,,100.0,0.05
sweep_01178,170,DAILY_0001,5,1000.0,0.7,0.2,True,False,,,0,2,2,0.6108407343567581,0.0,1.0,0.0,0.0,17232.159337492943,9228.385986837218,False,1.0,,100.0,0.05
sweep_01179,171,DAILY_0001,5,1000.0,0.7,0.2,True,False,,,0,2,2,0.6108407343567581,0.0,1.0,0.0,0.0,16487.879755940605,8861.439426388855,False,1.0,,100.0,0.05
sweep_01180,172,DAILY_0001,5,1000.0,0.7,0.2,False,True,BEHAVIORAL_DEFAULT_INSUFFICIENT_COLLATERAL,5.0,1,2,2,0.6108407343567581,842.7051198381354,0.8427051198381353,157.29488016186463,0.0,12754.088913575759,9022.367508144189,False,0.8,,100.0,0.05
sweep_01181,173,DAILY_0001,5,1000.0,0.7,0.2,True,False,,,0,2,2,0.6108407343567581,0.0,1.0,0.0,0.0,16811.936915077735,9236.198880028413,False,1.0,,100.0,0.05
sweep_01182,174,DAILY_0001,5,1000.0,0.7,0.2,True,False,,,0,2,2,0.6108407343567581,0.0,1.0,0.0,0.0,16928.24289810534,9254.774406613735,False,1.0,,100.0,0.05
sweep_01183,175,DAILY_0001,5,1000.0,0.7,0.2,True,False,,,0,2,2,0.6108407343567581,0.0,1.0,0.0,0.0,16822.84112582361,9044.952297770256,False,1.0,,100.0,0.05
sweep_01184,176,DAILY_0001,5,1000.0,0.7,0.2,True,False,,,0,2,2,0.6108407343567581,0.0,1.0,0.0,0.0,16402.90381242599,8910.224930628878,False,1.0,,100.0,0.05
sweep_01185,177,DAILY_0001,5,1000.0,0.7,0.2,False,True,BEHAVIORAL_DEFAULT_INSUFFICIENT_COLLATERAL,2.0,1,0,0,0.0802993013430624,3539.678549410448,0.8849196373526119,460.3214505895521,0.0,3160.1909052878864,3607.5694110053364,False,0.8,,100.0,0.05
sweep_01186,178,DAILY_0001,5,1000.0,0.7,0.2,True,False,,,0,2,2,0.6108407343567581,0.0,1.0,0.0,0.0,16613.95277706074,8979.521798784084,False,1.0,,100.0,0.05
sweep_01187,179,DAILY_0001,5,1000.0,0.7,0.2,True,False,,,0,2,2,0.6108407343567581,0.0,1.0,0.0,0.0,16825.94357748756,9020.72133833549,False,1.0,,100.0,0.05
sweep_01188,180,DAILY_0001,5,1000.0,0.7,0.2,True,False,,,0,2,2,0.6108407343567581,0.0,1.0,0.0,0.0,17332.698660576734,9409.272037105275,False,1.0,,100.0,0.05
sweep_01189,181,DAILY_0001,5,1000.0,0.7,0.2,False,True,BEHAVIORAL_DEFAULT_INSUFFICIENT_COLLATERAL,4.0,1,2,2,0.6108407343567581,1802.7191697441435,0.9013595848720718,197.28083025585647,0.0,9381.7156603568,8526.845884579428,False,0.8,,100.0,0.05
sweep_01190,182,DAILY_0001,5,1000.0,0.7,0.2,False,True,BEHAVIORAL_DEFAULT_INSUFFICIENT_COLLATERAL,4.0,1,2,2,0.6108407343567581,1753.470360814485,0.8767351804072425,246.52963918551495,0.0,9613.459796300805,8458.734556561116,False,0.8,,100.0,0.05
sweep_01191,183,DAILY_0001,5,1000.0,0.7,0.2,False,True,BEHAVIORAL_DEFAULT_SURPLUS_COLLATERAL,5.0,1,2,2,0.6108407343567581,1000.0,1.0,0.0,745.9806562817407,12517.895991903359,8902.859007980573,False,0.8,,100.0,0.05
sweep_01192,184,DAILY_0001,5,1000.0,0.7,0.2,True,False,,,0,2,2,0.6108407343567581,0.0,1.0,0.0,0.0,17226.715015370733,9467.33270455996,False,1.0,,100.0,0.05
sweep_01193,185,DAILY_0001,5,1000.0,0.7,0.2,False,True,BEHAVIORAL_DEFAULT_INSUFFICIENT_COLLATERAL,4.0,1,2,2,0.6108407343567581,1492.967005738038,0.7464835028690191,507.0329942619619,0.0,9321.804157226868,8407.719043026256,False,0.8,,100.0,0.05
sweep_01194,186,DAILY_0001,5,1000.0,0.7,0.2,False,True,BEHAVIORAL_DEFAULT_INSUFFICIENT_COLLATERAL,3.0,1,0,0,0.2295668026988248,2451.13293565869,0.81704431188623,548.8670643413102,0.0,6559.983069571281,7987.828540083869,False,0.8,,100.0,0.05
sweep_01195,187,DAILY_0001,5,1000.0,0.7,0.2,False,True,BEHAVIORAL_DEFAULT_INSUFFICIENT_COLLATERAL,4.0,1,2,2,0.6108407343567581,1673.4513727074832,0.8367256863537416,326.5486272925168,0.0,9703.856181907031,8500.94813951375,False,0.8,,100.0,0.05
sweep_01196,188,DAILY_0001,5,1000.0,0.7,0.2,False,True,BEHAVIORAL_DEFAULT_SURPLUS_COLLATERAL,5.0,1,2,2,0.6108407343567581,1000.0,1.0,0.0,1310.483867508026,13167.848974053273,9246.844754094443,False,0.8,,100.0,0.05
sweep_01197,189,DAILY_0001,5,1000.0,0.7,0.2,True,False,,,0,2,2,0.6108407343567581,0.0,1.0,0.0,0.0,17458.454152212147,9596.727550676875,False,1.0,,100.0,0.05
sweep_01198,190,DAILY_0001,5,1000.0,0.7,0.2,False,True,BEHAVIORAL_DEFAULT_SURPLUS_COLLATERAL,4.0,1,2,2,0.6108407343567581,2000.0,1.0,0.0,838.6347099185359,9384.639416814975,8349.192733459522,False,0.8,,100.0,0.05
sweep_01199,191,DAILY_0001,5,1000.0,0.7,0.2,True,False,,,0,2,2,0.6108407343567581,0.0,1.0,0.0,0.0,16741.237276910877,9149.439509508475,False,1.0,,100.0,0.05
sweep_01200,42,DAILY_0001,5,1000.0,0.7,0.2,True,False,,,0,2,2,0.6108407343567581,0.0,1.0,0.0,0.0,17143.15024973444,9370.255176459736,False,1.0,,150.0,0.05
sweep_01201,43,DAILY_0001,5,1000.0,0.7,0.2,True,False,,,0,2,2,0.6108407343567581,0.0,1.0,0.0,0.0,16683.664856290503,9193.797444606533,False,1.0,,150.0,0.05
sweep_01202,44,DAILY_0001,5,1000.0,0.7,0.2,True,False,,,0,2,2,0.6108407343567581,0.0,1.0,0.0,0.0,16963.961355801184,9515.294516977066,False,1.0,,150.0,0.05
sweep_01203,45,DAILY_0001,5,1000.0,0.7,0.2,False,True,BEHAVIORAL_DEFAULT_SURPLUS_COLLATERAL,5.0,1,2,2,0.6108407343567581,1000.0,1.0,0.0,3007.4856742863662,12896.079661440042,9137.69505831559,False,0.8,,150.0,0.05
sweep_01204,46,DAILY_0001,5,1000.0,0.7,0.2,True,False,,,0,2,2,0.6108407343567581,0.0,1.0,0.0,0.0,16307.234970412434,9102.543336073846,False,1.0,,150.0,0.05
sweep_01205,47,DAILY_0001,5,1000.0,0.7,0.2,True,False,,,0,2,2,0.6108407343567581,0.0,1.0,0.0,0.0,17175.220923270765,9347.223898266826,False,1.0,,150.0,0.05
sweep_01206,48,DAILY_0001,5,1000.0,0.7,0.2,False,True,BEHAVIORAL_DEFAULT_INSUFFICIENT_COLLATERAL,3.0,1,0,0,0.2295668026988248,2412.5088314614395,0.8041696104871465,587.4911685385605,0.0,6384.596399760172,7888.855091415883,False,0.8,,150.0,0.05
sweep_01207,49,DAILY_0001,5,1000.0,0.7,0.2,True,False,,,0,2,2,0.6108407343567581,0.0,1.0,0.0,0.0,17411.6649980281,9534.069099409187,False,1.0,,150.0,0.05
sweep_01208,50,DAILY_0001,5,1000.0,0.7,0.2,True,False,,,0,2,2,0.6108407343567581,0.0,1.0,0.0,0.0,16470.071539501125,8878.562328216438,False,1.0,,150.0,0.05
sweep_01209,51,DAILY_0001,5,1000.0,0.7,0.2,True,False,,,0,2,2,0.6108407343567581,0.0,1.0,0.0,0.0,16553.917458671152,9024.690105286852,False,1.0,,150.0,0.05
sweep_01210,52,DAILY_0001,5,1000.0,0.7,0.2,False,True,BEHAVIORAL_DEFAULT_SURPLUS_COLLATERAL,5.0,1,2,2,0.6108407343567581,1000.0,1.0,0.0,2859.9300327861865,13756.613367327447,9698.070114346774,False,0.8,,150.0,0.05
sweep_01211,53,DAILY_0001,5,1000.0,0.7,0.2,False,True,BEHAVIORAL_DEFAULT_SURPLUS_COLLATERAL,5.0,1,2,2,0.6108407343567581,1000.0,1.0,0.0,2940.130582142139,12961.478326267516,9260.77790997163,False,0.8,,150.0,0.05
sweep_01212,54,DAILY_0001,5,1000.0,0.7,0.2,False,True,BEHAVIORAL_DEFAULT_INSUFFICIENT_COLLATERAL,5.0,1,2,2,0.6108407343567581,930.7106913239862,0.9307106913239862,69.28930867601377,0.0,12569.941496225256,9426.769832155784,False,0.8,,150.0,0.05
sweep_01213,55,DAILY_0001,5,1000.0,0.7,0.2,False,True,BEHAVIORAL_DEFAULT_SURPLUS_COLLATERAL,5.0,1,2,2,0.6108407343567581,1000.0,1.0,0.0,1318.9395965923077,13020.111295967612,9159.830794213824,False,0.8,,150.0,0.05
sweep_01214,56,DAILY_0001,5,1000.0,0.7,0.2,False,True,BEHAVIORAL_DEFAULT_SURPLUS_COLLATERAL,5.0,1,2,2,0.6108407343567581,1000.0,1.0,0.0,1268.678906797118,12704.486967871519,9041.594889773169,False,0.8,,150.0,0.05
sweep_01215,57,DAILY_0001,5,1000.0,0.7,0.2,True,False,,,0,2,2,0.6108407343567581,0.0,1.0,0.0,0.0,16629.925622068513,8874.442921586882,False,1.0,,150.0,0.05
sweep_01216,58,DAILY_0001,5,1000.0,0.7,0.2,True,False,,,0,2,2,0.6108407343567581,0.0,1.0,0.0,0.0,17118.252725129587,9373.132485475966,False,1.0,,150.0,0.05
sweep_01217,59,DAILY_0001,5,1000.0,0.7,0.2,False,True,BEHAVIORAL_DEFAULT_INSUFFICIENT_COLLATERAL,4.0,1,2,2,0.6108407343567581,1474.3337157608662,0.7371668578804331,525.6662842391338,0.0,9396.14470761244,8502.428977309573,False,0.8,,150.0,0.05
sweep_01218,60,DAILY_0001,5,1000.0,0.7,0.2,True,False,,,0,2,2,0.6108407343567581,0.0,1.0,0.0,0.0,16890.892442598783,9116.343348300228,False,1.0,,150.0,0.05
sweep_01219,61,DAILY_0001,5,1000.0,0.7,0.2,True,False,,,0,2,2,0.6108407343567581,0.0,1.0,0.0,0.0,17049.548692196306,9354.949992775406,False,1.0,,150.0,0.05
sweep_01220,62,DAILY_0001,5,1000.0,0.7,0.2,True,False,,,0,2,2,0.6108407343567581,0.0,1.0,0.0,0.0,16688.163188009137,9072.523856043452,False,1.0,,150.0,0.05
sweep_01221,63,DAILY_0001,5,1000.0,0.7,0.2,False,True,BEHAVIORAL_DEFAULT_SURPLUS_COLLATERAL,5.0,1,2,2,0.6108407343567581,1000.0,1.0,0.0,1291.1592639830033,12560.781626539678,9357.460797656533,False,0.8,,150.0,0.05
sweep_01222,64,DAILY_0001,5,1000.0,0.7,0.2,False,True,BEHAVIORAL_DEFAULT_SURPLUS_COLLATERAL,3.0,1,0,0,0.2295668026988248,3000.0,1.0,0.0,1021.6619607426328,6151.058035452796,7741.154558163189,False,0.8,,150.0,0.05
sweep_01223,65,DAILY_0001,5,1000.0,0.7,0.2,False,True,BEHAVIORAL_DEFAULT_INSUFFICIENT_COLLATERAL,2.0,1,0,0,0.0802993013430624,3516.9512722580434,0.8792378180645108,483.04872774195655,0.0,3099.9623073224475,3582.7561271290483,False,0.8,,150.0,0.05
sweep_01224,66,DAILY_0001,5,1000.0,0.7,0.2,True,False,,,0,2,2,0.6108407343567581,0.0,1.0,0.0,0.0,17056.111050431617,9232.174432303358,False,1.0,,150.0,0.05
sweep_01225,67,DAILY_0001,5,1000.0,0.7,0.2,True,False,,,0,2,2,0.6108407343567581,0.0,1.0,0.0,0.0,17358.7323024141,9663.276923339576,False,1.0,,150.0,0.05
sweep_01226,68,DAILY_0001,5,1000.0,0.7,0.2,False,True,BEHAVIORAL_DEFAULT_INSUFFICIENT_COLLATERAL,4.0,1,2,2,0.6108407343567581,1506.625087562316,0.753312543781158,493.3749124376841,0.0,9384.172146377827,8436.988111005867,False,0.8,,150.0,0.05
sweep_01227,69,DAILY_0001,5,1000.0,0.7,0.2,False,True,BEHAVIORAL_DEFAULT_INSUFFICIENT_COLLATERAL,3.0,1,0,0,0.2295668026988248,2373.4535702457965,0.7911511900819321,626.5464297542035,0.0,6254.764509256824,7844.50355561309,False,0.8,,150.0,0.05
sweep_01228,70,DAILY_0001,5,1000.0,0.7,0.2,True,False,,,0,2,2,0.6108407343567581,0.0,1.0,0.0,0.0,18008.300555488746,9657.672668999056,False,1.0,,150.0,0.05
sweep_01229,71,DAILY_0001,5,1000.0,0.7,0.2,True,False,,,0,2,2,0.6108407343567581,0.0,1.0,0.0,0.0,17077.07193201092,9246.776724688794,False,1.0,,150.0,0.05
sweep_01230,72,DAILY_0001,5,1000.0,0.7,0.2,False,True,BEHAVIORAL_DEFAULT_INSUFFICIENT_COLLATERAL,5.0,1,2,2,0.6108407343567581,772.4015287710279,0.7724015287710279,227.59847122897213,0.0,12739.57666014175,9093.700040898008,False,0.8,,150.0,0.05
sweep_01231,73,DAILY_0001,5,1000.0,0.7,0.2,True,False,,,0,2,2,0.6108407343567581,0.0,1.0,0.0,0.0,16909.5959464029,9502.756470912882,False,1.0,,150.0,0.05
sweep_01232,74,DAILY_0001,5,1000.0,0.7,0.2,False,True,BEHAVIORAL_DEFAULT_SURPLUS_COLLATERAL,3.0,1,0,0,0.2295668026988248,3000.0,1.0,0.0,1058.0358787020878,6142.21535254676,7768.171004992114,False,0.8,,150.0,0.05
sweep_01233,75,DAILY_0001,5,1000.0,0.7,0.2,True,False,,,0,2,2,0.6108407343567581,0.0,1.0,0.0,0.0,16697.360309291158,9019.980280545928,False,1.0,,150.0,0.05
sweep_01234,76,DAILY_0001,5,1000.0,0.7,0.2,True,False,,,0,2,2,0.6108407343567581,0.0,1.0,0.0,0.0,16671.801168191498,9497.700412490502,False,1.0,,150.0,0.05
sweep_01235,77,DAILY_0001,5,1000.0,0.7,0.2,True,False,,,0,2,2,0.6108407343567581,0.0,1.0,0.0,0.0,16763.124564751575,9328.68301660097,False,1.0,,150.0,0.05
sweep_01236,78,DAILY_0001,5,1000.0,0.7,0.2,True,False,,,0,2,2,0.6108407343567581,0.0,1.0,0.0,0.0,16719.51222653161,9412.035008360845,False,1.0,,150.0,0.05
sweep_01237,79,DAILY_0001,5,1000.0,0.7,0.2,True,False,,,0,2,2,0.6108407343567581,0.0,1.0,0.0,0.0,16476.77247232043,9192.071945447675,False,1.0,,150.0,0.05
sweep_01238,80,DAILY_0001,5,1000.0,0.7,0.2,True,False,,,0,2,2,0.6108407343567581,0.0,1.0,0.0,0.0,16187.427798734678,9073.762335114798,False,1.0,,150.0,0.05
sweep_01239,81,DAILY_0001,5,1000.0,0.7,0.2,True,False,,,0,2,2,0.6108407343567581,0.0,1.0,0.0,0.0,17261.26216002694,9665.907711362232,False,1.0,,150.0,0.05
sweep_01240,82,DAILY_0001,5,1000.0,0.7,0.2,True,False,,,0,2,2,0.6108407343567581,0.0,1.0,0.0,0.0,17428.23657344996,9601.76728517789,False,1.0,,150.0,0.05
sweep_01241,83,DAILY_0001,5,1000.0,0.7,0.2,False,True,BEHAVIORAL_DEFAULT_INSUFFICIENT_COLLATERAL,5.0,1,2,2,0.6108407343567581,840.7989386874663,0.8407989386874662,159.20106131253374,0.0,13023.010849409744,9178.338429828551,False,0.8,,150.0,0.05
sweep_01242,84,DAILY_0001,5,1000.0,0.7,0.2,False,True,BEHAVIORAL_DEFAULT_INSUFFICIENT_COLLATERAL,3.0,1,0,0,0.2295668026988248,2389.5053274114966,0.7965017758038322,610.4946725885034,0.0,6504.624246924773,8093.202129696492,False,0.8,,150.0,0.05
sweep_01243,85,DAILY_0001,5,1000.0,0.7,0.2,False,True,BEHAVIORAL_DEFAULT_INSUFFICIENT_COLLATERAL,4.0,1,2,2,0.6108407343567581,1537.7463610684993,0.7688731805342496,462.25363893150075,0.0,9644.511591981416,8461.097152946086,False,0.8,,150.0,0.05
sweep_01244,86,DAILY_0001,5,1000.0,0.7,0.2,True,False,,,0,2,2,0.6108407343567581,0.0,1.0,0.0,0.0,17346.9008892341,9441.905138869792,False,1.0,,150.0,0.05
sweep_01245,87,DAILY_0001,5,1000.0,0.7,0.2,True,False,,,0,2,2,0.6108407343567581,0.0,1.0,0.0,0.0,16887.21410701461,9110.075023309217,False,1.0,,150.0,0.05
sweep_01246,88,DAILY_0001,5,1000.0,0.7,0.2,False,True,BEHAVIORAL_DEFAULT_SURPLUS_COLLATERAL,3.0,1,0,0,0.2295668026988248,3000.0,1.0,0.0,1018.878064292082,6598.059130640779,7996.875868077603,False,0.8,,150.0,0.05
sweep_01247,89,DAILY_0001,5,1000.0,0.7,0.2,True,False,,,0,2,2,0.6108407343567581,0.0,1.0,0.0,0.0,16483.760527058344,9337.342474441324,False,1.0,,150.0,0.05
sweep_01248,90,DAILY_0001,5,1000.0,0.7,0.2,False,True,BEHAVIORAL_DEFAULT_SURPLUS_COLLATERAL,4.0,1,2,2,0.6108407343567581,2000.0,1.0,0.0,840.7978554017909,9428.143344053857,8478.965935939204,False,0.8,,150.0,0.05
sweep_01249,91,DAILY_0001,5,1000.0,0.7,0.2,True,False,,,0,2,2,0.6108407343567581,0.0,1.0,0.0,0.0,16432.64453049189,9386.022055222336,False,1.0,,150.0,0.05
sweep_01250,92,DAILY_0001,5,1000.0,0.7,0.2,True,False,,,0,2,2,0.6108407343567581,0.0,1.0,0.0,0.0,16541.46983637411,8960.946169688155,False,1.0,,150.0,0.05
sweep_01251,93,DAILY_0001,5,1000.0,0.7,0.2,False,True,BEHAVIORAL_DEFAULT_INSUFFICIENT_COLLATERAL,3.0,1,0,0,0.2295668026988248,2418.4562302269424,0.8061520767423141,581.5437697730576,0.0,7022.911645595454,8621.089280145536,False,0.8,,150.0,0.05
sweep_01252,94,DAILY_0001,5,1000.0,0.7,0.2,True,False,,,0,2,2,0.6108407343567581,0.0,1.0,0.0,0.0,16816.49136159871,9135.735465589994,False,1.0,,150.0,0.05
sweep_01253,95,DAILY_0001,5,1000.0,0.7,0.2,True,False,,,0,2,2,0.6108407343567581,0.0,1.0,0.0,0.0,17545.744689882886,9555.138473772884,False,1.0,,150.0,0.05
sweep_01254,96,DAILY_0001,5,1000.0,0.7,0.2,True,False,,,0,2,2,0.6108407343567581,0.0,1.0,0.0,0.0,17272.505142960632,9184.687512402461,False,1.0,,150.0,0.05
sweep_01255,97,DAILY_0001,5,1000.0,0.7,0.2,True,False,,,0,2,2,0.6108407343567581,0.0,1.0,0.0,0.0,17205.00493267573,9253.306896663911,False,1.0,,150.0,0.05
sweep_01256,98,DAILY_0001,5,1000.0,0.7,0.2,True,False,,,0,2,2,0.6108407343567581,0.0,1.0,0.0,0.0,17117.740576801672,9341.87736235662,False,1.0,,150.0,0.05
sweep_01257,99,DAILY_0001,5,1000.0,0.7,0.2,False,True,BEHAVIORAL_DEFAULT_SURPLUS_COLLATERAL,4.0,1,2,2,0.6108407343567581,2000.0,1.0,0.0,839.7305991133371,9546.407766635395,8483.0895119959,False,0.8,,150.0,0.05
sweep_01258,100,DAILY_0001,5,1000.0,0.7,0.2,True,False,,,0,2,2,0.6108407343567581,0.0,1.0,0.0,0.0,17296.288473944063,9443.636478370741,False,1.0,,150.0,0.05
sweep_01259,101,DAILY_0001,5,1000.0,0.7,0.2,False,True,BEHAVIORAL_DEFAULT_SURPLUS_COLLATERAL,5.0,1,2,2,0.6108407343567581,1000.0,1.0,0.0,917.9397702343131,13094.897102232273,9331.240942563714,False,0.8,,150.0,0.05
sweep_01260,102,DAILY_0001,5,1000.0,0.7,0.2,False,True,BEHAVIORAL_DEFAULT_SURPLUS_COLLATERAL,5.0,1,2,2,0.6108407343567581,1000.0,1.0,0.0,3081.4504809030004,13315.718463742422,9722.171155737866,False,0.8,,150.0,0.05
sweep_01261,103,DAILY_0001,5,1000.0,0.7,0.2,False,True,BEHAVIORAL_DEFAULT_INSUFFICIENT_COLLATERAL,4.0,1,2,2,0.6108407343567581,1782.6335621443175,0.8913167810721587,217.36643785568253,0.0,9410.055771571677,8442.252756195494,False,0.8,,150.0,0.05
sweep_01262,104,DAILY_0001,5,1000.0,0.7,0.2,True,False,,,0,2,2,0.6108407343567581,0.0,1.0,0.0,0.0,16965.565545296653,9085.056456056045,False,1.0,,150.0,0.05
sweep_01263,105,DAILY_0001,5,1000.0,0.7,0.2,False,True,BEHAVIORAL_DEFAULT_SURPLUS_COLLATERAL,4.0,1,2,2,0.6108407343567581,2000.0,1.0,0.0,843.359895947192,10112.068977480729,8662.972934713627,False,0.8,,150.0,0.05
sweep_01264,106,DAILY_0001,5,1000.0,0.7,0.2,False,True,BEHAVIORAL_DEFAULT_INSUFFICIENT_COLLATERAL,5.0,1,2,2,0.6108407343567581,935.5475692611539,0.9355475692611539,64.45243073884615,0.0,13317.118454353504,9348.883092699216,False,0.8,,150.0,0.05
sweep_01265,107,DAILY_0001,5,1000.0,0.7,0.2,False,True,BEHAVIORAL_DEFAULT_INSUFFICIENT_COLLATERAL,4.0,1,2,2,0.6108407343567581,1791.5841273637106,0.8957920636818554,208.41587263628935,0.0,9504.711727327722,8362.831573057862,False,0.8,,150.0,0.05
sweep_01266,108,DAILY_0001,5,1000.0,0.7,0.2,False,True,BEHAVIORAL_DEFAULT_SURPLUS_COLLATERAL,4.0,1,2,2,0.6108407343567581,2000.0,1.0,0.0,841.5347815600203,9229.632260373746,8435.547578243826,False,0.8,,150.0,0.05
sweep_01267,109,DAILY_0001,5,1000.0,0.7,0.2,True,False,,,0,2,2,0.6108407343567581,0.0,1.0,0.0,0.0,17097.560018571552,9257.56270735371,False,1.0,,150.0,0.05
sweep_01268,110,DAILY_0001,5,1000.0,0.7,0.2,True,False,,,0,2,2,0.6108407343567581,0.0,1.0,0.0,0.0,17252.145983174083,9448.49127588093,False,1.0,,150.0,0.05
sweep_01269,111,DAILY_0001,5,1000.0,0.7,0.2,False,True,BEHAVIORAL_DEFAULT_SURPLUS_COLLATERAL,5.0,1,2,2,0.6108407343567581,1000.0,1.0,0.0,808.8949953179192,13005.811951455453,9283.84843328432,False,0.8,,150.0,0.05
sweep_01270,112,DAILY_0001,5,1000.0,0.7,0.2,True,False,,,0,2,2,0.6108407343567581,0.0,1.0,0.0,0.0,16909.07625773677,9166.669031817077,False,1.0,,150.0,0.05
sweep_01271,113,DAILY_0001,5,1000.0,0.7,0.2,False,True,BEHAVIORAL_DEFAULT_INSUFFICIENT_COLLATERAL,3.0,1,0,0,0.2295668026988248,2445.767649570018,0.815255883190006,554.232350429982,0.0,6623.312533026473,8076.933161378293,False,0.8,,150.0,0.05
sweep_01272,114,DAILY_0001,5,1000.0,0.7,0.2,False,True,BEHAVIORAL_DEFAULT_INSUFFICIENT_COLLATERAL,3.0,1,0,0,0.2295668026988248,2358.9958279378648,0.786331942645955,641.0041720621352,0.0,6121.454939968626,7728.099805020791,False,0.8,,150.0,0.05
sweep_01273,115,DAILY_0001,5,1000.0,0.7,0.2,True,False,,,0,2,2,0.6108407343567581,0.0,1.0,0.0,0.0,16756.555719327873,8942.330719339212,False,1.0,,150.0,0.05
sweep_01274,116,DAILY_0001,5,1000.0,0.7,0.2,False,True,BEHAVIORAL_DEFAULT_SURPLUS_COLLATERAL,3.0,1,0,0,0.2295668026988248,3000.0,1.0,0.0,1190.1680418068327,6397.070943819939,8032.064325470557,False,0.8,,150.0,0.05
sweep_01275,117,DAILY_0001,5,1000.0,0.7,0.2,False,True,BEHAVIORAL_DEFAULT_INSUFFICIENT_COLLATERAL,2.0,1,0,0,0.0802993013430624,3550.7173784353113,0.8876793446088278,449.2826215646887,0.0,3189.4444401873525,3619.6214309819907,False,0.8,,150.0,0.05
sweep_01276,118,DAILY_0001,5,1000.0,0.7,0.2,True,False,,,0,2,2,0.6108407343567581,0.0,1.0,0.0,0.0,16908.748437966286,9503.418502505989,False,1.0,,150.0,0.05
sweep_01277,119,DAILY_0001,5,1000.0,0.7,0.2,True,False,,,0,2,2,0.6108407343567581,0.0,1.0,0.0,0.0,16730.031620694273,9207.252665929316,False,1.0,,150.0,0.05
sweep_01278,120,DAILY_0001,5,1000.0,0.7,0.2,True,False,,,0,2,2,0.6108407343567581,0.0,1.0,0.0,0.0,17299.20314416707,9564.565938854983,False,1.0,,150.0,0.05
sweep_01279,121,DAILY_0001,5,1000.0,0.7,0.2,False,True,BEHAVIORAL_DEFAULT_SURPLUS_COLLATERAL,4.0,1,2,2,0.6108407343567581,2000.0,1.0,0.0,839.7350299636846,9287.607451281923,8369.067843847302,False,0.8,,150.0,0.05
sweep_01280,122,DAILY_0001,5,1000.0,0.7,0.2,True,False,,,0,2,2,0.6108407343567581,0.0,1.0,0.0,0.0,16786.425779314144,9301.96097227961,False,1.0,,150.0,0.05
sweep_01281,123,DAILY_0001,5,1000.0,0.7,0.2,False,True,BEHAVIORAL_DEFAULT_SURPLUS_COLLATERAL,4.0,1,2,2,0.6108407343567581,2000.0,1.0,0.0,841.5721978432834,10213.097259473365,8688.660960675788,False,0.8,,150.0,0.05
sweep_01282,124,DAILY_0001,5,1000.0,0.7,0.2,True,False,,,0,2,2,0.6108407343567581,0.0,1.0,0.0,0.0,17378.096470344266,9683.114507385875,False,1.0,,150.0,0.05
sweep_01283,125,DAILY_0001,5,1000.0,0.7,0.2,True,False,,,0,2,2,0.6108407343567581,0.0,1.0,0.0,0.0,17222.14785778652,9354.897581066427,False,1.0,,150.0,0.05
sweep_01284,126,DAILY_0001,5,1000.0,0.7,0.2,False,True,BEHAVIORAL_DEFAULT_SURPLUS_COLLATERAL,3.0,1,0,0,0.2295668026988248,3000.0,1.0,0.0,1265.2217100223252,6608.331218475114,8220.368578416284,False,0.8,,150.0,0.05
sweep_01285,127,DAILY_0001,5,1000.0,0.7,0.2,True,False,,,0,2,2,0.6108407343567581,0.0,1.0,0.0,0.0,17068.994068195138,9259.456675854,False,1.0,,150.0,0.05
sweep_01286,128,DAILY_0001,5,1000.0,0.7,0.2,True,False,,,0,2,2,0.6108407343567581,0.0,1.0,0.0,0.0,17380.160876094935,9294.399327906516,False,1.0,,150.0,0.05
sweep_01287,129,DAILY_0001,5,1000.0,0.7,0.2,True,False,,,0,2,2,0.6108407343567581,0.0,1.0,0.0,0.0,16680.988802965425,9137.15066093247,False,1.0,,150.0,0.05
sweep_01288,130,DAILY_0001,5,1000.0,0.7,0.2,False,True,BEHAVIORAL_DEFAULT_SURPLUS_COLLATERAL,5.0,1,2,2,0.6108407343567581,1000.0,1.0,0.0,1315.7776564401938,12730.738840773127,9422.001566925275,False,0.8,,150.0,0.05
sweep_01289,131,DAILY_0001,5,1000.0,0.7,0.2,False,True,BEHAVIORAL_DEFAULT_SURPLUS_COLLATERAL,4.0,1,2,2,0.6108407343567581,2000.0,1.0,0.0,840.6419096915333,9894.940183776958,8528.509166556389,False,0.8,,150.0,0.05
sweep_01290,132,DAILY_0001,5,1000.0,0.7,0.2,False,True,BEHAVIORAL_DEFAULT_INSUFFICIENT_COLLATERAL,4.0,1,2,2,0.6108407343567581,1508.877971631926,0.7544389858159629,491.1220283680741,0.0,9452.061028387478,8396.6498099443,False,0.8,,150.0,0.05
sweep_01291,133,DAILY_0001,5,1000.0,0.7,0.2,False,True,BEHAVIORAL_DEFAULT_INSUFFICIENT_COLLATERAL,2.0,1,0,0,0.0802993013430624,3498.020783764725,0.8745051959411813,501.9792162352751,0.0,3049.7954187370806,3562.088117417563,False,0.8,,150.0,0.05
sweep_01292,134,DAILY_0001,5,1000.0,0.7,0.2,False,True,BEHAVIORAL_DEFAULT_INSUFFICIENT_COLLATERAL,3.0,1,0,0,0.2295668026988248,2434.812375779269,0.8116041252597563,565.1876242207309,0.0,6618.547990000483,8101.618942842109,False,0.8,,150.0,0.05
sweep_01293,135,DAILY_0001,5,1000.0,0.7,0.2,True,False,,,0,2,2,0.6108407343567581,0.0,1.0,0.0,0.0,17308.180105341366,9365.261244288493,False,1.0,,150.0,0.05
sweep_01294,136,DAILY_0001,5,1000.0,0.7,0.2,False,True,BEHAVIORAL_DEFAULT_SURPLUS_COLLATERAL,5.0,1,2,2,0.6108407343567581,1000.0,1.0,0.0,878.5391118513239,12439.168673732074,9027.033057359433,False,0.8,,150.0,0.05
sweep_01295,137,DAILY_0001,5,1000.0,0.7,0.2,False,True,BEHAVIORAL_DEFAULT_INSUFFICIENT_COLLATERAL,4.0,1,2,2,0.6108407343567581,1693.024883406957,0.8465124417034785,306.9751165930429,0.0,9538.559186760156,8485.683297581374,False,0.8,,150.0,0.05
sweep_01296,138,DAILY_0001,5,1000.0,0.7,0.2,False,True,BEHAVIORAL_DEFAULT_INSUFFICIENT_COLLATERAL,5.0,1,2,2,0.6108407343567581,880.457023719268,0.880457023719268,119.54297628073198,0.0,12533.99100881035,9231.35680024131,False,0.8,,150.0,0.05
sweep_01297,139,DAILY_0001,5,1000.0,0.7,0.2,False,True,BEHAVIORAL_DEFAULT_INSUFFICIENT_COLLATERAL,2.0,1,0,0,0.0802993013430624,3521.1710678540794,0.8802927669635199,478.8289321459206,0.0,3111.145009532911,3587.3632336170895,False,0.8,,150.0,0.05
sweep_01298,140,DAILY_0001,5,1000.0,0.7,0.2,False,True,BEHAVIORAL_DEFAULT_INSUFFICIENT_COLLATERAL,2.0,1,0,0,0.0802993013430624,3540.1636306976206,0.8850409076744051,459.83636930237935,0.0,3161.476398733924,3608.099015128214,False,0.8,,150.0,0.05
sweep_01299,141,DAILY_0001,5,1000.0,0.7,0.2,True,False,,,0,2,2,0.6108407343567581,0.0,1.0,0.0,0.0,17185.12705013151,9272.027858508194,False,1.0,,150.0,0.05
sweep_01300,142,DAILY_0001,5,1000.0,0.7,0.2,False,True,BEHAVIORAL_DEFAULT_INSUFFICIENT_COLLATERAL,2.0,1,0,0,0.0802993013430624,3541.9898120799585,0.8854974530199896,458.0101879200415,0.0,3166.3158849403544,3610.0928112501897,False,0.8,,150.0,0.05
sweep_01301,143,DAILY_0001,5,1000.0,0.7,0.2,True,False,,,0,2,2,0.6108407343567581,0.0,1.0,0.0,0.0,16445.290904199723,9328.843575653791,False,1.0,,150.0,0.05
sweep_01302,144,DAILY_0001,5,1000.0,0.7,0.2,True,False,,,0,2,2,0.6108407343567581,0.0,1.0,0.0,0.0,17343.411988435073,9479.14271511632,False,1.0,,150.0,0.05
sweep_01303,145,DAILY_0001,5,1000.0,0.7,0.2,True,False,,,0,2,2,0.6108407343567581,0.0,1.0,0.0,0.0,17193.72751399906,9417.13630503199,False,1.0,,150.0,0.05
sweep_01304,146,DAILY_0001,5,1000.0,0.7,0.2,True,False,,,0,2,2,0.6108407343567581,0.0,1.0,0.0,0.0,16193.924104929843,9060.97384321058,False,1.0,,150.0,0.05
sweep_01305,147,DAILY_0001,5,1000.0,0.7,0.2,False,True,BEHAVIORAL_DEFAULT_INSUFFICIENT_COLLATERAL,4.0,1,2,2,0.6108407343567581,1569.0387212210421,0.7845193606105211,430.9612787789579,0.0,9889.107754331599,8534.51003427015,False,0.8,,150.0,0.05
sweep_01306,148,DAILY_0001,5,1000.0,0.7,0.2,True,False,,,0,2,2,0.6108407343567581,0.0,1.0,0.0,0.0,17096.666287603017,9358.975372304643,False,1.0,,150.0,0.05
sweep_01307,149,DAILY_0001,5,1000.0,0.7,0.2,False,True,BEHAVIORAL_DEFAULT_INSUFFICIENT_COLLATERAL,4.0,1,2,2,0.6108407343567581,1473.2424925188402,0.7366212462594202,526.7575074811598,0.0,9814.02173860668,8662.545650884998,False,0.8,,150.0,0.05
sweep_01308,150,DAILY_0001,5,1000.0,0.7,0.2,True,False,,,0,2,2,0.6108407343567581,0.0,1.0,0.0,0.0,16546.279710931314,9356.017397722517,False,1.0,,150.0,0.05
sweep_01309,151,DAILY_0001,5,1000.0,0.7,0.2,False,True,BEHAVIORAL_DEFAULT_SURPLUS_COLLATERAL,5.0,1,2,2,0.6108407343567581,1000.0,1.0,0.0,1074.1436418794055,13335.570209326292,9455.90575907798,False,0.8,,150.0,0.05
sweep_01310,152,DAILY_0001,5,1000.0,0.7,0.2,True,False,,,0,2,2,0.6108407343567581,0.0,1.0,0.0,0.0,17093.36930493184,9338.496432827851,False,1.0,,150.0,0.05
sweep_01311,153,DAILY_0001,5,1000.0,0.7,0.2,True,False,,,0,2,2,0.6108407343567581,0.0,1.0,0.0,0.0,16508.84948067981,9020.170445849628,False,1.0,,150.0,0.05
sweep_01312,154,DAILY_0001,5,1000.0,0.7,0.2,True,False,,,0,2,2,0.6108407343567581,0.0,1.0,0.0,0.0,16928.440090342658,9149.875534959316,False,1.0,,150.0,0.05
sweep_01313,155,DAILY_0001,5,1000.0,0.7,0.2,False,True,BEHAVIORAL_DEFAULT_SURPLUS_COLLATERAL,3.0,1,0,0,0.2295668026988248,3000.0,1.0,0.0,1141.2322726636094,6224.123226178908,7888.954892545223,False,0.8,,150.0,0.05
sweep_01314,156,DAILY_0001,5,1000.0,0.7,0.2,True,False,,,0,2,2,0.6108407343567581,0.0,1.0,0.0,0.0,16822.870383115638,9139.437186420828,False,1.0,,150.0,0.05
sweep_01315,157,DAILY_0001,5,1000.0,0.7,0.2,False,True,BEHAVIORAL_DEFAULT_INSUFFICIENT_COLLATERAL,3.0,1,0,0,0.2295668026988248,2364.8591751358854,0.7882863917119618,635.1408248641146,0.0,6313.283449869156,7936.889382562695,False,0.8,,150.0,0.05
sweep_01316,158,DAILY_0001,5,1000.0,0.7,0.2,True,False,,,0,2,2,0.6108407343567581,0.0,1.0,0.0,0.0,17327.297792749472,9315.510975981677,False,1.0,,150.0,0.05
sweep_01317,159,DAILY_0001,5,1000.0,0.7,0.2,True,False,,,0,2,2,0.6108407343567581,0.0,1.0,0.0,0.0,17547.075472215663,9536.61306183831,False,1.0,,150.0,0.05
sweep_01318,160,DAILY_0001,5,1000.0,0.7,0.2,False,True,BEHAVIORAL_DEFAULT_SURPLUS_COLLATERAL,5.0,1,2,2,0.6108407343567581,1000.0,1.0,0.0,2962.925442481652,13559.294233579409,9616.100037676364,False,0.8,,150.0,0.05
sweep_01319,161,DAILY_0001,5,1000.0,0.7,0.2,True,False,,,0,2,2,0.6108407343567581,0.0,1.0,0.0,0.0,16722.38973114001,9288.268154309659,False,1.0,,150.0,0.05
sweep_01320,162,DAILY_0001,5,1000.0,0.7,0.2,False,True,BEHAVIORAL_DEFAULT_SURPLUS_COLLATERAL,3.0,1,0,0,0.2295668026988248,3000.0,1.0,0.0,1019.006299826392,6099.333759251945,7708.934170029259,False,0.8,,150.0,0.05
sweep_01321,163,DAILY_0001,5,1000.0,0.7,0.2,True,False,,,0,2,2,0.6108407343567581,0.0,1.0,0.0,0.0,17276.966005569957,9448.221984116255,False,1.0,,150.0,0.05
sweep_01322,164,DAILY_0001,5,1000.0,0.7,0.2,True,False,,,0,2,2,0.6108407343567581,0.0,1.0,0.0,0.0,17233.351687522765,9309.971368274486,False,1.0,,150.0,0.05
sweep_01323,165,DAILY_0001,5,1000.0,0.7,0.2,True,False,,,0,2,2,0.6108407343567581,0.0,1.0,0.0,0.0,16913.7215097475,9083.84186176249,False,1.0,,150.0,0.05
sweep_01324,166,DAILY_0001,5,1000.0,0.7,0.2,False,True,BEHAVIORAL_DEFAULT_SURPLUS_COLLATERAL,5.0,1,2,2,0.6108407343567581,1000.0,1.0,0.0,1233.1655601261814,13275.843211445086,9476.617626928544,False,0.8,,150.0,0.05
sweep_01325,167,DAILY_0001,5,1000.0,0.7,0.2,True,False,,,0,2,2,0.6108407343567581,0.0,1.0,0.0,0.0,16859.790773916782,9143.708057722102,False,1.0,,150.0,0.05
sweep_01326,168,DAILY_0001,5,1000.0,0.7,0.2,False,True,BEHAVIORAL_DEFAULT_SURPLUS_COLLATERAL,5.0,1,2,2,0.6108407343567581,1000.0,1.0,0.0,2919.626632762489,12306.50352346156,9189.763583355636,False,0.8,,150.0,0.05
sweep_01327,169,DAILY_0001,5,1000.0,0.7,0.2,False,True,BEHAVIORAL_DEFAULT_SURPLUS_COLLATERAL,5.0,1,2,2,0.6108407343567581,1000.0,1.0,0.0,1313.5596155762123,13383.861734067441,9386.966826596967,False,0.8,,150.0,0.05
sweep_01328,170,DAILY_0001,5,1000.0,0.7,0.2,True,False,,,0,2,2,0.6108407343567581,0.0,1.0,0.0,0.0,17232.159337492943,9228.385986837218,False,1.0,,150.0,0.05
sweep_01329,171,DAILY_0001,5,1000.0,0.7,0.2,True,False,,,0,2,2,0.6108407343567581,0.0,1.0,0.0,0.0,16487.879755940605,8861.439426388855,False,1.0,,150.0,0.05
sweep_01330,172,DAILY_0001,5,1000.0,0.7,0.2,False,True,BEHAVIORAL_DEFAULT_INSUFFICIENT_COLLATERAL,5.0,1,2,2,0.6108407343567581,842.7051198381354,0.8427051198381353,157.29488016186463,0.0,12754.088913575759,9022.367508144189,False,0.8,,150.0,0.05
sweep_01331,173,DAILY_0001,5,1000.0,0.7,0.2,True,False,,,0,2,2,0.6108407343567581,0.0,1.0,0.0,0.0,16811.936915077735,9236.198880028413,False,1.0,,150.0,0.05
sweep_01332,174,DAILY_0001,5,1000.0,0.7,0.2,True,False,,,0,2,2,0.6108407343567581,0.0,1.0,0.0,0.0,16928.24289810534,9254.774406613735,False,1.0,,150.0,0.05
sweep_01333,175,DAILY_0001,5,1000.0,0.7,0.2,True,False,,,0,2,2,0.6108407343567581,0.0,1.0,0.0,0.0,16822.84112582361,9044.952297770256,False,1.0,,150.0,0.05
sweep_01334,176,DAILY_0001,5,1000.0,0.7,0.2,True,False,,,0,2,2,0.6108407343567581,0.0,1.0,0.0,0.0,16402.90381242599,8910.224930628878,False,1.0,,150.0,0.05
sweep_01335,177,DAILY_0001,5,1000.0,0.7,0.2,False,True,BEHAVIORAL_DEFAULT_INSUFFICIENT_COLLATERAL,2.0,1,0,0,0.0802993013430624,3539.678549410448,0.8849196373526119,460.3214505895521,0.0,3160.1909052878864,3607.5694110053364,False,0.8,,150.0,0.05
sweep_01336,178,DAILY_0001,5,1000.0,0.7,0.2,True,False,,,0,2,2,0.6108407343567581,0.0,1.0,0.0,0.0,16613.95277706074,8979.521798784084,False,1.0,,150.0,0.05
sweep_01337,179,DAILY_0001,5,1000.0,0.7,0.2,True,False,,,0,2,2,0.6108407343567581,0.0,1.0,0.0,0.0,16825.94357748756,9020.72133833549,False,1.0,,150.0,0.05
sweep_01338,180,DAILY_0001,5,1000.0,0.7,0.2,True,False,,,0,2,2,0.6108407343567581,0.0,1.0,0.0,0.0,17332.698660576734,9409.272037105275,False,1.0,,150.0,0.05
sweep_01339,181,DAILY_0001,5,1000.0,0.7,0.2,False,True,BEHAVIORAL_DEFAULT_INSUFFICIENT_COLLATERAL,4.0,1,2,2,0.6108407343567581,1802.7191697441435,0.9013595848720718,197.28083025585647,0.0,9381.7156603568,8526.845884579428,False,0.8,,150.0,0.05
sweep_01340,182,DAILY_0001,5,1000.0,0.7,0.2,False,True,BEHAVIORAL_DEFAULT_INSUFFICIENT_COLLATERAL,4.0,1,2,2,0.6108407343567581,1753.470360814485,0.8767351804072425,246.52963918551495,0.0,9613.459796300805,8458.734556561116,False,0.8,,150.0,0.05
sweep_01341,183,DAILY_0001,5,1000.0,0.7,0.2,False,True,BEHAVIORAL_DEFAULT_SURPLUS_COLLATERAL,5.0,1,2,2,0.6108407343567581,1000.0,1.0,0.0,745.9806562817407,12517.895991903359,8902.859007980573,False,0.8,,150.0,0.05
sweep_01342,184,DAILY_0001,5,1000.0,0.7,0.2,True,False,,,0,2,2,0.6108407343567581,0.0,1.0,0.0,0.0,17226.715015370733,9467.33270455996,False,1.0,,150.0,0.05
sweep_01343,185,DAILY_0001,5,1000.0,0.7,0.2,False,True,BEHAVIORAL_DEFAULT_INSUFFICIENT_COLLATERAL,4.0,1,2,2,0.6108407343567581,1492.967005738038,0.7464835028690191,507.0329942619619,0.0,9321.804157226868,8407.719043026256,False,0.8,,150.0,0.05
sweep_01344,186,DAILY_0001,5,1000.0,0.7,0.2,False,True,BEHAVIORAL_DEFAULT_INSUFFICIENT_COLLATERAL,3.0,1,0,0,0.2295668026988248,2451.13293565869,0.81704431188623,548.8670643413102,0.0,6559.983069571281,7987.828540083869,False,0.8,,150.0,0.05
sweep_01345,187,DAILY_0001,5,1000.0,0.7,0.2,False,True,BEHAVIORAL_DEFAULT_INSUFFICIENT_COLLATERAL,4.0,1,2,2,0.6108407343567581,1673.4513727074832,0.8367256863537416,326.5486272925168,0.0,9703.856181907031,8500.94813951375,False,0.8,,150.0,0.05
sweep_01346,188,DAILY_0001,5,1000.0,0.7,0.2,False,True,BEHAVIORAL_DEFAULT_SURPLUS_COLLATERAL,5.0,1,2,2,0.6108407343567581,1000.0,1.0,0.0,1310.483867508026,13167.848974053273,9246.844754094443,False,0.8,,150.0,0.05
sweep_01347,189,DAILY_0001,5,1000.0,0.7,0.2,True,False,,,0,2,2,0.6108407343567581,0.0,1.0,0.0,0.0,17458.454152212147,9596.727550676875,False,1.0,,150.0,0.05
sweep_01348,190,DAILY_0001,5,1000.0,0.7,0.2,False,True,BEHAVIORAL_DEFAULT_SURPLUS_COLLATERAL,4.0,1,2,2,0.6108407343567581,2000.0,1.0,0.0,838.6347099185359,9384.639416814975,8349.192733459522,False,0.8,,150.0,0.05
sweep_01349,191,DAILY_0001,5,1000.0,0.7,0.2,True,False,,,0,2,2,0.6108407343567581,0.0,1.0,0.0,0.0,16741.237276910877,9149.439509508475,False,1.0,,150.0,0.05
sweep_01350,42,DAILY_0001,5,1000.0,0.8,0.2,True,False,,,0,2,2,0.6108407343567581,0.0,1.0,0.0,0.0,17143.15024973444,10775.88593417027,False,1.0,,50.0,0.05
sweep_01351,43,DAILY_0001,5,1000.0,0.8,0.2,True,False,,,0,2,2,0.6108407343567581,0.0,1.0,0.0,0.0,16683.664856290503,10599.428202317065,False,1.0,,50.0,0.05
sweep_01352,44,DAILY_0001,5,1000.0,0.8,0.2,True,False,,,0,2,2,0.6108407343567581,0.0,1.0,0.0,0.0,16963.961355801184,10920.9252746876,False,1.0,,50.0,0.05
sweep_01353,45,DAILY_0001,5,1000.0,0.8,0.2,False,True,BEHAVIORAL_DEFAULT_SURPLUS_COLLATERAL,5.0,1,2,2,0.6108407343567581,1000.0,1.0,0.0,3642.3446143067104,12896.079661440042,10677.635420150473,False,0.8,,50.0,0.05
sweep_01354,46,DAILY_0001,5,1000.0,0.8,0.2,True,False,,,0,2,2,0.6108407343567581,0.0,1.0,0.0,0.0,16307.234970412434,10508.17409378438,False,1.0,,50.0,0.05
sweep_01355,47,DAILY_0001,5,1000.0,0.8,0.2,True,False,,,0,2,2,0.6108407343567581,0.0,1.0,0.0,0.0,17175.220923270765,10915.263846962182,False,1.0,,50.0,0.05
sweep_01356,48,DAILY_0001,5,1000.0,0.8,0.2,False,True,BEHAVIORAL_DEFAULT_INSUFFICIENT_COLLATERAL,3.0,1,0,0,0.2295668026988248,2777.135365416744,0.9257117884722481,222.8646345832558,0.0,6384.596399760172,9231.28314329969,False,0.8,,50.0,0.05
sweep_01357,49,DAILY_0001,5,1000.0,0.8,0.2,True,False,,,0,2,2,0.6108407343567581,0.0,1.0,0.0,0.0,17411.6649980281,11102.109048104541,False,1.0,,50.0,0.05
sweep_01358,50,DAILY_0001,5,1000.0,0.8,0.2,True,False,,,0,2,2,0.6108407343567581,0.0,1.0,0.0,0.0,16470.071539501125,10446.602276911792,False,1.0,,50.0,0.05
sweep_01359,51,DAILY_0001,5,1000.0,0.8,0.2,True,False,,,0,2,2,0.6108407343567581,0.0,1.0,0.0,0.0,16553.917458671152,10430.320862997387,False,1.0,,50.0,0.05
sweep_01360,52,DAILY_0001,5,1000.0,0.8,0.2,False,True,BEHAVIORAL_DEFAULT_SURPLUS_COLLATERAL,5.0,1,2,2,0.6108407343567581,1000.0,1.0,0.0,3494.78897280653,13756.613367327447,11266.110063042128,False,0.8,,50.0,0.05
sweep_01361,53,DAILY_0001,5,1000.0,0.8,0.2,False,True,BEHAVIORAL_DEFAULT_SURPLUS_COLLATERAL,5.0,1,2,2,0.6108407343567581,1000.0,1.0,0.0,3574.989522162483,12961.478326267516,10828.817858666984,False,0.8,,50.0,0.05
sweep_01362,54,DAILY_0001,5,1000.0,0.8,0.2,False,True,BEHAVIORAL_DEFAULT_INSUFFICIENT_COLLATERAL,5.0,1,2,2,0.6108407343567581,930.7106913239862,0.9307106913239862,69.28930867601377,0.0,12569.941496225256,10832.400589866316,False,0.8,,50.0,0.05
sweep_01363,55,DAILY_0001,5,1000.0,0.8,0.2,False,True,BEHAVIORAL_DEFAULT_SURPLUS_COLLATERAL,5.0,1,2,2,0.6108407343567581,1000.0,1.0,0.0,1664.635400014301,13020.111295967612,10727.870742909177,False,0.8,,50.0,0.05
sweep_01364,56,DAILY_0001,5,1000.0,0.8,0.2,False,True,BEHAVIORAL_DEFAULT_SURPLUS_COLLATERAL,5.0,1,2,2,0.6108407343567581,1000.0,1.0,0.0,1614.3747102191119,12704.486967871519,10609.634838468523,False,0.8,,50.0,0.05
sweep_01365,57,DAILY_0001,5,1000.0,0.8,0.2,True,False,,,0,2,2,0.6108407343567581,0.0,1.0,0.0,0.0,16629.925622068513,10442.482870282236,False,1.0,,50.0,0.05
sweep_01366,58,DAILY_0001,5,1000.0,0.8,0.2,True,False,,,0,2,2,0.6108407343567581,0.0,1.0,0.0,0.0,17118.252725129587,10941.172434171322,False,1.0,,50.0,0.05
sweep_01367,59,DAILY_0001,5,1000.0,0.8,0.2,False,True,BEHAVIORAL_DEFAULT_INSUFFICIENT_COLLATERAL,4.0,1,2,2,0.6108407343567581,1708.826156990368,0.854413078495184,291.17384300963204,0.0,9396.14470761244,9875.085316214829,False,0.8,,50.0,0.05
sweep_01368,60,DAILY_0001,5,1000.0,0.8,0.2,True,False,,,0,2,2,0.6108407343567581,0.0,1.0,0.0,0.0,16890.892442598783,10684.383296995582,False,1.0,,50.0,0.05
sweep_01369,61,DAILY_0001,5,1000.0,0.8,0.2,True,False,,,0,2,2,0.6108407343567581,0.0,1.0,0.0,0.0,17049.548692196306,10876.337216883163,False,1.0,,50.0,0.05
sweep_01370,62,DAILY_0001,5,1000.0,0.8,0.2,True,False,,,0,2,2,0.6108407343567581,0.0,1.0,0.0,0.0,16688.163188009137,10640.563804738806,False,1.0,,50.0,0.05
sweep_01371,63,DAILY_0001,5,1000.0,0.8,0.2,False,True,BEHAVIORAL_DEFAULT_SURPLUS_COLLATERAL,5.0,1,2,2,0.6108407343567581,1000.0,1.0,0.0,1636.8550674049966,12560.781626539678,10763.091555367067,False,0.8,,50.0,0.05
sweep_01372,64,DAILY_0001,5,1000.0,0.8,0.2,False,True,BEHAVIORAL_DEFAULT_SURPLUS_COLLATERAL,3.0,1,0,0,0.2295668026988248,3000.0,1.0,0.0,1691.286562946957,6151.058035452796,9083.582610046997,False,0.8,,50.0,0.05
sweep_01373,65,DAILY_0001,5,1000.0,0.8,0.2,False,True,BEHAVIORAL_DEFAULT_SURPLUS_COLLATERAL,2.0,1,0,0,0.0802993013430624,4000.0,1.0,0.0,67.89137659483276,3099.9623073224475,4147.550159960608,False,0.8,,50.0,0.05
sweep_01374,66,DAILY_0001,5,1000.0,0.8,0.2,True,False,,,0,2,2,0.6108407343567581,0.0,1.0,0.0,0.0,17056.111050431617,10800.214380998712,False,1.0,,50.0,0.05
sweep_01375,67,DAILY_0001,5,1000.0,0.8,0.2,True,False,,,0,2,2,0.6108407343567581,0.0,1.0,0.0,0.0,17358.7323024141,11068.90768105011,False,1.0,,50.0,0.05
sweep_01376,68,DAILY_0001,5,1000.0,0.8,0.2,False,True,BEHAVIORAL_DEFAULT_INSUFFICIENT_COLLATERAL,4.0,1,2,2,0.6108407343567581,1741.1175287918174,0.8705587643959087,258.88247120818255,0.0,9384.172146377827,9809.644449911124,False,0.8,,50.0,0.05
sweep_01377,69,DAILY_0001,5,1000.0,0.8,0.2,False,True,BEHAVIORAL_DEFAULT_INSUFFICIENT_COLLATERAL,3.0,1,0,0,0.2295668026988248,2738.080104201101,0.9126933680670337,261.9198957988988,0.0,6254.764509256824,9186.931607496896,False,0.8,,50.0,0.05
sweep_01378,70,DAILY_0001,5,1000.0,0.8,0.2,True,False,,,0,2,2,0.6108407343567581,0.0,1.0,0.0,0.0,18008.300555488746,11225.71261769441,False,1.0,,50.0,0.05
sweep_01379,71,DAILY_0001,5,1000.0,0.8,0.2,True,False,,,0,2,2,0.6108407343567581,0.0,1.0,0.0,0.0,17077.07193201092,10814.816673384148,False,1.0,,50.0,0.05
sweep_01380,72,DAILY_0001,5,1000.0,0.8,0.2,False,True,BEHAVIORAL_DEFAULT_INSUFFICIENT_COLLATERAL,5.0,1,2,2,0.6108407343567581,815.2890671364436,0.8152890671364436,184.71093286355642,0.0,12739.57666014175,10544.153252455695,False,0.8,,50.0,0.05
sweep_01381,73,DAILY_0001,5,1000.0,0.8,0.2,True,False,,,0,2,2,0.6108407343567581,0.0,1.0,0.0,0.0,16909.5959464029,10908.387228623418,False,1.0,,50.0,0.05
sweep_01382,74,DAILY_0001,5,1000.0,0.8,0.2,False,True,BEHAVIORAL_DEFAULT_SURPLUS_COLLATERAL,3.0,1,0,0,0.2295668026988248,3000.0,1.0,0.0,1727.660480906412,6142.21535254676,9110.59905687592,False,0.8,,50.0,0.05
sweep_01383,75,DAILY_0001,5,1000.0,0.8,0.2,True,False,,,0,2,2,0.6108407343567581,0.0,1.0,0.0,0.0,16697.360309291158,10588.020229241283,False,1.0,,50.0,0.05
sweep_01384,76,DAILY_0001,5,1000.0,0.8,0.2,True,False,,,0,2,2,0.6108407343567581,0.0,1.0,0.0,0.0,16671.801168191498,10903.331170201036,False,1.0,,50.0,0.05
sweep_01385,77,DAILY_0001,5,1000.0,0.8,0.2,True,False,,,0,2,2,0.6108407343567581,0.0,1.0,0.0,0.0,16763.124564751575,10734.313774311504,False,1.0,,50.0,0.05
sweep_01386,78,DAILY_0001,5,1000.0,0.8,0.2,True,False,,,0,2,2,0.6108407343567581,0.0,1.0,0.0,0.0,16719.51222653161,10817.665766071379,False,1.0,,50.0,0.05
sweep_01387,79,DAILY_0001,5,1000.0,0.8,0.2,True,False,,,0,2,2,0.6108407343567581,0.0,1.0,0.0,0.0,16476.77247232043,10597.70270315821,False,1.0,,50.0,0.05
sweep_01388,80,DAILY_0001,5,1000.0,0.8,0.2,True,False,,,0,2,2,0.6108407343567581,0.0,1.0,0.0,0.0,16187.427798734678,10479.393092825332,False,1.0,,50.0,0.05
sweep_01389,81,DAILY_0001,5,1000.0,0.8,0.2,True,False,,,0,2,2,0.6108407343567581,0.0,1.0,0.0,0.0,17261.26216002694,11071.538469072766,False,1.0,,50.0,0.05
sweep_01390,82,DAILY_0001,5,1000.0,0.8,0.2,True,False,,,0,2,2,0.6108407343567581,0.0,1.0,0.0,0.0,17428.23657344996,11169.807233873244,False,1.0,,50.0,0.05
sweep_01391,83,DAILY_0001,5,1000.0,0.8,0.2,False,True,BEHAVIORAL_DEFAULT_INSUFFICIENT_COLLATERAL,5.0,1,2,2,0.6108407343567581,996.1971779942636,0.9961971779942635,3.8028220057364024,0.0,13023.010849409744,10746.378378523903,False,0.8,,50.0,0.05
sweep_01392,84,DAILY_0001,5,1000.0,0.8,0.2,False,True,BEHAVIORAL_DEFAULT_INSUFFICIENT_COLLATERAL,3.0,1,0,0,0.2295668026988248,2754.1318613668013,0.9180439537889338,245.86813863319867,0.0,6504.624246924773,9435.630181580298,False,0.8,,50.0,0.05
sweep_01393,85,DAILY_0001,5,1000.0,0.8,0.2,False,True,BEHAVIORAL_DEFAULT_INSUFFICIENT_COLLATERAL,4.0,1,2,2,0.6108407343567581,1772.2388022980003,0.8861194011490001,227.76119770199966,0.0,9644.511591981416,9833.753491851341,False,0.8,,50.0,0.05
sweep_01394,86,DAILY_0001,5,1000.0,0.8,0.2,True,False,,,0,2,2,0.6108407343567581,0.0,1.0,0.0,0.0,17346.9008892341,11009.945087565146,False,1.0,,50.0,0.05
sweep_01395,87,DAILY_0001,5,1000.0,0.8,0.2,True,False,,,0,2,2,0.6108407343567581,0.0,1.0,0.0,0.0,16887.21410701461,10678.11497200457,False,1.0,,50.0,0.05
sweep_01396,88,DAILY_0001,5,1000.0,0.8,0.2,False,True,BEHAVIORAL_DEFAULT_SURPLUS_COLLATERAL,3.0,1,0,0,0.2295668026988248,3000.0,1.0,0.0,1688.502666496407,6598.059130640779,9339.303919961409,False,0.8,,50.0,0.05
sweep_01397,89,DAILY_0001,5,1000.0,0.8,0.2,True,False,,,0,2,2,0.6108407343567581,0.0,1.0,0.0,0.0,16483.760527058344,10742.973232151859,False,1.0,,50.0,0.05
sweep_01398,90,DAILY_0001,5,1000.0,0.8,0.2,False,True,BEHAVIORAL_DEFAULT_SURPLUS_COLLATERAL,4.0,1,2,2,0.6108407343567581,2000.0,1.0,0.0,1249.3346205880202,9428.143344053857,9851.62227484446,False,0.8,,50.0,0.05
sweep_01399,91,DAILY_0001,5,1000.0,0.8,0.2,True,False,,,0,2,2,0.6108407343567581,0.0,1.0,0.0,0.0,16432.64453049189,10791.65281293287,False,1.0,,50.0,0.05
sweep_01400,92,DAILY_0001,5,1000.0,0.8,0.2,True,False,,,0,2,2,0.6108407343567581,0.0,1.0,0.0,0.0,16541.46983637411,10528.986118383511,False,1.0,,50.0,0.05
sweep_01401,93,DAILY_0001,5,1000.0,0.8,0.2,False,True,BEHAVIORAL_DEFAULT_INSUFFICIENT_COLLATERAL,3.0,1,0,0,0.2295668026988248,2783.082764182247,0.9276942547274157,216.91723581775295,0.0,7022.911645595454,9963.517332029343,False,0.8,,50.0,0.05
sweep_01402,94,DAILY_0001,5,1000.0,0.8,0.2,True,False,,,0,2,2,0.6108407343567581,0.0,1.0,0.0,0.0,16816.49136159871,10703.775414285348,False,1.0,,50.0,0.05
sweep_01403,95,DAILY_0001,5,1000.0,0.8,0.2,True,False,,,0,2,2,0.6108407343567581,0.0,1.0,0.0,0.0,17545.744689882886,11052.284023046346,False,1.0,,50.0,0.05
sweep_01404,96,DAILY_0001,5,1000.0,0.8,0.2,True,False,,,0,2,2,0.6108407343567581,0.0,1.0,0.0,0.0,17272.505142960632,10752.727461097817,False,1.0,,50.0,0.05
sweep_01405,97,DAILY_0001,5,1000.0,0.8,0.2,True,False,,,0,2,2,0.6108407343567581,0.0,1.0,0.0,0.0,17205.00493267573,10821.346845359265,False,1.0,,50.0,0.05
sweep_01406,98,DAILY_0001,5,1000.0,0.8,0.2,True,False,,,0,2,2,0.6108407343567581,0.0,1.0,0.0,0.0,17117.740576801672,10909.917311051973,False,1.0,,50.0,0.05
sweep_01407,99,DAILY_0001,5,1000.0,0.8,0.2,False,True,BEHAVIORAL_DEFAULT_SURPLUS_COLLATERAL,4.0,1,2,2,0.6108407343567581,2000.0,1.0,0.0,1248.267364299566,9546.407766635395,9855.745850901156,False,0.8,,50.0,0.05
sweep_01408,100,DAILY_0001,5,1000.0,0.8,0.2,True,False,,,0,2,2,0.6108407343567581,0.0,1.0,0.0,0.0,17296.288473944063,11011.676427066095,False,1.0,,50.0,0.05
sweep_01409,101,DAILY_0001,5,1000.0,0.8,0.2,False,True,BEHAVIORAL_DEFAULT_SURPLUS_COLLATERAL,5.0,1,2,2,0.6108407343567581,1000.0,1.0,0.0,1282.3368952124852,13094.897102232273,10899.280891259068,False,0.8,,50.0,0.05
sweep_01410,102,DAILY_0001,5,1000.0,0.8,0.2,False,True,BEHAVIORAL_DEFAULT_SURPLUS_COLLATERAL,5.0,1,2,2,0.6108407343567581,1000.0,1.0,0.0,3716.309420923346,13315.718463742422,11127.801913448402,False,0.8,,50.0,0.05
sweep_01411,103,DAILY_0001,5,1000.0,0.8,0.2,False,True,BEHAVIORAL_DEFAULT_SURPLUS_COLLATERAL,4.0,1,2,2,0.6108407343567581,2000.0,1.0,0.0,5.09155456693361,9410.055771571677,9814.90909510075,False,0.8,,50.0,0.05
sweep_01412,104,DAILY_0001,5,1000.0,0.8,0.2,True,False,,,0,2,2,0.6108407343567581,0.0,1.0,0.0,0.0,16965.565545296653,10653.0964047514,False,1.0,,50.0,0.05
sweep_01413,105,DAILY_0001,5,1000.0,0.8,0.2,False,True,BEHAVIORAL_DEFAULT_SURPLUS_COLLATERAL,4.0,1,2,2,0.6108407343567581,2000.0,1.0,0.0,1251.8966611334204,10112.068977480729,10035.629273618883,False,0.8,,50.0,0.05
sweep_01414,106,DAILY_0001,5,1000.0,0.8,0.2,False,True,BEHAVIORAL_DEFAULT_SURPLUS_COLLATERAL,5.0,1,2,2,0.6108407343567581,1000.0,1.0,0.0,90.94580856795119,13317.118454353504,10916.923041394572,False,0.8,,50.0,0.05
sweep_01415,107,DAILY_0001,5,1000.0,0.8,0.2,False,True,BEHAVIORAL_DEFAULT_SURPLUS_COLLATERAL,4.0,1,2,2,0.6108407343567581,2000.0,1.0,0.0,14.042119786326111,9504.711727327722,9735.487911963117,False,0.8,,50.0,0.05
sweep_01416,108,DAILY_0001,5,1000.0,0.8,0.2,False,True,BEHAVIORAL_DEFAULT_SURPLUS_COLLATERAL,4.0,1,2,2,0.6108407343567581,2000.0,1.0,0.0,1250.0715467462492,9229.632260373746,9808.20391714908,False,0.8,,50.0,0.05
sweep_01417,109,DAILY_0001,5,1000.0,0.8,0.2,True,False,,,0,2,2,0.6108407343567581,0.0,1.0,0.0,0.0,17097.560018571552,10825.602656049066,False,1.0,,50.0,0.05
sweep_01418,110,DAILY_0001,5,1000.0,0.8,0.2,True,False,,,0,2,2,0.6108407343567581,0.0,1.0,0.0,0.0,17252.145983174083,11016.531224576283,False,1.0,,50.0,0.05
sweep_01419,111,DAILY_0001,5,1000.0,0.8,0.2,False,True,BEHAVIORAL_DEFAULT_SURPLUS_COLLATERAL,5.0,1,2,2,0.6108407343567581,1000.0,1.0,0.0,1173.292120296091,13005.811951455453,10689.479190994854,False,0.8,,50.0,0.05
sweep_01420,112,DAILY_0001,5,1000.0,0.8,0.2,True,False,,,0,2,2,0.6108407343567581,0.0,1.0,0.0,0.0,16909.07625773677,10734.70898051243,False,1.0,,50.0,0.05
sweep_01421,113,DAILY_0001,5,1000.0,0.8,0.2,False,True,BEHAVIORAL_DEFAULT_INSUFFICIENT_COLLATERAL,3.0,1,0,0,0.2295668026988248,2810.3941835253227,0.9367980611751076,189.60581647467734,0.0,6623.312533026473,9419.361213262102,False,0.8,,50.0,0.05
sweep_01422,114,DAILY_0001,5,1000.0,0.8,0.2,False,True,BEHAVIORAL_DEFAULT_INSUFFICIENT_COLLATERAL,3.0,1,0,0,0.2295668026988248,2723.6223618931695,0.9078741206310564,276.37763810683055,0.0,6121.454939968626,9070.527856904597,False,0.8,,50.0,0.05
sweep_01423,115,DAILY_0001,5,1000.0,0.8,0.2,True,False,,,0,2,2,0.6108407343567581,0.0,1.0,0.0,0.0,16756.555719327873,10445.124746785235,False,1.0,,50.0,0.05
sweep_01424,116,DAILY_0001,5,1000.0,0.8,0.2,False,True,BEHAVIORAL_DEFAULT_SURPLUS_COLLATERAL,3.0,1,0,0,0.2295668026988248,3000.0,1.0,0.0,1859.7926440111569,6397.070943819939,9374.492377354363,False,0.8,,50.0,0.05
sweep_01425,117,DAILY_0001,5,1000.0,0.8,0.2,False,True,BEHAVIORAL_DEFAULT_SURPLUS_COLLATERAL,2.0,1,0,0,0.0802993013430624,4000.0,1.0,0.0,101.6574827721006,3189.4444401873525,4184.41546381355,False,0.8,,50.0,0.05
sweep_01426,118,DAILY_0001,5,1000.0,0.8,0.2,True,False,,,0,2,2,0.6108407343567581,0.0,1.0,0.0,0.0,16908.748437966286,10909.049260216523,False,1.0,,50.0,0.05
sweep_01427,119,DAILY_0001,5,1000.0,0.8,0.2,True,False,,,0,2,2,0.6108407343567581,0.0,1.0,0.0,0.0,16730.031620694273,10722.64892403443,False,1.0,,50.0,0.05
sweep_01428,120,DAILY_0001,5,1000.0,0.8,0.2,True,False,,,0,2,2,0.6108407343567581,0.0,1.0,0.0,0.0,17299.20314416707,11132.605887550337,False,1.0,,50.0,0.05
sweep_01429,121,DAILY_0001,5,1000.0,0.8,0.2,False,True,BEHAVIORAL_DEFAULT_SURPLUS_COLLATERAL,4.0,1,2,2,0.6108407343567581,2000.0,1.0,0.0,1248.2717951499144,9287.607451281923,9741.724182752558,False,0.8,,50.0,0.05
sweep_01430,122,DAILY_0001,5,1000.0,0.8,0.2,True,False,,,0,2,2,0.6108407343567581,0.0,1.0,0.0,0.0,16786.425779314144,10741.147687265242,False,1.0,,50.0,0.05
sweep_01431,123,DAILY_0001,5,1000.0,0.8,0.2,False,True,BEHAVIORAL_DEFAULT_SURPLUS_COLLATERAL,4.0,1,2,2,0.6108407343567581,2000.0,1.0,0.0,1250.1089630295123,10213.097259473365,10061.317299581042,False,0.8,,50.0,0.05
sweep_01432,124,DAILY_0001,5,1000.0,0.8,0.2,True,False,,,0,2,2,0.6108407343567581,0.0,1.0,0.0,0.0,17378.096470344266,11088.74526509641,False,1.0,,50.0,0.05
sweep_01433,125,DAILY_0001,5,1000.0,0.8,0.2,True,False,,,0,2,2,0.6108407343567581,0.0,1.0,0.0,0.0,17222.14785778652,10922.937529761783,False,1.0,,50.0,0.05
sweep_01434,126,DAILY_0001,5,1000.0,0.8,0.2,False,True,BEHAVIORAL_DEFAULT_SURPLUS_COLLATERAL,3.0,1,0,0,0.2295668026988248,3000.0,1.0,0.0,1934.8463122266494,6608.331218475114,9562.79663030009,False,0.8,,50.0,0.05
sweep_01435,127,DAILY_0001,5,1000.0,0.8,0.2,True,False,,,0,2,2,0.6108407343567581,0.0,1.0,0.0,0.0,17068.994068195138,10827.496624549354,False,1.0,,50.0,0.05
sweep_01436,128,DAILY_0001,5,1000.0,0.8,0.2,True,False,,,0,2,2,0.6108407343567581,0.0,1.0,0.0,0.0,17380.160876094935,10862.439276601872,False,1.0,,50.0,0.05
sweep_01437,129,DAILY_0001,5,1000.0,0.8,0.2,True,False,,,0,2,2,0.6108407343567581,0.0,1.0,0.0,0.0,16680.988802965425,10551.490144142874,False,1.0,,50.0,0.05
sweep_01438,130,DAILY_0001,5,1000.0,0.8,0.2,False,True,BEHAVIORAL_DEFAULT_SURPLUS_COLLATERAL,5.0,1,2,2,0.6108407343567581,1000.0,1.0,0.0,1661.4734598621876,12730.738840773127,10827.632324635812,False,0.8,,50.0,0.05
sweep_01439,131,DAILY_0001,5,1000.0,0.8,0.2,False,True,BEHAVIORAL_DEFAULT_SURPLUS_COLLATERAL,4.0,1,2,2,0.6108407343567581,2000.0,1.0,0.0,1249.1786748777622,9894.940183776958,9901.165505461646,False,0.8,,50.0,0.05
sweep_01440,132,DAILY_0001,5,1000.0,0.8,0.2,False,True,BEHAVIORAL_DEFAULT_INSUFFICIENT_COLLATERAL,4.0,1,2,2,0.6108407343567581,1743.3704128614274,0.8716852064307137,256.62958713857256,0.0,9452.061028387478,9769.306148849555,False,0.8,,50.0,0.05
sweep_01441,133,DAILY_0001,5,1000.0,0.8,0.2,False,True,BEHAVIORAL_DEFAULT_SURPLUS_COLLATERAL,2.0,1,0,0,0.0802993013430624,4000.0,1.0,0.0,48.960888101513774,3049.7954187370806,4126.882150249122,False,0.8,,50.0,0.05
sweep_01442,134,DAILY_0001,5,1000.0,0.8,0.2,False,True,BEHAVIORAL_DEFAULT_INSUFFICIENT_COLLATERAL,3.0,1,0,0,0.2295668026988248,2799.438909734574,0.9331463032448579,200.56109026542617,0.0,6618.547990000483,9444.046994725915,False,0.8,,50.0,0.05
sweep_01443,135,DAILY_0001,5,1000.0,0.8,0.2,True,False,,,0,2,2,0.6108407343567581,0.0,1.0,0.0,0.0,17308.180105341366,10933.301192983847,False,1.0,,50.0,0.05
sweep_01444,136,DAILY_0001,5,1000.0,0.8,0.2,False,True,BEHAVIORAL_DEFAULT_SURPLUS_COLLATERAL,5.0,1,2,2,0.6108407343567581,1000.0,1.0,0.0,1242.9362368294956,12439.168673732074,10464.637650809727,False,0.8,,50.0,0.05
sweep_01445,137,DAILY_0001,5,1000.0,0.8,0.2,False,True,BEHAVIORAL_DEFAULT_INSUFFICIENT_COLLATERAL,4.0,1,2,2,0.6108407343567581,1915.482875829573,0.9577414379147865,84.517124170427,0.0,9538.559186760156,9858.33963648663,False,0.8,,50.0,0.05
sweep_01446,138,DAILY_0001,5,1000.0,0.8,0.2,False,True,BEHAVIORAL_DEFAULT_INSUFFICIENT_COLLATERAL,5.0,1,2,2,0.6108407343567581,880.457023719268,0.880457023719268,119.54297628073198,0.0,12533.99100881035,10636.987557951847,False,0.8,,50.0,0.05
sweep_01447,139,DAILY_0001,5,1000.0,0.8,0.2,False,True,BEHAVIORAL_DEFAULT_SURPLUS_COLLATERAL,2.0,1,0,0,0.0802993013430624,4000.0,1.0,0.0,72.11117219086873,3111.145009532911,4152.157266448648,False,0.8,,50.0,0.05
sweep_01448,140,DAILY_0001,5,1000.0,0.8,0.2,False,True,BEHAVIORAL_DEFAULT_SURPLUS_COLLATERAL,2.0,1,0,0,0.0802993013430624,4000.0,1.0,0.0,91.10373503441042,3161.476398733924,4172.893047959773,False,0.8,,50.0,0.05
sweep_01449,141,DAILY_0001,5,1000.0,0.8,0.2,True,False,,,0,2,2,0.6108407343567581,0.0,1.0,0.0,0.0,17185.12705013151,10840.067807203548,False,1.0,,50.0,0.05
sweep_01450,142,DAILY_0001,5,1000.0,0.8,0.2,False,True,BEHAVIORAL_DEFAULT_SURPLUS_COLLATERAL,2.0,1,0,0,0.0802993013430624,4000.0,1.0,0.0,92.92991641674735,3166.3158849403544,4174.886844081748,False,0.8,,50.0,0.05
sweep_01451,143,DAILY_0001,5,1000.0,0.8,0.2,True,False,,,0,2,2,0.6108407343567581,0.0,1.0,0.0,0.0,16445.290904199723,10734.474333364326,False,1.0,,50.0,0.05
sweep_01452,144,DAILY_0001,5,1000.0,0.8,0.2,True,False,,,0,2,2,0.6108407343567581,0.0,1.0,0.0,0.0,17343.411988435073,11047.182663811675,False,1.0,,50.0,0.05
sweep_01453,145,DAILY_0001,5,1000.0,0.8,0.2,True,False,,,0,2,2,0.6108407343567581,0.0,1.0,0.0,0.0,17193.72751399906,10985.176253727346,False,1.0,,50.0,0.05
sweep_01454,146,DAILY_0001,5,1000.0,0.8,0.2,True,False,,,0,2,2,0.6108407343567581,0.0,1.0,0.0,0.0,16193.924104929843,10466.604600921115,False,1.0,,50.0,0.05
sweep_01455,147,DAILY_0001,5,1000.0,0.8,0.2,False,True,BEHAVIORAL_DEFAULT_INSUFFICIENT_COLLATERAL,4.0,1,2,2,0.6108407343567581,1803.531162450544,0.901765581225272,196.4688375494561,0.0,9889.107754331599,9907.166373175405,False,0.8,,50.0,0.05
sweep_01456,148,DAILY_0001,5,1000.0,0.8,0.2,True,False,,,0,2,2,0.6108407343567581,0.0,1.0,0.0,0.0,17096.666287603017,10927.015320999997,False,1.0,,50.0,0.05
sweep_01457,149,DAILY_0001,5,1000.0,0.8,0.2,False,True,BEHAVIORAL_DEFAULT_INSUFFICIENT_COLLATERAL,4.0,1,2,2,0.6108407343567581,1707.7349337483417,0.8538674668741709,292.26506625165825,0.0,9814.02173860668,10035.201989790254,False,0.8,,50.0,0.05
sweep_01458,150,DAILY_0001,5,1000.0,0.8,0.2,True,False,,,0,2,2,0.6108407343567581,0.0,1.0,0.0,0.0,16546.279710931314,10761.648155433051,False,1.0,,50.0,0.05
sweep_01459,151,DAILY_0001,5,1000.0,0.8,0.2,False,True,BEHAVIORAL_DEFAULT_SURPLUS_COLLATERAL,5.0,1,2,2,0.6108407343567581,1000.0,1.0,0.0,1438.5407668575772,13335.570209326292,11023.945707773335,False,0.8,,50.0,0.05
sweep_01460,152,DAILY_0001,5,1000.0,0.8,0.2,True,False,,,0,2,2,0.6108407343567581,0.0,1.0,0.0,0.0,17093.36930493184,10906.536381523205,False,1.0,,50.0,0.05
sweep_01461,153,DAILY_0001,5,1000.0,0.8,0.2,True,False,,,0,2,2,0.6108407343567581,0.0,1.0,0.0,0.0,16508.84948067981,10425.801203560164,False,1.0,,50.0,0.05
sweep_01462,154,DAILY_0001,5,1000.0,0.8,0.2,True,False,,,0,2,2,0.6108407343567581,0.0,1.0,0.0,0.0,16928.440090342658,10694.923329743915,False,1.0,,50.0,0.05
sweep_01463,155,DAILY_0001,5,1000.0,0.8,0.2,False,True,BEHAVIORAL_DEFAULT_SURPLUS_COLLATERAL,3.0,1,0,0,0.2295668026988248,3000.0,1.0,0.0,1810.8568748679345,6224.123226178908,9231.38294442903,False,0.8,,50.0,0.05
sweep_01464,156,DAILY_0001,5,1000.0,0.8,0.2,True,False,,,0,2,2,0.6108407343567581,0.0,1.0,0.0,0.0,16822.870383115638,10707.477135116182,False,1.0,,50.0,0.05
sweep_01465,157,DAILY_0001,5,1000.0,0.8,0.2,False,True,BEHAVIORAL_DEFAULT_INSUFFICIENT_COLLATERAL,3.0,1,0,0,0.2295668026988248,2729.48570909119,0.9098285696970634,270.5142909088099,0.0,6313.283449869156,9279.3174344465,False,0.8,,50.0,0.05
sweep_01466,158,DAILY_0001,5,1000.0,0.8,0.2,True,False,,,0,2,2,0.6108407343567581,0.0,1.0,0.0,0.0,17327.297792749472,10883.550924677033,False,1.0,,50.0,0.05
sweep_01467,159,DAILY_0001,5,1000.0,0.8,0.2,True,False,,,0,2,2,0.6108407343567581,0.0,1.0,0.0,0.0,17547.075472215663,11104.653010533664,False,1.0,,50.0,0.05
sweep_01468,160,DAILY_0001,5,1000.0,0.8,0.2,False,True,BEHAVIORAL_DEFAULT_SURPLUS_COLLATERAL,5.0,1,2,2,0.6108407343567581,1000.0,1.0,0.0,3597.7843825019972,13559.294233579409,11021.730795386899,False,0.8,,50.0,0.05
sweep_01469,161,DAILY_0001,5,1000.0,0.8,0.2,True,False,,,0,2,2,0.6108407343567581,0.0,1.0,0.0,0.0,16722.38973114001,10693.898912020195,False,1.0,,50.0,0.05
sweep_01470,162,DAILY_0001,5,1000.0,0.8,0.2,False,True,BEHAVIORAL_DEFAULT_SURPLUS_COLLATERAL,3.0,1,0,0,0.2295668026988248,3000.0,1.0,0.0,1688.6309020307162,6099.333759251945,9051.362221913067,False,0.8,,50.0,0.05
sweep_01471,163,DAILY_0001,5,1000.0,0.8,0.2,True,False,,,0,2,2,0.6108407343567581,0.0,1.0,0.0,0.0,17276.966005569957,11016.261932811609,False,1.0,,50.0,0.05
sweep_01472,164,DAILY_0001,5,1000.0,0.8,0.2,True,False,,,0,2,2,0.6108407343567581,0.0,1.0,0.0,0.0,17233.351687522765,10878.011316969842,False,1.0,,50.0,0.05
sweep_01473,165,DAILY_0001,5,1000.0,0.8,0.2,True,False,,,0,2,2,0.6108407343567581,0.0,1.0,0.0,0.0,16913.7215097475,10651.881810457844,False,1.0,,50.0,0.05
sweep_01474,166,DAILY_0001,5,1000.0,0.8,0.2,False,True,BEHAVIORAL_DEFAULT_SURPLUS_COLLATERAL,5.0,1,2,2,0.6108407343567581,1000.0,1.0,0.0,1597.562685104353,13275.843211445086,11044.657575623898,False,0.8,,50.0,0.05
sweep_01475,167,DAILY_0001,5,1000.0,0.8,0.2,True,False,,,0,2,2,0.6108407343567581,0.0,1.0,0.0,0.0,16859.790773916782,10711.748006417456,False,1.0,,50.0,0.05
sweep_01476,168,DAILY_0001,5,1000.0,0.8,0.2,False,True,BEHAVIORAL_DEFAULT_SURPLUS_COLLATERAL,5.0,1,2,2,0.6108407343567581,1000.0,1.0,0.0,3554.4855727828335,12306.50352346156,10595.39434106617,False,0.8,,50.0,0.05
sweep_01477,169,DAILY_0001,5,1000.0,0.8,0.2,False,True,BEHAVIORAL_DEFAULT_SURPLUS_COLLATERAL,5.0,1,2,2,0.6108407343567581,1000.0,1.0,0.0,1659.255418998206,13383.861734067441,10955.00677529232,False,0.8,,50.0,0.05
sweep_01478,170,DAILY_0001,5,1000.0,0.8,0.2,True,False,,,0,2,2,0.6108407343567581,0.0,1.0,0.0,0.0,17232.159337492943,10796.425935532572,False,1.0,,50.0,0.05
sweep_01479,171,DAILY_0001,5,1000.0,0.8,0.2,True,False,,,0,2,2,0.6108407343567581,0.0,1.0,0.0,0.0,16487.879755940605,10429.47937508421,False,1.0,,50.0,0.05
sweep_01480,172,DAILY_0001,5,1000.0,0.8,0.2,False,True,BEHAVIORAL_DEFAULT_INSUFFICIENT_COLLATERAL,5.0,1,2,2,0.6108407343567581,998.1033591449326,0.9981033591449326,1.8966408550674032,0.0,12754.088913575759,10590.407456839543,False,0.8,,50.0,0.05
sweep_01481,173,DAILY_0001,5,1000.0,0.8,0.2,True,False,,,0,2,2,0.6108407343567581,0.0,1.0,0.0,0.0,16811.936915077735,10754.536294246294,False,1.0,,50.0,0.05
sweep_01482,174,DAILY_0001,5,1000.0,0.8,0.2,True,False,,,0,2,2,0.6108407343567581,0.0,1.0,0.0,0.0,16928.24289810534,10694.273349192878,False,1.0,,50.0,0.05
sweep_01483,175,DAILY_0001,5,1000.0,0.8,0.2,True,False,,,0,2,2,0.6108407343567581,0.0,1.0,0.0,0.0,16822.84112582361,10612.99224646561,False,1.0,,50.0,0.05
sweep_01484,176,DAILY_0001,5,1000.0,0.8,0.2,True,False,,,0,2,2,0.6108407343567581,0.0,1.0,0.0,0.0,16402.90381242599,10410.35343998566,False,1.0,,50.0,0.05
sweep_01485,177,DAILY_0001,5,1000.0,0.8,0.2,False,True,BEHAVIORAL_DEFAULT_SURPLUS_COLLATERAL,2.0,1,0,0,0.0802993013430624,4000.0,1.0,0.0,90.6186537472372,3160.1909052878864,4172.3634438368945,False,0.8,,50.0,0.05
sweep_01486,178,DAILY_0001,5,1000.0,0.8,0.2,True,False,,,0,2,2,0.6108407343567581,0.0,1.0,0.0,0.0,16613.95277706074,10547.56174747944,False,1.0,,50.0,0.05
sweep_01487,179,DAILY_0001,5,1000.0,0.8,0.2,True,False,,,0,2,2,0.6108407343567581,0.0,1.0,0.0,0.0,16825.94357748756,10588.761287030844,False,1.0,,50.0,0.05
sweep_01488,180,DAILY_0001,5,1000.0,0.8,0.2,True,False,,,0,2,2,0.6108407343567581,0.0,1.0,0.0,0.0,17332.698660576734,10843.272370504319,False,1.0,,50.0,0.05
sweep_01489,181,DAILY_0001,5,1000.0,0.8,0.2,False,True,BEHAVIORAL_DEFAULT_SURPLUS_COLLATERAL,4.0,1,2,2,0.6108407343567581,2000.0,1.0,0.0,25.177162166759445,9381.7156603568,9899.502223484684,False,0.8,,50.0,0.05
sweep_01490,182,DAILY_0001,5,1000.0,0.8,0.2,False,True,BEHAVIORAL_DEFAULT_INSUFFICIENT_COLLATERAL,4.0,1,2,2,0.6108407343567581,1975.928353237101,0.9879641766185505,24.071646762899036,0.0,9613.459796300805,9831.39089546637,False,0.8,,50.0,0.05
sweep_01491,183,DAILY_0001,5,1000.0,0.8,0.2,False,True,BEHAVIORAL_DEFAULT_SURPLUS_COLLATERAL,5.0,1,2,2,0.6108407343567581,1000.0,1.0,0.0,1110.3777812599124,12517.895991903359,10470.898956675926,False,0.8,,50.0,0.05
sweep_01492,184,DAILY_0001,5,1000.0,0.8,0.2,True,False,,,0,2,2,0.6108407343567581,0.0,1.0,0.0,0.0,17226.715015370733,11035.372653255316,False,1.0,,50.0,0.05
sweep_01493,185,DAILY_0001,5,1000.0,0.8,0.2,False,True,BEHAVIORAL_DEFAULT_INSUFFICIENT_COLLATERAL,4.0,1,2,2,0.6108407343567581,1727.4594469675394,0.8637297234837698,272.5405530324606,0.0,9321.804157226868,9780.375381931513,False,0.8,,50.0,0.05
sweep_01494,186,DAILY_0001,5,1000.0,0.8,0.2,False,True,BEHAVIORAL_DEFAULT_INSUFFICIENT_COLLATERAL,3.0,1,0,0,0.2295668026988248,2815.7594696139945,0.9385864898713315,184.2405303860055,0.0,6559.983069571281,9330.256591967674,False,0.8,,50.0,0.05
sweep_01495,187,DAILY_0001,5,1000.0,0.8,0.2,False,True,BEHAVIORAL_DEFAULT_INSUFFICIENT_COLLATERAL,4.0,1,2,2,0.6108407343567581,1895.909365130099,0.9479546825650496,104.0906348699009,0.0,9703.856181907031,9873.604478419005,False,0.8,,50.0,0.05
sweep_01496,188,DAILY_0001,5,1000.0,0.8,0.2,False,True,BEHAVIORAL_DEFAULT_SURPLUS_COLLATERAL,5.0,1,2,2,0.6108407343567581,1000.0,1.0,0.0,1656.1796709300197,13167.848974053273,10814.884702789797,False,0.8,,50.0,0.05
sweep_01497,189,DAILY_0001,5,1000.0,0.8,0.2,True,False,,,0,2,2,0.6108407343567581,0.0,1.0,0.0,0.0,17458.454152212147,11048.620829897267,False,1.0,,50.0,0.05
sweep_01498,190,DAILY_0001,5,1000.0,0.8,0.2,False,True,BEHAVIORAL_DEFAULT_SURPLUS_COLLATERAL,4.0,1,2,2,0.6108407343567581,2000.0,1.0,0.0,1247.1714751047652,9384.639416814975,9721.84907236478,False,0.8,,50.0,0.05
sweep_01499,191,DAILY_0001,5,1000.0,0.8,0.2,True,False,,,0,2,2,0.6108407343567581,0.0,1.0,0.0,0.0,16741.237276910877,10555.070267219011,False,1.0,,50.0,0.05
sweep_01500,42,DAILY_0001,5,1000.0,0.8,0.2,True,False,,,0,2,2,0.6108407343567581,0.0,1.0,0.0,0.0,17143.15024973444,10775.88593417027,False,1.0,,100.0,0.05
sweep_01501,43,DAILY_0001,5,1000.0,0.8,0.2,True,False,,,0,2,2,0.6108407343567581,0.0,1.0,0.0,0.0,16683.664856290503,10599.428202317065,False,1.0,,100.0,0.05
sweep_01502,44,DAILY_0001,5,1000.0,0.8,0.2,True,False,,,0,2,2,0.6108407343567581,0.0,1.0,0.0,0.0,16963.961355801184,10920.9252746876,False,1.0,,100.0,0.05
sweep_01503,45,DAILY_0001,5,1000.0,0.8,0.2,False,True,BEHAVIORAL_DEFAULT_SURPLUS_COLLATERAL,5.0,1,2,2,0.6108407343567581,1000.0,1.0,0.0,3642.3446143067104,12896.079661440042,10677.635420150473,False,0.8,,100.0,0.05
sweep_01504,46,DAILY_0001,5,1000.0,0.8,0.2,True,False,,,0,2,2,0.6108407343567581,0.0,1.0,0.0,0.0,16307.234970412434,10508.17409378438,False,1.0,,100.0,0.05
sweep_01505,47,DAILY_0001,5,1000.0,0.8,0.2,True,False,,,0,2,2,0.6108407343567581,0.0,1.0,0.0,0.0,17175.220923270765,10915.263846962182,False,1.0,,100.0,0.05
sweep_01506,48,DAILY_0001,5,1000.0,0.8,0.2,False,True,BEHAVIORAL_DEFAULT_INSUFFICIENT_COLLATERAL,3.0,1,0,0,0.2295668026988248,2777.135365416744,0.9257117884722481,222.8646345832558,0.0,6384.596399760172,9231.28314329969,False,0.8,,100.0,0.05
sweep_01507,49,DAILY_0001,5,1000.0,0.8,0.2,True,False,,,0,2,2,0.6108407343567581,0.0,1.0,0.0,0.0,17411.6649980281,11102.109048104541,False,1.0,,100.0,0.05
sweep_01508,50,DAILY_0001,5,1000.0,0.8,0.2,True,False,,,0,2,2,0.6108407343567581,0.0,1.0,0.0,0.0,16470.071539501125,10446.602276911792,False,1.0,,100.0,0.05
sweep_01509,51,DAILY_0001,5,1000.0,0.8,0.2,True,False,,,0,2,2,0.6108407343567581,0.0,1.0,0.0,0.0,16553.917458671152,10430.320862997387,False,1.0,,100.0,0.05
sweep_01510,52,DAILY_0001,5,1000.0,0.8,0.2,False,True,BEHAVIORAL_DEFAULT_SURPLUS_COLLATERAL,5.0,1,2,2,0.6108407343567581,1000.0,1.0,0.0,3494.78897280653,13756.613367327447,11266.110063042128,False,0.8,,100.0,0.05
sweep_01511,53,DAILY_0001,5,1000.0,0.8,0.2,False,True,BEHAVIORAL_DEFAULT_SURPLUS_COLLATERAL,5.0,1,2,2,0.6108407343567581,1000.0,1.0,0.0,3574.989522162483,12961.478326267516,10828.817858666984,False,0.8,,100.0,0.05
sweep_01512,54,DAILY_0001,5,1000.0,0.8,0.2,False,True,BEHAVIORAL_DEFAULT_INSUFFICIENT_COLLATERAL,5.0,1,2,2,0.6108407343567581,930.7106913239862,0.9307106913239862,69.28930867601377,0.0,12569.941496225256,10832.400589866316,False,0.8,,100.0,0.05
sweep_01513,55,DAILY_0001,5,1000.0,0.8,0.2,False,True,BEHAVIORAL_DEFAULT_SURPLUS_COLLATERAL,5.0,1,2,2,0.6108407343567581,1000.0,1.0,0.0,1664.635400014301,13020.111295967612,10727.870742909177,False,0.8,,100.0,0.05
sweep_01514,56,DAILY_0001,5,1000.0,0.8,0.2,False,True,BEHAVIORAL_DEFAULT_SURPLUS_COLLATERAL,5.0,1,2,2,0.6108407343567581,1000.0,1.0,0.0,1614.3747102191119,12704.486967871519,10609.634838468523,False,0.8,,100.0,0.05
sweep_01515,57,DAILY_0001,5,1000.0,0.8,0.2,True,False,,,0,2,2,0.6108407343567581,0.0,1.0,0.0,0.0,16629.925622068513,10442.482870282236,False,1.0,,100.0,0.05
sweep_01516,58,DAILY_0001,5,1000.0,0.8,0.2,True,False,,,0,2,2,0.6108407343567581,0.0,1.0,0.0,0.0,17118.252725129587,10941.172434171322,False,1.0,,100.0,0.05
sweep_01517,59,DAILY_0001,5,1000.0,0.8,0.2,False,True,BEHAVIORAL_DEFAULT_INSUFFICIENT_COLLATERAL,4.0,1,2,2,0.6108407343567581,1708.826156990368,0.854413078495184,291.17384300963204,0.0,9396.14470761244,9875.085316214829,False,0.8,,100.0,0.05
sweep_01518,60,DAILY_0001,5,1000.0,0.8,0.2,True,False,,,0,2,2,0.6108407343567581,0.0,1.0,0.0,0.0,16890.892442598783,10684.383296995582,False,1.0,,100.0,0.05
sweep_01519,61,DAILY_0001,5,1000.0,0.8,0.2,True,False,,,0,2,2,0.6108407343567581,0.0,1.0,0.0,0.0,17049.548692196306,10876.337216883163,False,1.0,,100.0,0.05
sweep_01520,62,DAILY_0001,5,1000.0,0.8,0.2,True,False,,,0,2,2,0.6108407343567581,0.0,1.0,0.0,0.0,16688.163188009137,10640.563804738806,False,1.0,,100.0,0.05
sweep_01521,63,DAILY_0001,5,1000.0,0.8,0.2,False,True,BEHAVIORAL_DEFAULT_SURPLUS_COLLATERAL,5.0,1,2,2,0.6108407343567581,1000.0,1.0,0.0,1636.8550674049966,12560.781626539678,10763.091555367067,False,0.8,,100.0,0.05
sweep_01522,64,DAILY_0001,5,1000.0,0.8,0.2,False,True,BEHAVIORAL_DEFAULT_SURPLUS_COLLATERAL,3.0,1,0,0,0.2295668026988248,3000.0,1.0,0.0,1691.286562946957,6151.058035452796,9083.582610046997,False,0.8,,100.0,0.05
sweep_01523,65,DAILY_0001,5,1000.0,0.8,0.2,False,True,BEHAVIORAL_DEFAULT_SURPLUS_COLLATERAL,2.0,1,0,0,0.0802993013430624,4000.0,1.0,0.0,67.89137659483276,3099.9623073224475,4147.550159960608,False,0.8,,100.0,0.05
sweep_01524,66,DAILY_0001,5,1000.0,0.8,0.2,True,False,,,0,2,2,0.6108407343567581,0.0,1.0,0.0,0.0,17056.111050431617,10800.214380998712,False,1.0,,100.0,0.05
sweep_01525,67,DAILY_0001,5,1000.0,0.8,0.2,True,False,,,0,2,2,0.6108407343567581,0.0,1.0,0.0,0.0,17358.7323024141,11068.90768105011,False,1.0,,100.0,0.05
sweep_01526,68,DAILY_0001,5,1000.0,0.8,0.2,False,True,BEHAVIORAL_DEFAULT_INSUFFICIENT_COLLATERAL,4.0,1,2,2,0.6108407343567581,1741.1175287918174,0.8705587643959087,258.88247120818255,0.0,9384.172146377827,9809.644449911124,False,0.8,,100.0,0.05
sweep_01527,69,DAILY_0001,5,1000.0,0.8,0.2,False,True,BEHAVIORAL_DEFAULT_INSUFFICIENT_COLLATERAL,3.0,1,0,0,0.2295668026988248,2738.080104201101,0.9126933680670337,261.9198957988988,0.0,6254.764509256824,9186.931607496896,False,0.8,,100.0,0.05
sweep_01528,70,DAILY_0001,5,1000.0,0.8,0.2,True,False,,,0,2,2,0.6108407343567581,0.0,1.0,0.0,0.0,18008.300555488746,11225.71261769441,False,1.0,,100.0,0.05
sweep_01529,71,DAILY_0001,5,1000.0,0.8,0.2,True,False,,,0,2,2,0.6108407343567581,0.0,1.0,0.0,0.0,17077.07193201092,10814.816673384148,False,1.0,,100.0,0.05
sweep_01530,72,DAILY_0001,5,1000.0,0.8,0.2,False,True,BEHAVIORAL_DEFAULT_INSUFFICIENT_COLLATERAL,5.0,1,2,2,0.6108407343567581,815.2890671364436,0.8152890671364436,184.71093286355642,0.0,12739.57666014175,10544.153252455695,False,0.8,,100.0,0.05
sweep_01531,73,DAILY_0001,5,1000.0,0.8,0.2,True,False,,,0,2,2,0.6108407343567581,0.0,1.0,0.0,0.0,16909.5959464029,10908.387228623418,False,1.0,,100.0,0.05
sweep_01532,74,DAILY_0001,5,1000.0,0.8,0.2,False,True,BEHAVIORAL_DEFAULT_SURPLUS_COLLATERAL,3.0,1,0,0,0.2295668026988248,3000.0,1.0,0.0,1727.660480906412,6142.21535254676,9110.59905687592,False,0.8,,100.0,0.05
sweep_01533,75,DAILY_0001,5,1000.0,0.8,0.2,True,False,,,0,2,2,0.6108407343567581,0.0,1.0,0.0,0.0,16697.360309291158,10588.020229241283,False,1.0,,100.0,0.05
sweep_01534,76,DAILY_0001,5,1000.0,0.8,0.2,True,False,,,0,2,2,0.6108407343567581,0.0,1.0,0.0,0.0,16671.801168191498,10903.331170201036,False,1.0,,100.0,0.05
sweep_01535,77,DAILY_0001,5,1000.0,0.8,0.2,True,False,,,0,2,2,0.6108407343567581,0.0,1.0,0.0,0.0,16763.124564751575,10734.313774311504,False,1.0,,100.0,0.05
sweep_01536,78,DAILY_0001,5,1000.0,0.8,0.2,True,False,,,0,2,2,0.6108407343567581,0.0,1.0,0.0,0.0,16719.51222653161,10817.665766071379,False,1.0,,100.0,0.05
sweep_01537,79,DAILY_0001,5,1000.0,0.8,0.2,True,False,,,0,2,2,0.6108407343567581,0.0,1.0,0.0,0.0,16476.77247232043,10597.70270315821,False,1.0,,100.0,0.05
sweep_01538,80,DAILY_0001,5,1000.0,0.8,0.2,True,False,,,0,2,2,0.6108407343567581,0.0,1.0,0.0,0.0,16187.427798734678,10479.393092825332,False,1.0,,100.0,0.05
sweep_01539,81,DAILY_0001,5,1000.0,0.8,0.2,True,False,,,0,2,2,0.6108407343567581,0.0,1.0,0.0,0.0,17261.26216002694,11071.538469072766,False,1.0,,100.0,0.05
sweep_01540,82,DAILY_0001,5,1000.0,0.8,0.2,True,False,,,0,2,2,0.6108407343567581,0.0,1.0,0.0,0.0,17428.23657344996,11169.807233873244,False,1.0,,100.0,0.05
sweep_01541,83,DAILY_0001,5,1000.0,0.8,0.2,False,True,BEHAVIORAL_DEFAULT_INSUFFICIENT_COLLATERAL,5.0,1,2,2,0.6108407343567581,996.1971779942636,0.9961971779942635,3.8028220057364024,0.0,13023.010849409744,10746.378378523903,False,0.8,,100.0,0.05
sweep_01542,84,DAILY_0001,5,1000.0,0.8,0.2,False,True,BEHAVIORAL_DEFAULT_INSUFFICIENT_COLLATERAL,3.0,1,0,0,0.2295668026988248,2754.1318613668013,0.9180439537889338,245.86813863319867,0.0,6504.624246924773,9435.630181580298,False,0.8,,100.0,0.05
sweep_01543,85,DAILY_0001,5,1000.0,0.8,0.2,False,True,BEHAVIORAL_DEFAULT_INSUFFICIENT_COLLATERAL,4.0,1,2,2,0.6108407343567581,1772.2388022980003,0.8861194011490001,227.76119770199966,0.0,9644.511591981416,9833.753491851341,False,0.8,,100.0,0.05
sweep_01544,86,DAILY_0001,5,1000.0,0.8,0.2,True,False,,,0,2,2,0.6108407343567581,0.0,1.0,0.0,0.0,17346.9008892341,11009.945087565146,False,1.0,,100.0,0.05
sweep_01545,87,DAILY_0001,5,1000.0,0.8,0.2,True,False,,,0,2,2,0.6108407343567581,0.0,1.0,0.0,0.0,16887.21410701461,10678.11497200457,False,1.0,,100.0,0.05
sweep_01546,88,DAILY_0001,5,1000.0,0.8,0.2,False,True,BEHAVIORAL_DEFAULT_SURPLUS_COLLATERAL,3.0,1,0,0,0.2295668026988248,3000.0,1.0,0.0,1688.502666496407,6598.059130640779,9339.303919961409,False,0.8,,100.0,0.05
sweep_01547,89,DAILY_0001,5,1000.0,0.8,0.2,True,False,,,0,2,2,0.6108407343567581,0.0,1.0,0.0,0.0,16483.760527058344,10742.973232151859,False,1.0,,100.0,0.05
sweep_01548,90,DAILY_0001,5,1000.0,0.8,0.2,False,True,BEHAVIORAL_DEFAULT_SURPLUS_COLLATERAL,4.0,1,2,2,0.6108407343567581,2000.0,1.0,0.0,1249.3346205880202,9428.143344053857,9851.62227484446,False,0.8,,100.0,0.05
sweep_01549,91,DAILY_0001,5,1000.0,0.8,0.2,True,False,,,0,2,2,0.6108407343567581,0.0,1.0,0.0,0.0,16432.64453049189,10791.65281293287,False,1.0,,100.0,0.05
sweep_01550,92,DAILY_0001,5,1000.0,0.8,0.2,True,False,,,0,2,2,0.6108407343567581,0.0,1.0,0.0,0.0,16541.46983637411,10528.986118383511,False,1.0,,100.0,0.05
sweep_01551,93,DAILY_0001,5,1000.0,0.8,0.2,False,True,BEHAVIORAL_DEFAULT_INSUFFICIENT_COLLATERAL,3.0,1,0,0,0.2295668026988248,2783.082764182247,0.9276942547274157,216.91723581775295,0.0,7022.911645595454,9963.517332029343,False,0.8,,100.0,0.05
sweep_01552,94,DAILY_0001,5,1000.0,0.8,0.2,True,False,,,0,2,2,0.6108407343567581,0.0,1.0,0.0,0.0,16816.49136159871,10703.775414285348,False,1.0,,100.0,0.05
sweep_01553,95,DAILY_0001,5,1000.0,0.8,0.2,True,False,,,0,2,2,0.6108407343567581,0.0,1.0,0.0,0.0,17545.744689882886,11052.284023046346,False,1.0,,100.0,0.05
sweep_01554,96,DAILY_0001,5,1000.0,0.8,0.2,True,False,,,0,2,2,0.6108407343567581,0.0,1.0,0.0,0.0,17272.505142960632,10752.727461097817,False,1.0,,100.0,0.05
sweep_01555,97,DAILY_0001,5,1000.0,0.8,0.2,True,False,,,0,2,2,0.6108407343567581,0.0,1.0,0.0,0.0,17205.00493267573,10821.346845359265,False,1.0,,100.0,0.05
sweep_01556,98,DAILY_0001,5,1000.0,0.8,0.2,True,False,,,0,2,2,0.6108407343567581,0.0,1.0,0.0,0.0,17117.740576801672,10909.917311051973,False,1.0,,100.0,0.05
sweep_01557,99,DAILY_0001,5,1000.0,0.8,0.2,False,True,BEHAVIORAL_DEFAULT_SURPLUS_COLLATERAL,4.0,1,2,2,0.6108407343567581,2000.0,1.0,0.0,1248.267364299566,9546.407766635395,9855.745850901156,False,0.8,,100.0,0.05
sweep_01558,100,DAILY_0001,5,1000.0,0.8,0.2,True,False,,,0,2,2,0.6108407343567581,0.0,1.0,0.0,0.0,17296.288473944063,11011.676427066095,False,1.0,,100.0,0.05
sweep_01559,101,DAILY_0001,5,1000.0,0.8,0.2,False,True,BEHAVIORAL_DEFAULT_SURPLUS_COLLATERAL,5.0,1,2,2,0.6108407343567581,1000.0,1.0,0.0,1282.3368952124852,13094.897102232273,10899.280891259068,False,0.8,,100.0,0.05
sweep_01560,102,DAILY_0001,5,1000.0,0.8,0.2,False,True,BEHAVIORAL_DEFAULT_SURPLUS_COLLATERAL,5.0,1,2,2,0.6108407343567581,1000.0,1.0,0.0,3716.309420923346,13315.718463742422,11127.801913448402,False,0.8,,100.0,0.05
sweep_01561,103,DAILY_0001,5,1000.0,0.8,0.2,False,True,BEHAVIORAL_DEFAULT_SURPLUS_COLLATERAL,4.0,1,2,2,0.6108407343567581,2000.0,1.0,0.0,5.09155456693361,9410.055771571677,9814.90909510075,False,0.8,,100.0,0.05
sweep_01562,104,DAILY_0001,5,1000.0,0.8,0.2,True,False,,,0,2,2,0.6108407343567581,0.0,1.0,0.0,0.0,16965.565545296653,10653.0964047514,False,1.0,,100.0,0.05
sweep_01563,105,DAILY_0001,5,1000.0,0.8,0.2,False,True,BEHAVIORAL_DEFAULT_SURPLUS_COLLATERAL,4.0,1,2,2,0.6108407343567581,2000.0,1.0,0.0,1251.8966611334204,10112.068977480729,10035.629273618883,False,0.8,,100.0,0.05
sweep_01564,106,DAILY_0001,5,1000.0,0.8,0.2,False,True,BEHAVIORAL_DEFAULT_SURPLUS_COLLATERAL,5.0,1,2,2,0.6108407343567581,1000.0,1.0,0.0,90.94580856795119,13317.118454353504,10916.923041394572,False,0.8,,100.0,0.05
sweep_01565,107,DAILY_0001,5,1000.0,0.8,0.2,False,True,BEHAVIORAL_DEFAULT_SURPLUS_COLLATERAL,4.0,1,2,2,0.6108407343567581,2000.0,1.0,0.0,14.042119786326111,9504.711727327722,9735.487911963117,False,0.8,,100.0,0.05
sweep_01566,108,DAILY_0001,5,1000.0,0.8,0.2,False,True,BEHAVIORAL_DEFAULT_SURPLUS_COLLATERAL,4.0,1,2,2,0.6108407343567581,2000.0,1.0,0.0,1250.0715467462492,9229.632260373746,9808.20391714908,False,0.8,,100.0,0.05
sweep_01567,109,DAILY_0001,5,1000.0,0.8,0.2,True,False,,,0,2,2,0.6108407343567581,0.0,1.0,0.0,0.0,17097.560018571552,10825.602656049066,False,1.0,,100.0,0.05
sweep_01568,110,DAILY_0001,5,1000.0,0.8,0.2,True,False,,,0,2,2,0.6108407343567581,0.0,1.0,0.0,0.0,17252.145983174083,11016.531224576283,False,1.0,,100.0,0.05
sweep_01569,111,DAILY_0001,5,1000.0,0.8,0.2,False,True,BEHAVIORAL_DEFAULT_SURPLUS_COLLATERAL,5.0,1,2,2,0.6108407343567581,1000.0,1.0,0.0,1173.292120296091,13005.811951455453,10689.479190994854,False,0.8,,100.0,0.05
sweep_01570,112,DAILY_0001,5,1000.0,0.8,0.2,True,False,,,0,2,2,0.6108407343567581,0.0,1.0,0.0,0.0,16909.07625773677,10734.70898051243,False,1.0,,100.0,0.05
sweep_01571,113,DAILY_0001,5,1000.0,0.8,0.2,False,True,BEHAVIORAL_DEFAULT_INSUFFICIENT_COLLATERAL,3.0,1,0,0,0.2295668026988248,2810.3941835253227,0.9367980611751076,189.60581647467734,0.0,6623.312533026473,9419.361213262102,False,0.8,,100.0,0.05
sweep_01572,114,DAILY_0001,5,1000.0,0.8,0.2,False,True,BEHAVIORAL_DEFAULT_INSUFFICIENT_COLLATERAL,3.0,1,0,0,0.2295668026988248,2723.6223618931695,0.9078741206310564,276.37763810683055,0.0,6121.454939968626,9070.527856904597,False,0.8,,100.0,0.05
sweep_01573,115,DAILY_0001,5,1000.0,0.8,0.2,True,False,,,0,2,2,0.6108407343567581,0.0,1.0,0.0,0.0,16756.555719327873,10445.124746785235,False,1.0,,100.0,0.05
sweep_01574,116,DAILY_0001,5,1000.0,0.8,0.2,False,True,BEHAVIORAL_DEFAULT_SURPLUS_COLLATERAL,3.0,1,0,0,0.2295668026988248,3000.0,1.0,0.0,1859.7926440111569,6397.070943819939,9374.492377354363,False,0.8,,100.0,0.05
sweep_01575,117,DAILY_0001,5,1000.0,0.8,0.2,False,True,BEHAVIORAL_DEFAULT_SURPLUS_COLLATERAL,2.0,1,0,0,0.0802993013430624,4000.0,1.0,0.0,101.6574827721006,3189.4444401873525,4184.41546381355,False,0.8,,100.0,0.05
sweep_01576,118,DAILY_0001,5,1000.0,0.8,0.2,True,False,,,0,2,2,0.6108407343567581,0.0,1.0,0.0,0.0,16908.748437966286,10909.049260216523,False,1.0,,100.0,0.05
sweep_01577,119,DAILY_0001,5,1000.0,0.8,0.2,True,False,,,0,2,2,0.6108407343567581,0.0,1.0,0.0,0.0,16730.031620694273,10722.64892403443,False,1.0,,100.0,0.05
sweep_01578,120,DAILY_0001,5,1000.0,0.8,0.2,True,False,,,0,2,2,0.6108407343567581,0.0,1.0,0.0,0.0,17299.20314416707,11132.605887550337,False,1.0,,100.0,0.05
sweep_01579,121,DAILY_0001,5,1000.0,0.8,0.2,False,True,BEHAVIORAL_DEFAULT_SURPLUS_COLLATERAL,4.0,1,2,2,0.6108407343567581,2000.0,1.0,0.0,1248.2717951499144,9287.607451281923,9741.724182752558,False,0.8,,100.0,0.05
sweep_01580,122,DAILY_0001,5,1000.0,0.8,0.2,True,False,,,0,2,2,0.6108407343567581,0.0,1.0,0.0,0.0,16786.425779314144,10741.147687265242,False,1.0,,100.0,0.05
sweep_01581,123,DAILY_0001,5,1000.0,0.8,0.2,False,True,BEHAVIORAL_DEFAULT_SURPLUS_COLLATERAL,4.0,1,2,2,0.6108407343567581,2000.0,1.0,0.0,1250.1089630295123,10213.097259473365,10061.317299581042,False,0.8,,100.0,0.05
sweep_01582,124,DAILY_0001,5,1000.0,0.8,0.2,True,False,,,0,2,2,0.6108407343567581,0.0,1.0,0.0,0.0,17378.096470344266,11088.74526509641,False,1.0,,100.0,0.05
sweep_01583,125,DAILY_0001,5,1000.0,0.8,0.2,True,False,,,0,2,2,0.6108407343567581,0.0,1.0,0.0,0.0,17222.14785778652,10922.937529761783,False,1.0,,100.0,0.05
sweep_01584,126,DAILY_0001,5,1000.0,0.8,0.2,False,True,BEHAVIORAL_DEFAULT_SURPLUS_COLLATERAL,3.0,1,0,0,0.2295668026988248,3000.0,1.0,0.0,1934.8463122266494,6608.331218475114,9562.79663030009,False,0.8,,100.0,0.05
sweep_01585,127,DAILY_0001,5,1000.0,0.8,0.2,True,False,,,0,2,2,0.6108407343567581,0.0,1.0,0.0,0.0,17068.994068195138,10827.496624549354,False,1.0,,100.0,0.05
sweep_01586,128,DAILY_0001,5,1000.0,0.8,0.2,True,False,,,0,2,2,0.6108407343567581,0.0,1.0,0.0,0.0,17380.160876094935,10862.439276601872,False,1.0,,100.0,0.05
sweep_01587,129,DAILY_0001,5,1000.0,0.8,0.2,True,False,,,0,2,2,0.6108407343567581,0.0,1.0,0.0,0.0,16680.988802965425,10551.490144142874,False,1.0,,100.0,0.05
sweep_01588,130,DAILY_0001,5,1000.0,0.8,0.2,False,True,BEHAVIORAL_DEFAULT_SURPLUS_COLLATERAL,5.0,1,2,2,0.6108407343567581,1000.0,1.0,0.0,1661.4734598621876,12730.738840773127,10827.632324635812,False,0.8,,100.0,0.05
sweep_01589,131,DAILY_0001,5,1000.0,0.8,0.2,False,True,BEHAVIORAL_DEFAULT_SURPLUS_COLLATERAL,4.0,1,2,2,0.6108407343567581,2000.0,1.0,0.0,1249.1786748777622,9894.940183776958,9901.165505461646,False,0.8,,100.0,0.05
sweep_01590,132,DAILY_0001,5,1000.0,0.8,0.2,False,True,BEHAVIORAL_DEFAULT_INSUFFICIENT_COLLATERAL,4.0,1,2,2,0.6108407343567581,1743.3704128614274,0.8716852064307137,256.62958713857256,0.0,9452.061028387478,9769.306148849555,False,0.8,,100.0,0.05
sweep_01591,133,DAILY_0001,5,1000.0,0.8,0.2,False,True,BEHAVIORAL_DEFAULT_SURPLUS_COLLATERAL,2.0,1,0,0,0.0802993013430624,4000.0,1.0,0.0,48.960888101513774,3049.7954187370806,4126.882150249122,False,0.8,,100.0,0.05
sweep_01592,134,DAILY_0001,5,1000.0,0.8,0.2,False,True,BEHAVIORAL_DEFAULT_INSUFFICIENT_COLLATERAL,3.0,1,0,0,0.2295668026988248,2799.438909734574,0.9331463032448579,200.56109026542617,0.0,6618.547990000483,9444.046994725915,False,0.8,,100.0,0.05
sweep_01593,135,DAILY_0001,5,1000.0,0.8,0.2,True,False,,,0,2,2,0.6108407343567581,0.0,1.0,0.0,0.0,17308.180105341366,10933.301192983847,False,1.0,,100.0,0.05
sweep_01594,136,DAILY_0001,5,1000.0,0.8,0.2,False,True,BEHAVIORAL_DEFAULT_SURPLUS_COLLATERAL,5.0,1,2,2,0.6108407343567581,1000.0,1.0,0.0,1242.9362368294956,12439.168673732074,10464.637650809727,False,0.8,,100.0,0.05
sweep_01595,137,DAILY_0001,5,1000.0,0.8,0.2,False,True,BEHAVIORAL_DEFAULT_INSUFFICIENT_COLLATERAL,4.0,1,2,2,0.6108407343567581,1915.482875829573,0.9577414379147865,84.517124170427,0.0,9538.559186760156,9858.33963648663,False,0.8,,100.0,0.05
sweep_01596,138,DAILY_0001,5,1000.0,0.8,0.2,False,True,BEHAVIORAL_DEFAULT_INSUFFICIENT_COLLATERAL,5.0,1,2,2,0.6108407343567581,880.457023719268,0.880457023719268,119.54297628073198,0.0,12533.99100881035,10636.987557951847,False,0.8,,100.0,0.05
sweep_01597,139,DAILY_0001,5,1000.0,0.8,0.2,False,True,BEHAVIORAL_DEFAULT_SURPLUS_COLLATERAL,2.0,1,0,0,0.0802993013430624,4000.0,1.0,0.0,72.11117219086873,3111.145009532911,4152.157266448648,False,0.8,,100.0,0.05
sweep_01598,140,DAILY_0001,5,1000.0,0.8,0.2,False,True,BEHAVIORAL_DEFAULT_SURPLUS_COLLATERAL,2.0,1,0,0,0.0802993013430624,4000.0,1.0,0.0,91.10373503441042,3161.476398733924,4172.893047959773,False,0.8,,100.0,0.05
sweep_01599,141,DAILY_0001,5,1000.0,0.8,0.2,True,False,,,0,2,2,0.6108407343567581,0.0,1.0,0.0,0.0,17185.12705013151,10840.067807203548,False,1.0,,100.0,0.05
sweep_01600,142,DAILY_0001,5,1000.0,0.8,0.2,False,True,BEHAVIORAL_DEFAULT_SURPLUS_COLLATERAL,2.0,1,0,0,0.0802993013430624,4000.0,1.0,0.0,92.92991641674735,3166.3158849403544,4174.886844081748,False,0.8,,100.0,0.05
sweep_01601,143,DAILY_0001,5,1000.0,0.8,0.2,True,False,,,0,2,2,0.6108407343567581,0.0,1.0,0.0,0.0,16445.290904199723,10734.474333364326,False,1.0,,100.0,0.05
sweep_01602,144,DAILY_0001,5,1000.0,0.8,0.2,True,False,,,0,2,2,0.6108407343567581,0.0,1.0,0.0,0.0,17343.411988435073,11047.182663811675,False,1.0,,100.0,0.05
sweep_01603,145,DAILY_0001,5,1000.0,0.8,0.2,True,False,,,0,2,2,0.6108407343567581,0.0,1.0,0.0,0.0,17193.72751399906,10985.176253727346,False,1.0,,100.0,0.05
sweep_01604,146,DAILY_0001,5,1000.0,0.8,0.2,True,False,,,0,2,2,0.6108407343567581,0.0,1.0,0.0,0.0,16193.924104929843,10466.604600921115,False,1.0,,100.0,0.05
sweep_01605,147,DAILY_0001,5,1000.0,0.8,0.2,False,True,BEHAVIORAL_DEFAULT_INSUFFICIENT_COLLATERAL,4.0,1,2,2,0.6108407343567581,1803.531162450544,0.901765581225272,196.4688375494561,0.0,9889.107754331599,9907.166373175405,False,0.8,,100.0,0.05
sweep_01606,148,DAILY_0001,5,1000.0,0.8,0.2,True,False,,,0,2,2,0.6108407343567581,0.0,1.0,0.0,0.0,17096.666287603017,10927.015320999997,False,1.0,,100.0,0.05
sweep_01607,149,DAILY_0001,5,1000.0,0.8,0.2,False,True,BEHAVIORAL_DEFAULT_INSUFFICIENT_COLLATERAL,4.0,1,2,2,0.6108407343567581,1707.7349337483417,0.8538674668741709,292.26506625165825,0.0,9814.02173860668,10035.201989790254,False,0.8,,100.0,0.05
sweep_01608,150,DAILY_0001,5,1000.0,0.8,0.2,True,False,,,0,2,2,0.6108407343567581,0.0,1.0,0.0,0.0,16546.279710931314,10761.648155433051,False,1.0,,100.0,0.05
sweep_01609,151,DAILY_0001,5,1000.0,0.8,0.2,False,True,BEHAVIORAL_DEFAULT_SURPLUS_COLLATERAL,5.0,1,2,2,0.6108407343567581,1000.0,1.0,0.0,1438.5407668575772,13335.570209326292,11023.945707773335,False,0.8,,100.0,0.05
sweep_01610,152,DAILY_0001,5,1000.0,0.8,0.2,True,False,,,0,2,2,0.6108407343567581,0.0,1.0,0.0,0.0,17093.36930493184,10906.536381523205,False,1.0,,100.0,0.05
sweep_01611,153,DAILY_0001,5,1000.0,0.8,0.2,True,False,,,0,2,2,0.6108407343567581,0.0,1.0,0.0,0.0,16508.84948067981,10425.801203560164,False,1.0,,100.0,0.05
sweep_01612,154,DAILY_0001,5,1000.0,0.8,0.2,True,False,,,0,2,2,0.6108407343567581,0.0,1.0,0.0,0.0,16928.440090342658,10694.923329743915,False,1.0,,100.0,0.05
sweep_01613,155,DAILY_0001,5,1000.0,0.8,0.2,False,True,BEHAVIORAL_DEFAULT_SURPLUS_COLLATERAL,3.0,1,0,0,0.2295668026988248,3000.0,1.0,0.0,1810.8568748679345,6224.123226178908,9231.38294442903,False,0.8,,100.0,0.05
sweep_01614,156,DAILY_0001,5,1000.0,0.8,0.2,True,False,,,0,2,2,0.6108407343567581,0.0,1.0,0.0,0.0,16822.870383115638,10707.477135116182,False,1.0,,100.0,0.05
sweep_01615,157,DAILY_0001,5,1000.0,0.8,0.2,False,True,BEHAVIORAL_DEFAULT_INSUFFICIENT_COLLATERAL,3.0,1,0,0,0.2295668026988248,2729.48570909119,0.9098285696970634,270.5142909088099,0.0,6313.283449869156,9279.3174344465,False,0.8,,100.0,0.05
sweep_01616,158,DAILY_0001,5,1000.0,0.8,0.2,True,False,,,0,2,2,0.6108407343567581,0.0,1.0,0.0,0.0,17327.297792749472,10883.550924677033,False,1.0,,100.0,0.05
sweep_01617,159,DAILY_0001,5,1000.0,0.8,0.2,True,False,,,0,2,2,0.6108407343567581,0.0,1.0,0.0,0.0,17547.075472215663,11104.653010533664,False,1.0,,100.0,0.05
sweep_01618,160,DAILY_0001,5,1000.0,0.8,0.2,False,True,BEHAVIORAL_DEFAULT_SURPLUS_COLLATERAL,5.0,1,2,2,0.6108407343567581,1000.0,1.0,0.0,3597.7843825019972,13559.294233579409,11021.730795386899,False,0.8,,100.0,0.05
sweep_01619,161,DAILY_0001,5,1000.0,0.8,0.2,True,False,,,0,2,2,0.6108407343567581,0.0,1.0,0.0,0.0,16722.38973114001,10693.898912020195,False,1.0,,100.0,0.05
sweep_01620,162,DAILY_0001,5,1000.0,0.8,0.2,False,True,BEHAVIORAL_DEFAULT_SURPLUS_COLLATERAL,3.0,1,0,0,0.2295668026988248,3000.0,1.0,0.0,1688.6309020307162,6099.333759251945,9051.362221913067,False,0.8,,100.0,0.05
sweep_01621,163,DAILY_0001,5,1000.0,0.8,0.2,True,False,,,0,2,2,0.6108407343567581,0.0,1.0,0.0,0.0,17276.966005569957,11016.261932811609,False,1.0,,100.0,0.05
sweep_01622,164,DAILY_0001,5,1000.0,0.8,0.2,True,False,,,0,2,2,0.6108407343567581,0.0,1.0,0.0,0.0,17233.351687522765,10878.011316969842,False,1.0,,100.0,0.05
sweep_01623,165,DAILY_0001,5,1000.0,0.8,0.2,True,False,,,0,2,2,0.6108407343567581,0.0,1.0,0.0,0.0,16913.7215097475,10651.881810457844,False,1.0,,100.0,0.05
sweep_01624,166,DAILY_0001,5,1000.0,0.8,0.2,False,True,BEHAVIORAL_DEFAULT_SURPLUS_COLLATERAL,5.0,1,2,2,0.6108407343567581,1000.0,1.0,0.0,1597.562685104353,13275.843211445086,11044.657575623898,False,0.8,,100.0,0.05
sweep_01625,167,DAILY_0001,5,1000.0,0.8,0.2,True,False,,,0,2,2,0.6108407343567581,0.0,1.0,0.0,0.0,16859.790773916782,10711.748006417456,False,1.0,,100.0,0.05
sweep_01626,168,DAILY_0001,5,1000.0,0.8,0.2,False,True,BEHAVIORAL_DEFAULT_SURPLUS_COLLATERAL,5.0,1,2,2,0.6108407343567581,1000.0,1.0,0.0,3554.4855727828335,12306.50352346156,10595.39434106617,False,0.8,,100.0,0.05
sweep_01627,169,DAILY_0001,5,1000.0,0.8,0.2,False,True,BEHAVIORAL_DEFAULT_SURPLUS_COLLATERAL,5.0,1,2,2,0.6108407343567581,1000.0,1.0,0.0,1659.255418998206,13383.861734067441,10955.00677529232,False,0.8,,100.0,0.05
sweep_01628,170,DAILY_0001,5,1000.0,0.8,0.2,True,False,,,0,2,2,0.6108407343567581,0.0,1.0,0.0,0.0,17232.159337492943,10796.425935532572,False,1.0,,100.0,0.05
sweep_01629,171,DAILY_0001,5,1000.0,0.8,0.2,True,False,,,0,2,2,0.6108407343567581,0.0,1.0,0.0,0.0,16487.879755940605,10429.47937508421,False,1.0,,100.0,0.05
sweep_01630,172,DAILY_0001,5,1000.0,0.8,0.2,False,True,BEHAVIORAL_DEFAULT_INSUFFICIENT_COLLATERAL,5.0,1,2,2,0.6108407343567581,998.1033591449326,0.9981033591449326,1.8966408550674032,0.0,12754.088913575759,10590.407456839543,False,0.8,,100.0,0.05
sweep_01631,173,DAILY_0001,5,1000.0,0.8,0.2,True,False,,,0,2,2,0.6108407343567581,0.0,1.0,0.0,0.0,16811.936915077735,10754.536294246294,False,1.0,,100.0,0.05
sweep_01632,174,DAILY_0001,5,1000.0,0.8,0.2,True,False,,,0,2,2,0.6108407343567581,0.0,1.0,0.0,0.0,16928.24289810534,10694.273349192878,False,1.0,,100.0,0.05
sweep_01633,175,DAILY_0001,5,1000.0,0.8,0.2,True,False,,,0,2,2,0.6108407343567581,0.0,1.0,0.0,0.0,16822.84112582361,10612.99224646561,False,1.0,,100.0,0.05
sweep_01634,176,DAILY_0001,5,1000.0,0.8,0.2,True,False,,,0,2,2,0.6108407343567581,0.0,1.0,0.0,0.0,16402.90381242599,10410.35343998566,False,1.0,,100.0,0.05
sweep_01635,177,DAILY_0001,5,1000.0,0.8,0.2,False,True,BEHAVIORAL_DEFAULT_SURPLUS_COLLATERAL,2.0,1,0,0,0.0802993013430624,4000.0,1.0,0.0,90.6186537472372,3160.1909052878864,4172.3634438368945,False,0.8,,100.0,0.05
sweep_01636,178,DAILY_0001,5,1000.0,0.8,0.2,True,False,,,0,2,2,0.6108407343567581,0.0,1.0,0.0,0.0,16613.95277706074,10547.56174747944,False,1.0,,100.0,0.05
sweep_01637,179,DAILY_0001,5,1000.0,0.8,0.2,True,False,,,0,2,2,0.6108407343567581,0.0,1.0,0.0,0.0,16825.94357748756,10588.761287030844,False,1.0,,100.0,0.05
sweep_01638,180,DAILY_0001,5,1000.0,0.8,0.2,True,False,,,0,2,2,0.6108407343567581,0.0,1.0,0.0,0.0,17332.698660576734,10843.272370504319,False,1.0,,100.0,0.05
sweep_01639,181,DAILY_0001,5,1000.0,0.8,0.2,False,True,BEHAVIORAL_DEFAULT_SURPLUS_COLLATERAL,4.0,1,2,2,0.6108407343567581,2000.0,1.0,0.0,25.177162166759445,9381.7156603568,9899.502223484684,False,0.8,,100.0,0.05
sweep_01640,182,DAILY_0001,5,1000.0,0.8,0.2,False,True,BEHAVIORAL_DEFAULT_INSUFFICIENT_COLLATERAL,4.0,1,2,2,0.6108407343567581,1975.928353237101,0.9879641766185505,24.071646762899036,0.0,9613.459796300805,9831.39089546637,False,0.8,,100.0,0.05
sweep_01641,183,DAILY_0001,5,1000.0,0.8,0.2,False,True,BEHAVIORAL_DEFAULT_SURPLUS_COLLATERAL,5.0,1,2,2,0.6108407343567581,1000.0,1.0,0.0,1110.3777812599124,12517.895991903359,10470.898956675926,False,0.8,,100.0,0.05
sweep_01642,184,DAILY_0001,5,1000.0,0.8,0.2,True,False,,,0,2,2,0.6108407343567581,0.0,1.0,0.0,0.0,17226.715015370733,11035.372653255316,False,1.0,,100.0,0.05
sweep_01643,185,DAILY_0001,5,1000.0,0.8,0.2,False,True,BEHAVIORAL_DEFAULT_INSUFFICIENT_COLLATERAL,4.0,1,2,2,0.6108407343567581,1727.4594469675394,0.8637297234837698,272.5405530324606,0.0,9321.804157226868,9780.375381931513,False,0.8,,100.0,0.05
sweep_01644,186,DAILY_0001,5,1000.0,0.8,0.2,False,True,BEHAVIORAL_DEFAULT_INSUFFICIENT_COLLATERAL,3.0,1,0,0,0.2295668026988248,2815.7594696139945,0.9385864898713315,184.2405303860055,0.0,6559.983069571281,9330.256591967674,False,0.8,,100.0,0.05
sweep_01645,187,DAILY_0001,5,1000.0,0.8,0.2,False,True,BEHAVIORAL_DEFAULT_INSUFFICIENT_COLLATERAL,4.0,1,2,2,0.6108407343567581,1895.909365130099,0.9479546825650496,104.0906348699009,0.0,9703.856181907031,9873.604478419005,False,0.8,,100.0,0.05
sweep_01646,188,DAILY_0001,5,1000.0,0.8,0.2,False,True,BEHAVIORAL_DEFAULT_SURPLUS_COLLATERAL,5.0,1,2,2,0.6108407343567581,1000.0,1.0,0.0,1656.1796709300197,13167.848974053273,10814.884702789797,False,0.8,,100.0,0.05
sweep_01647,189,DAILY_0001,5,1000.0,0.8,0.2,True,False,,,0,2,2,0.6108407343567581,0.0,1.0,0.0,0.0,17458.454152212147,11048.620829897267,False,1.0,,100.0,0.05
sweep_01648,190,DAILY_0001,5,1000.0,0.8,0.2,False,True,BEHAVIORAL_DEFAULT_SURPLUS_COLLATERAL,4.0,1,2,2,0.6108407343567581,2000.0,1.0,0.0,1247.1714751047652,9384.639416814975,9721.84907236478,False,0.8,,100.0,0.05
sweep_01649,191,DAILY_0001,5,1000.0,0.8,0.2,True,False,,,0,2,2,0.6108407343567581,0.0,1.0,0.0,0.0,16741.237276910877,10555.070267219011,False,1.0,,100.0,0.05
sweep_01650,42,DAILY_0001,5,1000.0,0.8,0.2,True,False,,,0,2,2,0.6108407343567581,0.0,1.0,0.0,0.0,17143.15024973444,10775.88593417027,False,1.0,,150.0,0.05
sweep_01651,43,DAILY_0001,5,1000.0,0.8,0.2,True,False,,,0,2,2,0.6108407343567581,0.0,1.0,0.0,0.0,16683.664856290503,10599.428202317065,False,1.0,,150.0,0.05
sweep_01652,44,DAILY_0001,5,1000.0,0.8,0.2,True,False,,,0,2,2,0.6108407343567581,0.0,1.0,0.0,0.0,16963.961355801184,10920.9252746876,False,1.0,,150.0,0.05
sweep_01653,45,DAILY_0001,5,1000.0,0.8,0.2,False,True,BEHAVIORAL_DEFAULT_SURPLUS_COLLATERAL,5.0,1,2,2,0.6108407343567581,1000.0,1.0,0.0,3642.3446143067104,12896.079661440042,10677.635420150473,False,0.8,,150.0,0.05
sweep_01654,46,DAILY_0001,5,1000.0,0.8,0.2,True,False,,,0,2,2,0.6108407343567581,0.0,1.0,0.0,0.0,16307.234970412434,10508.17409378438,False,1.0,,150.0,0.05
sweep_01655,47,DAILY_0001,5,1000.0,0.8,0.2,True,False,,,0,2,2,0.6108407343567581,0.0,1.0,0.0,0.0,17175.220923270765,10915.263846962182,False,1.0,,150.0,0.05
sweep_01656,48,DAILY_0001,5,1000.0,0.8,0.2,False,True,BEHAVIORAL_DEFAULT_INSUFFICIENT_COLLATERAL,3.0,1,0,0,0.2295668026988248,2777.135365416744,0.9257117884722481,222.8646345832558,0.0,6384.596399760172,9231.28314329969,False,0.8,,150.0,0.05
sweep_01657,49,DAILY_0001,5,1000.0,0.8,0.2,True,False,,,0,2,2,0.6108407343567581,0.0,1.0,0.0,0.0,17411.6649980281,11102.109048104541,False,1.0,,150.0,0.05
sweep_01658,50,DAILY_0001,5,1000.0,0.8,0.2,True,False,,,0,2,2,0.6108407343567581,0.0,1.0,0.0,0.0,16470.071539501125,10446.602276911792,False,1.0,,150.0,0.05
sweep_01659,51,DAILY_0001,5,1000.0,0.8,0.2,True,False,,,0,2,2,0.6108407343567581,0.0,1.0,0.0,0.0,16553.917458671152,10430.320862997387,False,1.0,,150.0,0.05
sweep_01660,52,DAILY_0001,5,1000.0,0.8,0.2,False,True,BEHAVIORAL_DEFAULT_SURPLUS_COLLATERAL,5.0,1,2,2,0.6108407343567581,1000.0,1.0,0.0,3494.78897280653,13756.613367327447,11266.110063042128,False,0.8,,150.0,0.05
sweep_01661,53,DAILY_0001,5,1000.0,0.8,0.2,False,True,BEHAVIORAL_DEFAULT_SURPLUS_COLLATERAL,5.0,1,2,2,0.6108407343567581,1000.0,1.0,0.0,3574.989522162483,12961.478326267516,10828.817858666984,False,0.8,,150.0,0.05
sweep_01662,54,DAILY_0001,5,1000.0,0.8,0.2,False,True,BEHAVIORAL_DEFAULT_INSUFFICIENT_COLLATERAL,5.0,1,2,2,0.6108407343567581,930.7106913239862,0.9307106913239862,69.28930867601377,0.0,12569.941496225256,10832.400589866316,False,0.8,,150.0,0.05
sweep_01663,55,DAILY_0001,5,1000.0,0.8,0.2,False,True,BEHAVIORAL_DEFAULT_SURPLUS_COLLATERAL,5.0,1,2,2,0.6108407343567581,1000.0,1.0,0.0,1664.635400014301,13020.111295967612,10727.870742909177,False,0.8,,150.0,0.05
sweep_01664,56,DAILY_0001,5,1000.0,0.8,0.2,False,True,BEHAVIORAL_DEFAULT_SURPLUS_COLLATERAL,5.0,1,2,2,0.6108407343567581,1000.0,1.0,0.0,1614.3747102191119,12704.486967871519,10609.634838468523,False,0.8,,150.0,0.05
sweep_01665,57,DAILY_0001,5,1000.0,0.8,0.2,True,False,,,0,2,2,0.6108407343567581,0.0,1.0,0.0,0.0,16629.925622068513,10442.482870282236,False,1.0,,150.0,0.05
sweep_01666,58,DAILY_0001,5,1000.0,0.8,0.2,True,False,,,0,2,2,0.6108407343567581,0.0,1.0,0.0,0.0,17118.252725129587,10941.172434171322,False,1.0,,150.0,0.05
sweep_01667,59,DAILY_0001,5,1000.0,0.8,0.2,False,True,BEHAVIORAL_DEFAULT_INSUFFICIENT_COLLATERAL,4.0,1,2,2,0.6108407343567581,1708.826156990368,0.854413078495184,291.17384300963204,0.0,9396.14470761244,9875.085316214829,False,0.8,,150.0,0.05
sweep_01668,60,DAILY_0001,5,1000.0,0.8,0.2,True,False,,,0,2,2,0.6108407343567581,0.0,1.0,0.0,0.0,16890.892442598783,10684.383296995582,False,1.0,,150.0,0.05
sweep_01669,61,DAILY_0001,5,1000.0,0.8,0.2,True,False,,,0,2,2,0.6108407343567581,0.0,1.0,0.0,0.0,17049.548692196306,10876.337216883163,False,1.0,,150.0,0.05
sweep_01670,62,DAILY_0001,5,1000.0,0.8,0.2,True,False,,,0,2,2,0.6108407343567581,0.0,1.0,0.0,0.0,16688.163188009137,10640.563804738806,False,1.0,,150.0,0.05
sweep_01671,63,DAILY_0001,5,1000.0,0.8,0.2,False,True,BEHAVIORAL_DEFAULT_SURPLUS_COLLATERAL,5.0,1,2,2,0.6108407343567581,1000.0,1.0,0.0,1636.8550674049966,12560.781626539678,10763.091555367067,False,0.8,,150.0,0.05
sweep_01672,64,DAILY_0001,5,1000.0,0.8,0.2,False,True,BEHAVIORAL_DEFAULT_SURPLUS_COLLATERAL,3.0,1,0,0,0.2295668026988248,3000.0,1.0,0.0,1691.286562946957,6151.058035452796,9083.582610046997,False,0.8,,150.0,0.05
sweep_01673,65,DAILY_0001,5,1000.0,0.8,0.2,False,True,BEHAVIORAL_DEFAULT_SURPLUS_COLLATERAL,2.0,1,0,0,0.0802993013430624,4000.0,1.0,0.0,67.89137659483276,3099.9623073224475,4147.550159960608,False,0.8,,150.0,0.05
sweep_01674,66,DAILY_0001,5,1000.0,0.8,0.2,True,False,,,0,2,2,0.6108407343567581,0.0,1.0,0.0,0.0,17056.111050431617,10800.214380998712,False,1.0,,150.0,0.05
sweep_01675,67,DAILY_0001,5,1000.0,0.8,0.2,True,False,,,0,2,2,0.6108407343567581,0.0,1.0,0.0,0.0,17358.7323024141,11068.90768105011,False,1.0,,150.0,0.05
sweep_01676,68,DAILY_0001,5,1000.0,0.8,0.2,False,True,BEHAVIORAL_DEFAULT_INSUFFICIENT_COLLATERAL,4.0,1,2,2,0.6108407343567581,1741.1175287918174,0.8705587643959087,258.88247120818255,0.0,9384.172146377827,9809.644449911124,False,0.8,,150.0,0.05
sweep_01677,69,DAILY_0001,5,1000.0,0.8,0.2,False,True,BEHAVIORAL_DEFAULT_INSUFFICIENT_COLLATERAL,3.0,1,0,0,0.2295668026988248,2738.080104201101,0.9126933680670337,261.9198957988988,0.0,6254.764509256824,9186.931607496896,False,0.8,,150.0,0.05
sweep_01678,70,DAILY_0001,5,1000.0,0.8,0.2,True,False,,,0,2,2,0.6108407343567581,0.0,1.0,0.0,0.0,18008.300555488746,11225.71261769441,False,1.0,,150.0,0.05
sweep_01679,71,DAILY_0001,5,1000.0,0.8,0.2,True,False,,,0,2,2,0.6108407343567581,0.0,1.0,0.0,0.0,17077.07193201092,10814.816673384148,False,1.0,,150.0,0.05
sweep_01680,72,DAILY_0001,5,1000.0,0.8,0.2,False,True,BEHAVIORAL_DEFAULT_INSUFFICIENT_COLLATERAL,5.0,1,2,2,0.6108407343567581,815.2890671364436,0.8152890671364436,184.71093286355642,0.0,12739.57666014175,10544.153252455695,False,0.8,,150.0,0.05
sweep_01681,73,DAILY_0001,5,1000.0,0.8,0.2,True,False,,,0,2,2,0.6108407343567581,0.0,1.0,0.0,0.0,16909.5959464029,10908.387228623418,False,1.0,,150.0,0.05
sweep_01682,74,DAILY_0001,5,1000.0,0.8,0.2,False,True,BEHAVIORAL_DEFAULT_SURPLUS_COLLATERAL,3.0,1,0,0,0.2295668026988248,3000.0,1.0,0.0,1727.660480906412,6142.21535254676,9110.59905687592,False,0.8,,150.0,0.05
sweep_01683,75,DAILY_0001,5,1000.0,0.8,0.2,True,False,,,0,2,2,0.6108407343567581,0.0,1.0,0.0,0.0,16697.360309291158,10588.020229241283,False,1.0,,150.0,0.05
sweep_01684,76,DAILY_0001,5,1000.0,0.8,0.2,True,False,,,0,2,2,0.6108407343567581,0.0,1.0,0.0,0.0,16671.801168191498,10903.331170201036,False,1.0,,150.0,0.05
sweep_01685,77,DAILY_0001,5,1000.0,0.8,0.2,True,False,,,0,2,2,0.6108407343567581,0.0,1.0,0.0,0.0,16763.124564751575,10734.313774311504,False,1.0,,150.0,0.05
sweep_01686,78,DAILY_0001,5,1000.0,0.8,0.2,True,False,,,0,2,2,0.6108407343567581,0.0,1.0,0.0,0.0,16719.51222653161,10817.665766071379,False,1.0,,150.0,0.05
sweep_01687,79,DAILY_0001,5,1000.0,0.8,0.2,True,False,,,0,2,2,0.6108407343567581,0.0,1.0,0.0,0.0,16476.77247232043,10597.70270315821,False,1.0,,150.0,0.05
sweep_01688,80,DAILY_0001,5,1000.0,0.8,0.2,True,False,,,0,2,2,0.6108407343567581,0.0,1.0,0.0,0.0,16187.427798734678,10479.393092825332,False,1.0,,150.0,0.05
sweep_01689,81,DAILY_0001,5,1000.0,0.8,0.2,True,False,,,0,2,2,0.6108407343567581,0.0,1.0,0.0,0.0,17261.26216002694,11071.538469072766,False,1.0,,150.0,0.05
sweep_01690,82,DAILY_0001,5,1000.0,0.8,0.2,True,False,,,0,2,2,0.6108407343567581,0.0,1.0,0.0,0.0,17428.23657344996,11169.807233873244,False,1.0,,150.0,0.05
sweep_01691,83,DAILY_0001,5,1000.0,0.8,0.2,False,True,BEHAVIORAL_DEFAULT_INSUFFICIENT_COLLATERAL,5.0,1,2,2,0.6108407343567581,996.1971779942636,0.9961971779942635,3.8028220057364024,0.0,13023.010849409744,10746.378378523903,False,0.8,,150.0,0.05
sweep_01692,84,DAILY_0001,5,1000.0,0.8,0.2,False,True,BEHAVIORAL_DEFAULT_INSUFFICIENT_COLLATERAL,3.0,1,0,0,0.2295668026988248,2754.1318613668013,0.9180439537889338,245.86813863319867,0.0,6504.624246924773,9435.630181580298,False,0.8,,150.0,0.05
sweep_01693,85,DAILY_0001,5,1000.0,0.8,0.2,False,True,BEHAVIORAL_DEFAULT_INSUFFICIENT_COLLATERAL,4.0,1,2,2,0.6108407343567581,1772.2388022980003,0.8861194011490001,227.76119770199966,0.0,9644.511591981416,9833.753491851341,False,0.8,,150.0,0.05
sweep_01694,86,DAILY_0001,5,1000.0,0.8,0.2,True,False,,,0,2,2,0.6108407343567581,0.0,1.0,0.0,0.0,17346.9008892341,11009.945087565146,False,1.0,,150.0,0.05
sweep_01695,87,DAILY_0001,5,1000.0,0.8,0.2,True,False,,,0,2,2,0.6108407343567581,0.0,1.0,0.0,0.0,16887.21410701461,10678.11497200457,False,1.0,,150.0,0.05
sweep_01696,88,DAILY_0001,5,1000.0,0.8,0.2,False,True,BEHAVIORAL_DEFAULT_SURPLUS_COLLATERAL,3.0,1,0,0,0.2295668026988248,3000.0,1.0,0.0,1688.502666496407,6598.059130640779,9339.303919961409,False,0.8,,150.0,0.05
sweep_01697,89,DAILY_0001,5,1000.0,0.8,0.2,True,False,,,0,2,2,0.6108407343567581,0.0,1.0,0.0,0.0,16483.760527058344,10742.973232151859,False,1.0,,150.0,0.05
sweep_01698,90,DAILY_0001,5,1000.0,0.8,0.2,False,True,BEHAVIORAL_DEFAULT_SURPLUS_COLLATERAL,4.0,1,2,2,0.6108407343567581,2000.0,1.0,0.0,1249.3346205880202,9428.143344053857,9851.62227484446,False,0.8,,150.0,0.05
sweep_01699,91,DAILY_0001,5,1000.0,0.8,0.2,True,False,,,0,2,2,0.6108407343567581,0.0,1.0,0.0,0.0,16432.64453049189,10791.65281293287,False,1.0,,150.0,0.05
sweep_01700,92,DAILY_0001,5,1000.0,0.8,0.2,True,False,,,0,2,2,0.6108407343567581,0.0,1.0,0.0,0.0,16541.46983637411,10528.986118383511,False,1.0,,150.0,0.05
sweep_01701,93,DAILY_0001,5,1000.0,0.8,0.2,False,True,BEHAVIORAL_DEFAULT_INSUFFICIENT_COLLATERAL,3.0,1,0,0,0.2295668026988248,2783.082764182247,0.9276942547274157,216.91723581775295,0.0,7022.911645595454,9963.517332029343,False,0.8,,150.0,0.05
sweep_01702,94,DAILY_0001,5,1000.0,0.8,0.2,True,False,,,0,2,2,0.6108407343567581,0.0,1.0,0.0,0.0,16816.49136159871,10703.775414285348,False,1.0,,150.0,0.05
sweep_01703,95,DAILY_0001,5,1000.0,0.8,0.2,True,False,,,0,2,2,0.6108407343567581,0.0,1.0,0.0,0.0,17545.744689882886,11052.284023046346,False,1.0,,150.0,0.05
sweep_01704,96,DAILY_0001,5,1000.0,0.8,0.2,True,False,,,0,2,2,0.6108407343567581,0.0,1.0,0.0,0.0,17272.505142960632,10752.727461097817,False,1.0,,150.0,0.05
sweep_01705,97,DAILY_0001,5,1000.0,0.8,0.2,True,False,,,0,2,2,0.6108407343567581,0.0,1.0,0.0,0.0,17205.00493267573,10821.346845359265,False,1.0,,150.0,0.05
sweep_01706,98,DAILY_0001,5,1000.0,0.8,0.2,True,False,,,0,2,2,0.6108407343567581,0.0,1.0,0.0,0.0,17117.740576801672,10909.917311051973,False,1.0,,150.0,0.05
sweep_01707,99,DAILY_0001,5,1000.0,0.8,0.2,False,True,BEHAVIORAL_DEFAULT_SURPLUS_COLLATERAL,4.0,1,2,2,0.6108407343567581,2000.0,1.0,0.0,1248.267364299566,9546.407766635395,9855.745850901156,False,0.8,,150.0,0.05
sweep_01708,100,DAILY_0001,5,1000.0,0.8,0.2,True,False,,,0,2,2,0.6108407343567581,0.0,1.0,0.0,0.0,17296.288473944063,11011.676427066095,False,1.0,,150.0,0.05
sweep_01709,101,DAILY_0001,5,1000.0,0.8,0.2,False,True,BEHAVIORAL_DEFAULT_SURPLUS_COLLATERAL,5.0,1,2,2,0.6108407343567581,1000.0,1.0,0.0,1282.3368952124852,13094.897102232273,10899.280891259068,False,0.8,,150.0,0.05
sweep_01710,102,DAILY_0001,5,1000.0,0.8,0.2,False,True,BEHAVIORAL_DEFAULT_SURPLUS_COLLATERAL,5.0,1,2,2,0.6108407343567581,1000.0,1.0,0.0,3716.309420923346,13315.718463742422,11127.801913448402,False,0.8,,150.0,0.05
sweep_01711,103,DAILY_0001,5,1000.0,0.8,0.2,False,True,BEHAVIORAL_DEFAULT_SURPLUS_COLLATERAL,4.0,1,2,2,0.6108407343567581,2000.0,1.0,0.0,5.09155456693361,9410.055771571677,9814.90909510075,False,0.8,,150.0,0.05
sweep_01712,104,DAILY_0001,5,1000.0,0.8,0.2,True,False,,,0,2,2,0.6108407343567581,0.0,1.0,0.0,0.0,16965.565545296653,10653.0964047514,False,1.0,,150.0,0.05
sweep_01713,105,DAILY_0001,5,1000.0,0.8,0.2,False,True,BEHAVIORAL_DEFAULT_SURPLUS_COLLATERAL,4.0,1,2,2,0.6108407343567581,2000.0,1.0,0.0,1251.8966611334204,10112.068977480729,10035.629273618883,False,0.8,,150.0,0.05
sweep_01714,106,DAILY_0001,5,1000.0,0.8,0.2,False,True,BEHAVIORAL_DEFAULT_SURPLUS_COLLATERAL,5.0,1,2,2,0.6108407343567581,1000.0,1.0,0.0,90.94580856795119,13317.118454353504,10916.923041394572,False,0.8,,150.0,0.05
sweep_01715,107,DAILY_0001,5,1000.0,0.8,0.2,False,True,BEHAVIORAL_DEFAULT_SURPLUS_COLLATERAL,4.0,1,2,2,0.6108407343567581,2000.0,1.0,0.0,14.042119786326111,9504.711727327722,9735.487911963117,False,0.8,,150.0,0.05
sweep_01716,108,DAILY_0001,5,1000.0,0.8,0.2,False,True,BEHAVIORAL_DEFAULT_SURPLUS_COLLATERAL,4.0,1,2,2,0.6108407343567581,2000.0,1.0,0.0,1250.0715467462492,9229.632260373746,9808.20391714908,False,0.8,,150.0,0.05
sweep_01717,109,DAILY_0001,5,1000.0,0.8,0.2,True,False,,,0,2,2,0.6108407343567581,0.0,1.0,0.0,0.0,17097.560018571552,10825.602656049066,False,1.0,,150.0,0.05
sweep_01718,110,DAILY_0001,5,1000.0,0.8,0.2,True,False,,,0,2,2,0.6108407343567581,0.0,1.0,0.0,0.0,17252.145983174083,11016.531224576283,False,1.0,,150.0,0.05
sweep_01719,111,DAILY_0001,5,1000.0,0.8,0.2,False,True,BEHAVIORAL_DEFAULT_SURPLUS_COLLATERAL,5.0,1,2,2,0.6108407343567581,1000.0,1.0,0.0,1173.292120296091,13005.811951455453,10689.479190994854,False,0.8,,150.0,0.05
sweep_01720,112,DAILY_0001,5,1000.0,0.8,0.2,True,False,,,0,2,2,0.6108407343567581,0.0,1.0,0.0,0.0,16909.07625773677,10734.70898051243,False,1.0,,150.0,0.05
sweep_01721,113,DAILY_0001,5,1000.0,0.8,0.2,False,True,BEHAVIORAL_DEFAULT_INSUFFICIENT_COLLATERAL,3.0,1,0,0,0.2295668026988248,2810.3941835253227,0.9367980611751076,189.60581647467734,0.0,6623.312533026473,9419.361213262102,False,0.8,,150.0,0.05
sweep_01722,114,DAILY_0001,5,1000.0,0.8,0.2,False,True,BEHAVIORAL_DEFAULT_INSUFFICIENT_COLLATERAL,3.0,1,0,0,0.2295668026988248,2723.6223618931695,0.9078741206310564,276.37763810683055,0.0,6121.454939968626,9070.527856904597,False,0.8,,150.0,0.05
sweep_01723,115,DAILY_0001,5,1000.0,0.8,0.2,True,False,,,0,2,2,0.6108407343567581,0.0,1.0,0.0,0.0,16756.555719327873,10445.124746785235,False,1.0,,150.0,0.05
sweep_01724,116,DAILY_0001,5,1000.0,0.8,0.2,False,True,BEHAVIORAL_DEFAULT_SURPLUS_COLLATERAL,3.0,1,0,0,0.2295668026988248,3000.0,1.0,0.0,1859.7926440111569,6397.070943819939,9374.492377354363,False,0.8,,150.0,0.05
sweep_01725,117,DAILY_0001,5,1000.0,0.8,0.2,False,True,BEHAVIORAL_DEFAULT_SURPLUS_COLLATERAL,2.0,1,0,0,0.0802993013430624,4000.0,1.0,0.0,101.6574827721006,3189.4444401873525,4184.41546381355,False,0.8,,150.0,0.05
sweep_01726,118,DAILY_0001,5,1000.0,0.8,0.2,True,False,,,0,2,2,0.6108407343567581,0.0,1.0,0.0,0.0,16908.748437966286,10909.049260216523,False,1.0,,150.0,0.05
sweep_01727,119,DAILY_0001,5,1000.0,0.8,0.2,True,False,,,0,2,2,0.6108407343567581,0.0,1.0,0.0,0.0,16730.031620694273,10722.64892403443,False,1.0,,150.0,0.05
sweep_01728,120,DAILY_0001,5,1000.0,0.8,0.2,True,False,,,0,2,2,0.6108407343567581,0.0,1.0,0.0,0.0,17299.20314416707,11132.605887550337,False,1.0,,150.0,0.05
sweep_01729,121,DAILY_0001,5,1000.0,0.8,0.2,False,True,BEHAVIORAL_DEFAULT_SURPLUS_COLLATERAL,4.0,1,2,2,0.6108407343567581,2000.0,1.0,0.0,1248.2717951499144,9287.607451281923,9741.724182752558,False,0.8,,150.0,0.05
sweep_01730,122,DAILY_0001,5,1000.0,0.8,0.2,True,False,,,0,2,2,0.6108407343567581,0.0,1.0,0.0,0.0,16786.425779314144,10741.147687265242,False,1.0,,150.0,0.05
sweep_01731,123,DAILY_0001,5,1000.0,0.8,0.2,False,True,BEHAVIORAL_DEFAULT_SURPLUS_COLLATERAL,4.0,1,2,2,0.6108407343567581,2000.0,1.0,0.0,1250.1089630295123,10213.097259473365,10061.317299581042,False,0.8,,150.0,0.05
sweep_01732,124,DAILY_0001,5,1000.0,0.8,0.2,True,False,,,0,2,2,0.6108407343567581,0.0,1.0,0.0,0.0,17378.096470344266,11088.74526509641,False,1.0,,150.0,0.05
sweep_01733,125,DAILY_0001,5,1000.0,0.8,0.2,True,False,,,0,2,2,0.6108407343567581,0.0,1.0,0.0,0.0,17222.14785778652,10922.937529761783,False,1.0,,150.0,0.05
sweep_01734,126,DAILY_0001,5,1000.0,0.8,0.2,False,True,BEHAVIORAL_DEFAULT_SURPLUS_COLLATERAL,3.0,1,0,0,0.2295668026988248,3000.0,1.0,0.0,1934.8463122266494,6608.331218475114,9562.79663030009,False,0.8,,150.0,0.05
sweep_01735,127,DAILY_0001,5,1000.0,0.8,0.2,True,False,,,0,2,2,0.6108407343567581,0.0,1.0,0.0,0.0,17068.994068195138,10827.496624549354,False,1.0,,150.0,0.05
sweep_01736,128,DAILY_0001,5,1000.0,0.8,0.2,True,False,,,0,2,2,0.6108407343567581,0.0,1.0,0.0,0.0,17380.160876094935,10862.439276601872,False,1.0,,150.0,0.05
sweep_01737,129,DAILY_0001,5,1000.0,0.8,0.2,True,False,,,0,2,2,0.6108407343567581,0.0,1.0,0.0,0.0,16680.988802965425,10551.490144142874,False,1.0,,150.0,0.05
sweep_01738,130,DAILY_0001,5,1000.0,0.8,0.2,False,True,BEHAVIORAL_DEFAULT_SURPLUS_COLLATERAL,5.0,1,2,2,0.6108407343567581,1000.0,1.0,0.0,1661.4734598621876,12730.738840773127,10827.632324635812,False,0.8,,150.0,0.05
sweep_01739,131,DAILY_0001,5,1000.0,0.8,0.2,False,True,BEHAVIORAL_DEFAULT_SURPLUS_COLLATERAL,4.0,1,2,2,0.6108407343567581,2000.0,1.0,0.0,1249.1786748777622,9894.940183776958,9901.165505461646,False,0.8,,150.0,0.05
sweep_01740,132,DAILY_0001,5,1000.0,0.8,0.2,False,True,BEHAVIORAL_DEFAULT_INSUFFICIENT_COLLATERAL,4.0,1,2,2,0.6108407343567581,1743.3704128614274,0.8716852064307137,256.62958713857256,0.0,9452.061028387478,9769.306148849555,False,0.8,,150.0,0.05
sweep_01741,133,DAILY_0001,5,1000.0,0.8,0.2,False,True,BEHAVIORAL_DEFAULT_SURPLUS_COLLATERAL,2.0,1,0,0,0.0802993013430624,4000.0,1.0,0.0,48.960888101513774,3049.7954187370806,4126.882150249122,False,0.8,,150.0,0.05
sweep_01742,134,DAILY_0001,5,1000.0,0.8,0.2,False,True,BEHAVIORAL_DEFAULT_INSUFFICIENT_COLLATERAL,3.0,1,0,0,0.2295668026988248,2799.438909734574,0.9331463032448579,200.56109026542617,0.0,6618.547990000483,9444.046994725915,False,0.8,,150.0,0.05
sweep_01743,135,DAILY_0001,5,1000.0,0.8,0.2,True,False,,,0,2,2,0.6108407343567581,0.0,1.0,0.0,0.0,17308.180105341366,10933.301192983847,False,1.0,,150.0,0.05
sweep_01744,136,DAILY_0001,5,1000.0,0.8,0.2,False,True,BEHAVIORAL_DEFAULT_SURPLUS_COLLATERAL,5.0,1,2,2,0.6108407343567581,1000.0,1.0,0.0,1242.9362368294956,12439.168673732074,10464.637650809727,False,0.8,,150.0,0.05
sweep_01745,137,DAILY_0001,5,1000.0,0.8,0.2,False,True,BEHAVIORAL_DEFAULT_INSUFFICIENT_COLLATERAL,4.0,1,2,2,0.6108407343567581,1915.482875829573,0.9577414379147865,84.517124170427,0.0,9538.559186760156,9858.33963648663,False,0.8,,150.0,0.05
sweep_01746,138,DAILY_0001,5,1000.0,0.8,0.2,False,True,BEHAVIORAL_DEFAULT_INSUFFICIENT_COLLATERAL,5.0,1,2,2,0.6108407343567581,880.457023719268,0.880457023719268,119.54297628073198,0.0,12533.99100881035,10636.987557951847,False,0.8,,150.0,0.05
sweep_01747,139,DAILY_0001,5,1000.0,0.8,0.2,False,True,BEHAVIORAL_DEFAULT_SURPLUS_COLLATERAL,2.0,1,0,0,0.0802993013430624,4000.0,1.0,0.0,72.11117219086873,3111.145009532911,4152.157266448648,False,0.8,,150.0,0.05
sweep_01748,140,DAILY_0001,5,1000.0,0.8,0.2,False,True,BEHAVIORAL_DEFAULT_SURPLUS_COLLATERAL,2.0,1,0,0,0.0802993013430624,4000.0,1.0,0.0,91.10373503441042,3161.476398733924,4172.893047959773,False,0.8,,150.0,0.05
sweep_01749,141,DAILY_0001,5,1000.0,0.8,0.2,True,False,,,0,2,2,0.6108407343567581,0.0,1.0,0.0,0.0,17185.12705013151,10840.067807203548,False,1.0,,150.0,0.05
sweep_01750,142,DAILY_0001,5,1000.0,0.8,0.2,False,True,BEHAVIORAL_DEFAULT_SURPLUS_COLLATERAL,2.0,1,0,0,0.0802993013430624,4000.0,1.0,0.0,92.92991641674735,3166.3158849403544,4174.886844081748,False,0.8,,150.0,0.05
sweep_01751,143,DAILY_0001,5,1000.0,0.8,0.2,True,False,,,0,2,2,0.6108407343567581,0.0,1.0,0.0,0.0,16445.290904199723,10734.474333364326,False,1.0,,150.0,0.05
sweep_01752,144,DAILY_0001,5,1000.0,0.8,0.2,True,False,,,0,2,2,0.6108407343567581,0.0,1.0,0.0,0.0,17343.411988435073,11047.182663811675,False,1.0,,150.0,0.05
sweep_01753,145,DAILY_0001,5,1000.0,0.8,0.2,True,False,,,0,2,2,0.6108407343567581,0.0,1.0,0.0,0.0,17193.72751399906,10985.176253727346,False,1.0,,150.0,0.05
sweep_01754,146,DAILY_0001,5,1000.0,0.8,0.2,True,False,,,0,2,2,0.6108407343567581,0.0,1.0,0.0,0.0,16193.924104929843,10466.604600921115,False,1.0,,150.0,0.05
sweep_01755,147,DAILY_0001,5,1000.0,0.8,0.2,False,True,BEHAVIORAL_DEFAULT_INSUFFICIENT_COLLATERAL,4.0,1,2,2,0.6108407343567581,1803.531162450544,0.901765581225272,196.4688375494561,0.0,9889.107754331599,9907.166373175405,False,0.8,,150.0,0.05
sweep_01756,148,DAILY_0001,5,1000.0,0.8,0.2,True,False,,,0,2,2,0.6108407343567581,0.0,1.0,0.0,0.0,17096.666287603017,10927.015320999997,False,1.0,,150.0,0.05
sweep_01757,149,DAILY_0001,5,1000.0,0.8,0.2,False,True,BEHAVIORAL_DEFAULT_INSUFFICIENT_COLLATERAL,4.0,1,2,2,0.6108407343567581,1707.7349337483417,0.8538674668741709,292.26506625165825,0.0,9814.02173860668,10035.201989790254,False,0.8,,150.0,0.05
sweep_01758,150,DAILY_0001,5,1000.0,0.8,0.2,True,False,,,0,2,2,0.6108407343567581,0.0,1.0,0.0,0.0,16546.279710931314,10761.648155433051,False,1.0,,150.0,0.05
sweep_01759,151,DAILY_0001,5,1000.0,0.8,0.2,False,True,BEHAVIORAL_DEFAULT_SURPLUS_COLLATERAL,5.0,1,2,2,0.6108407343567581,1000.0,1.0,0.0,1438.5407668575772,13335.570209326292,11023.945707773335,False,0.8,,150.0,0.05
sweep_01760,152,DAILY_0001,5,1000.0,0.8,0.2,True,False,,,0,2,2,0.6108407343567581,0.0,1.0,0.0,0.0,17093.36930493184,10906.536381523205,False,1.0,,150.0,0.05
sweep_01761,153,DAILY_0001,5,1000.0,0.8,0.2,True,False,,,0,2,2,0.6108407343567581,0.0,1.0,0.0,0.0,16508.84948067981,10425.801203560164,False,1.0,,150.0,0.05
sweep_01762,154,DAILY_0001,5,1000.0,0.8,0.2,True,False,,,0,2,2,0.6108407343567581,0.0,1.0,0.0,0.0,16928.440090342658,10694.923329743915,False,1.0,,150.0,0.05
sweep_01763,155,DAILY_0001,5,1000.0,0.8,0.2,False,True,BEHAVIORAL_DEFAULT_SURPLUS_COLLATERAL,3.0,1,0,0,0.2295668026988248,3000.0,1.0,0.0,1810.8568748679345,6224.123226178908,9231.38294442903,False,0.8,,150.0,0.05
sweep_01764,156,DAILY_0001,5,1000.0,0.8,0.2,True,False,,,0,2,2,0.6108407343567581,0.0,1.0,0.0,0.0,16822.870383115638,10707.477135116182,False,1.0,,150.0,0.05
sweep_01765,157,DAILY_0001,5,1000.0,0.8,0.2,False,True,BEHAVIORAL_DEFAULT_INSUFFICIENT_COLLATERAL,3.0,1,0,0,0.2295668026988248,2729.48570909119,0.9098285696970634,270.5142909088099,0.0,6313.283449869156,9279.3174344465,False,0.8,,150.0,0.05
sweep_01766,158,DAILY_0001,5,1000.0,0.8,0.2,True,False,,,0,2,2,0.6108407343567581,0.0,1.0,0.0,0.0,17327.297792749472,10883.550924677033,False,1.0,,150.0,0.05
sweep_01767,159,DAILY_0001,5,1000.0,0.8,0.2,True,False,,,0,2,2,0.6108407343567581,0.0,1.0,0.0,0.0,17547.075472215663,11104.653010533664,False,1.0,,150.0,0.05
sweep_01768,160,DAILY_0001,5,1000.0,0.8,0.2,False,True,BEHAVIORAL_DEFAULT_SURPLUS_COLLATERAL,5.0,1,2,2,0.6108407343567581,1000.0,1.0,0.0,3597.7843825019972,13559.294233579409,11021.730795386899,False,0.8,,150.0,0.05
sweep_01769,161,DAILY_0001,5,1000.0,0.8,0.2,True,False,,,0,2,2,0.6108407343567581,0.0,1.0,0.0,0.0,16722.38973114001,10693.898912020195,False,1.0,,150.0,0.05
sweep_01770,162,DAILY_0001,5,1000.0,0.8,0.2,False,True,BEHAVIORAL_DEFAULT_SURPLUS_COLLATERAL,3.0,1,0,0,0.2295668026988248,3000.0,1.0,0.0,1688.6309020307162,6099.333759251945,9051.362221913067,False,0.8,,150.0,0.05
sweep_01771,163,DAILY_0001,5,1000.0,0.8,0.2,True,False,,,0,2,2,0.6108407343567581,0.0,1.0,0.0,0.0,17276.966005569957,11016.261932811609,False,1.0,,150.0,0.05
sweep_01772,164,DAILY_0001,5,1000.0,0.8,0.2,True,False,,,0,2,2,0.6108407343567581,0.0,1.0,0.0,0.0,17233.351687522765,10878.011316969842,False,1.0,,150.0,0.05
sweep_01773,165,DAILY_0001,5,1000.0,0.8,0.2,True,False,,,0,2,2,0.6108407343567581,0.0,1.0,0.0,0.0,16913.7215097475,10651.881810457844,False,1.0,,150.0,0.05
sweep_01774,166,DAILY_0001,5,1000.0,0.8,0.2,False,True,BEHAVIORAL_DEFAULT_SURPLUS_COLLATERAL,5.0,1,2,2,0.6108407343567581,1000.0,1.0,0.0,1597.562685104353,13275.843211445086,11044.657575623898,False,0.8,,150.0,0.05
sweep_01775,167,DAILY_0001,5,1000.0,0.8,0.2,True,False,,,0,2,2,0.6108407343567581,0.0,1.0,0.0,0.0,16859.790773916782,10711.748006417456,False,1.0,,150.0,0.05
sweep_01776,168,DAILY_0001,5,1000.0,0.8,0.2,False,True,BEHAVIORAL_DEFAULT_SURPLUS_COLLATERAL,5.0,1,2,2,0.6108407343567581,1000.0,1.0,0.0,3554.4855727828335,12306.50352346156,10595.39434106617,False,0.8,,150.0,0.05
sweep_01777,169,DAILY_0001,5,1000.0,0.8,0.2,False,True,BEHAVIORAL_DEFAULT_SURPLUS_COLLATERAL,5.0,1,2,2,0.6108407343567581,1000.0,1.0,0.0,1659.255418998206,13383.861734067441,10955.00677529232,False,0.8,,150.0,0.05
sweep_01778,170,DAILY_0001,5,1000.0,0.8,0.2,True,False,,,0,2,2,0.6108407343567581,0.0,1.0,0.0,0.0,17232.159337492943,10796.425935532572,False,1.0,,150.0,0.05
sweep_01779,171,DAILY_0001,5,1000.0,0.8,0.2,True,False,,,0,2,2,0.6108407343567581,0.0,1.0,0.0,0.0,16487.879755940605,10429.47937508421,False,1.0,,150.0,0.05
sweep_01780,172,DAILY_0001,5,1000.0,0.8,0.2,False,True,BEHAVIORAL_DEFAULT_INSUFFICIENT_COLLATERAL,5.0,1,2,2,0.6108407343567581,998.1033591449326,0.9981033591449326,1.8966408550674032,0.0,12754.088913575759,10590.407456839543,False,0.8,,150.0,0.05
sweep_01781,173,DAILY_0001,5,1000.0,0.8,0.2,True,False,,,0,2,2,0.6108407343567581,0.0,1.0,0.0,0.0,16811.936915077735,10754.536294246294,False,1.0,,150.0,0.05
sweep_01782,174,DAILY_0001,5,1000.0,0.8,0.2,True,False,,,0,2,2,0.6108407343567581,0.0,1.0,0.0,0.0,16928.24289810534,10694.273349192878,False,1.0,,150.0,0.05
sweep_01783,175,DAILY_0001,5,1000.0,0.8,0.2,True,False,,,0,2,2,0.6108407343567581,0.0,1.0,0.0,0.0,16822.84112582361,10612.99224646561,False,1.0,,150.0,0.05
sweep_01784,176,DAILY_0001,5,1000.0,0.8,0.2,True,False,,,0,2,2,0.6108407343567581,0.0,1.0,0.0,0.0,16402.90381242599,10410.35343998566,False,1.0,,150.0,0.05
sweep_01785,177,DAILY_0001,5,1000.0,0.8,0.2,False,True,BEHAVIORAL_DEFAULT_SURPLUS_COLLATERAL,2.0,1,0,0,0.0802993013430624,4000.0,1.0,0.0,90.6186537472372,3160.1909052878864,4172.3634438368945,False,0.8,,150.0,0.05
sweep_01786,178,DAILY_0001,5,1000.0,0.8,0.2,True,False,,,0,2,2,0.6108407343567581,0.0,1.0,0.0,0.0,16613.95277706074,10547.56174747944,False,1.0,,150.0,0.05
sweep_01787,179,DAILY_0001,5,1000.0,0.8,0.2,True,False,,,0,2,2,0.6108407343567581,0.0,1.0,0.0,0.0,16825.94357748756,10588.761287030844,False,1.0,,150.0,0.05
sweep_01788,180,DAILY_0001,5,1000.0,0.8,0.2,True,False,,,0,2,2,0.6108407343567581,0.0,1.0,0.0,0.0,17332.698660576734,10843.272370504319,False,1.0,,150.0,0.05
sweep_01789,181,DAILY_0001,5,1000.0,0.8,0.2,False,True,BEHAVIORAL_DEFAULT_SURPLUS_COLLATERAL,4.0,1,2,2,0.6108407343567581,2000.0,1.0,0.0,25.177162166759445,9381.7156603568,9899.502223484684,False,0.8,,150.0,0.05
sweep_01790,182,DAILY_0001,5,1000.0,0.8,0.2,False,True,BEHAVIORAL_DEFAULT_INSUFFICIENT_COLLATERAL,4.0,1,2,2,0.6108407343567581,1975.928353237101,0.9879641766185505,24.071646762899036,0.0,9613.459796300805,9831.39089546637,False,0.8,,150.0,0.05
sweep_01791,183,DAILY_0001,5,1000.0,0.8,0.2,False,True,BEHAVIORAL_DEFAULT_SURPLUS_COLLATERAL,5.0,1,2,2,0.6108407343567581,1000.0,1.0,0.0,1110.3777812599124,12517.895991903359,10470.898956675926,False,0.8,,150.0,0.05
sweep_01792,184,DAILY_0001,5,1000.0,0.8,0.2,True,False,,,0,2,2,0.6108407343567581,0.0,1.0,0.0,0.0,17226.715015370733,11035.372653255316,False,1.0,,150.0,0.05
sweep_01793,185,DAILY_0001,5,1000.0,0.8,0.2,False,True,BEHAVIORAL_DEFAULT_INSUFFICIENT_COLLATERAL,4.0,1,2,2,0.6108407343567581,1727.4594469675394,0.8637297234837698,272.5405530324606,0.0,9321.804157226868,9780.375381931513,False,0.8,,150.0,0.05
sweep_01794,186,DAILY_0001,5,1000.0,0.8,0.2,False,True,BEHAVIORAL_DEFAULT_INSUFFICIENT_COLLATERAL,3.0,1,0,0,0.2295668026988248,2815.7594696139945,0.9385864898713315,184.2405303860055,0.0,6559.983069571281,9330.256591967674,False,0.8,,150.0,0.05
sweep_01795,187,DAILY_0001,5,1000.0,0.8,0.2,False,True,BEHAVIORAL_DEFAULT_INSUFFICIENT_COLLATERAL,4.0,1,2,2,0.6108407343567581,1895.909365130099,0.9479546825650496,104.0906348699009,0.0,9703.856181907031,9873.604478419005,False,0.8,,150.0,0.05
sweep_01796,188,DAILY_0001,5,1000.0,0.8,0.2,False,True,BEHAVIORAL_DEFAULT_SURPLUS_COLLATERAL,5.0,1,2,2,0.6108407343567581,1000.0,1.0,0.0,1656.1796709300197,13167.848974053273,10814.884702789797,False,0.8,,150.0,0.05
sweep_01797,189,DAILY_0001,5,1000.0,0.8,0.2,True,False,,,0,2,2,0.6108407343567581,0.0,1.0,0.0,0.0,17458.454152212147,11048.620829897267,False,1.0,,150.0,0.05
sweep_01798,190,DAILY_0001,5,1000.0,0.8,0.2,False,True,BEHAVIORAL_DEFAULT_SURPLUS_COLLATERAL,4.0,1,2,2,0.6108407343567581,2000.0,1.0,0.0,1247.1714751047652,9384.639416814975,9721.84907236478,False,0.8,,150.0,0.05
sweep_01799,191,DAILY_0001,5,1000.0,0.8,0.2,True,False,,,0,2,2,0.6108407343567581,0.0,1.0,0.0,0.0,16741.237276910877,10555.070267219011,False,1.0,,150.0,0.05
sweep_01800,42,DAILY_0001,5,1000.0,0.9,0.2,True,False,,,0,2,2,0.6108407343567581,0.0,1.0,0.0,0.0,17143.15024973444,12328.609954468993,False,1.0,,50.0,0.05
sweep_01801,43,DAILY_0001,5,1000.0,0.9,0.2,True,False,,,0,2,2,0.6108407343567581,0.0,1.0,0.0,0.0,16683.664856290503,12134.629033596892,False,1.0,,50.0,0.05
sweep_01802,44,DAILY_0001,5,1000.0,0.9,0.2,True,False,,,0,2,2,0.6108407343567581,0.0,1.0,0.0,0.0,16963.961355801184,12421.52822244412,False,1.0,,50.0,0.05
sweep_01803,45,DAILY_0001,5,1000.0,0.9,0.2,False,True,BEHAVIORAL_DEFAULT_SURPLUS_COLLATERAL,5.0,1,2,2,0.6108407343567581,1000.0,1.0,0.0,4277.203554327056,12896.079661440042,12245.675368845827,False,0.8,,50.0,0.05
sweep_01804,46,DAILY_0001,5,1000.0,0.9,0.2,True,False,,,0,2,2,0.6108407343567581,0.0,1.0,0.0,0.0,16307.234970412434,11913.804851494917,False,1.0,,50.0,0.05
sweep_01805,47,DAILY_0001,5,1000.0,0.9,0.2,True,False,,,0,2,2,0.6108407343567581,0.0,1.0,0.0,0.0,17175.220923270765,12483.303795657535,False,1.0,,50.0,0.05
sweep_01806,48,DAILY_0001,5,1000.0,0.9,0.2,False,True,BEHAVIORAL_DEFAULT_SURPLUS_COLLATERAL,3.0,1,0,0,0.2295668026988248,3000.0,1.0,0.0,141.761899372048,6384.596399760172,10573.711195183496,False,0.8,,50.0,0.05
sweep_01807,49,DAILY_0001,5,1000.0,0.9,0.2,True,False,,,0,2,2,0.6108407343567581,0.0,1.0,0.0,0.0,17411.6649980281,12670.148996799895,False,1.0,,50.0,0.05
sweep_01808,50,DAILY_0001,5,1000.0,0.9,0.2,True,False,,,0,2,2,0.6108407343567581,0.0,1.0,0.0,0.0,16470.071539501125,12014.642225607146,False,1.0,,50.0,0.05
sweep_01809,51,DAILY_0001,5,1000.0,0.9,0.2,True,False,,,0,2,2,0.6108407343567581,0.0,1.0,0.0,0.0,16553.917458671152,11912.976906190897,False,1.0,,50.0,0.05
sweep_01810,52,DAILY_0001,5,1000.0,0.9,0.2,False,True,BEHAVIORAL_DEFAULT_SURPLUS_COLLATERAL,5.0,1,2,2,0.6108407343567581,1000.0,1.0,0.0,4129.647912826875,13756.613367327447,12834.150011737482,False,0.8,,50.0,0.05
sweep_01811,53,DAILY_0001,5,1000.0,0.9,0.2,False,True,BEHAVIORAL_DEFAULT_SURPLUS_COLLATERAL,5.0,1,2,2,0.6108407343567581,1000.0,1.0,0.0,4209.8484621828275,12961.478326267516,12396.85780736234,False,0.8,,50.0,0.05
sweep_01812,54,DAILY_0001,5,1000.0,0.9,0.2,False,True,BEHAVIORAL_DEFAULT_INSUFFICIENT_COLLATERAL,5.0,1,2,2,0.6108407343567581,930.7106913239862,0.9307106913239862,69.28930867601377,0.0,12569.941496225256,12238.031347576853,False,0.8,,50.0,0.05
sweep_01813,55,DAILY_0001,5,1000.0,0.9,0.2,False,True,BEHAVIORAL_DEFAULT_SURPLUS_COLLATERAL,5.0,1,2,2,0.6108407343567581,1000.0,1.0,0.0,2010.3312034362948,13020.111295967612,12295.910691604533,False,0.8,,50.0,0.05
sweep_01814,56,DAILY_0001,5,1000.0,0.9,0.2,False,True,BEHAVIORAL_DEFAULT_SURPLUS_COLLATERAL,5.0,1,2,2,0.6108407343567581,1000.0,1.0,0.0,1960.0705136411057,12704.486967871519,12177.674787163876,False,0.8,,50.0,0.05
sweep_01815,57,DAILY_0001,5,1000.0,0.9,0.2,True,False,,,0,2,2,0.6108407343567581,0.0,1.0,0.0,0.0,16629.925622068513,12010.52281897759,False,1.0,,50.0,0.05
sweep_01816,58,DAILY_0001,5,1000.0,0.9,0.2,True,False,,,0,2,2,0.6108407343567581,0.0,1.0,0.0,0.0,17118.252725129587,12509.212382866675,False,1.0,,50.0,0.05
sweep_01817,59,DAILY_0001,5,1000.0,0.9,0.2,False,True,BEHAVIORAL_DEFAULT_INSUFFICIENT_COLLATERAL,4.0,1,2,2,0.6108407343567581,1943.3185982198693,0.9716592991099346,56.68140178013073,0.0,9396.14470761244,11247.741655120084,False,0.8,,50.0,0.05
sweep_01818,60,DAILY_0001,5,1000.0,0.9,0.2,True,False,,,0,2,2,0.6108407343567581,0.0,1.0,0.0,0.0,16890.892442598783,12252.423245690936,False,1.0,,50.0,0.05
sweep_01819,61,DAILY_0001,5,1000.0,0.9,0.2,True,False,,,0,2,2,0.6108407343567581,0.0,1.0,0.0,0.0,17049.548692196306,12444.377165578517,False,1.0,,50.0,0.05
sweep_01820,62,DAILY_0001,5,1000.0,0.9,0.2,True,False,,,0,2,2,0.6108407343567581,0.0,1.0,0.0,0.0,16688.163188009137,12208.60375343416,False,1.0,,50.0,0.05
sweep_01821,63,DAILY_0001,5,1000.0,0.9,0.2,False,True,BEHAVIORAL_DEFAULT_SURPLUS_COLLATERAL,5.0,1,2,2,0.6108407343567581,1000.0,1.0,0.0,1982.5508708269908,12560.781626539678,12168.722313077602,False,0.8,,50.0,0.05
sweep_01822,64,DAILY_0001,5,1000.0,0.9,0.2,False,True,BEHAVIORAL_DEFAULT_SURPLUS_COLLATERAL,3.0,1,0,0,0.2295668026988248,3000.0,1.0,0.0,2360.911165151282,6151.058035452796,10426.010661930803,False,0.8,,50.0,0.05
sweep_01823,65,DAILY_0001,5,1000.0,0.9,0.2,False,True,BEHAVIORAL_DEFAULT_SURPLUS_COLLATERAL,2.0,1,0,0,0.0802993013430624,4000.0,1.0,0.0,618.8314809316225,3099.9623073224475,4712.344192792166,False,0.8,,50.0,0.05
sweep_01824,66,DAILY_0001,5,1000.0,0.9,0.2,True,False,,,0,2,2,0.6108407343567581,0.0,1.0,0.0,0.0,17056.111050431617,12368.254329694068,False,1.0,,50.0,0.05
sweep_01825,67,DAILY_0001,5,1000.0,0.9,0.2,True,False,,,0,2,2,0.6108407343567581,0.0,1.0,0.0,0.0,17358.7323024141,12504.340819345054,False,1.0,,50.0,0.05
sweep_01826,68,DAILY_0001,5,1000.0,0.9,0.2,False,True,BEHAVIORAL_DEFAULT_INSUFFICIENT_COLLATERAL,4.0,1,2,2,0.6108407343567581,1975.6099700213185,0.9878049850106593,24.39002997868147,0.0,9384.172146377827,11182.300788816377,False,0.8,,50.0,0.05
sweep_01827,69,DAILY_0001,5,1000.0,0.9,0.2,False,True,BEHAVIORAL_DEFAULT_SURPLUS_COLLATERAL,3.0,1,0,0,0.2295668026988248,3000.0,1.0,0.0,102.70663815640592,6254.764509256824,10529.359659380703,False,0.8,,50.0,0.05
sweep_01828,70,DAILY_0001,5,1000.0,0.9,0.2,True,False,,,0,2,2,0.6108407343567581,0.0,1.0,0.0,0.0,18008.300555488746,12793.752566389765,False,1.0,,50.0,0.05
sweep_01829,71,DAILY_0001,5,1000.0,0.9,0.2,True,False,,,0,3,3,0.6108407343567581,0.0,1.0,0.0,0.0,17077.07193201092,12382.856622079504,False,1.0,,50.0,0.05
sweep_01830,72,DAILY_0001,5,1000.0,0.9,0.2,False,True,BEHAVIORAL_DEFAULT_INSUFFICIENT_COLLATERAL,5.0,1,2,2,0.6108407343567581,970.6873064432409,0.9706873064432409,29.312693556759086,0.0,12739.57666014175,12112.193201151049,False,0.8,,50.0,0.05
sweep_01831,73,DAILY_0001,5,1000.0,0.9,0.2,True,False,,,0,2,2,0.6108407343567581,0.0,1.0,0.0,0.0,16909.5959464029,12314.01798633395,False,1.0,,50.0,0.05
sweep_01832,74,DAILY_0001,5,1000.0,0.9,0.2,False,True,BEHAVIORAL_DEFAULT_SURPLUS_COLLATERAL,3.0,1,0,0,0.2295668026988248,3000.0,1.0,0.0,2397.285083110737,6142.21535254676,10453.027108759727,False,0.8,,50.0,0.05
sweep_01833,75,DAILY_0001,5,1000.0,0.9,0.2,True,False,,,0,2,2,0.6108407343567581,0.0,1.0,0.0,0.0,16697.360309291158,12156.060177936637,False,1.0,,50.0,0.05
sweep_01834,76,DAILY_0001,5,1000.0,0.9,0.2,True,False,,,0,2,2,0.6108407343567581,0.0,1.0,0.0,0.0,16671.801168191498,12308.96192791157,False,1.0,,50.0,0.05
sweep_01835,77,DAILY_0001,5,1000.0,0.9,0.2,True,False,,,0,2,2,0.6108407343567581,0.0,1.0,0.0,0.0,16763.124564751575,12244.38393809185,False,1.0,,50.0,0.05
sweep_01836,78,DAILY_0001,5,1000.0,0.9,0.2,True,False,,,0,2,2,0.6108407343567581,0.0,1.0,0.0,0.0,16719.51222653161,12223.296523781913,False,1.0,,50.0,0.05
sweep_01837,79,DAILY_0001,5,1000.0,0.9,0.2,True,False,,,0,2,2,0.6108407343567581,0.0,1.0,0.0,0.0,16476.77247232043,12003.333460868744,False,1.0,,50.0,0.05
sweep_01838,80,DAILY_0001,5,1000.0,0.9,0.2,True,False,,,0,2,2,0.6108407343567581,0.0,1.0,0.0,0.0,16187.427798734678,11885.023850535867,False,1.0,,50.0,0.05
sweep_01839,81,DAILY_0001,5,1000.0,0.9,0.2,True,False,,,0,2,2,0.6108407343567581,0.0,1.0,0.0,0.0,17261.26216002694,12477.1692267833,False,1.0,,50.0,0.05
sweep_01840,82,DAILY_0001,5,1000.0,0.9,0.2,True,False,,,0,2,2,0.6108407343567581,0.0,1.0,0.0,0.0,17428.23657344996,12737.8471825686,False,1.0,,50.0,0.05
sweep_01841,83,DAILY_0001,5,1000.0,0.9,0.2,False,True,BEHAVIORAL_DEFAULT_SURPLUS_COLLATERAL,5.0,1,2,2,0.6108407343567581,1000.0,1.0,0.0,151.59541730106093,13023.010849409744,12314.418327219259,False,0.8,,50.0,0.05
sweep_01842,84,DAILY_0001,5,1000.0,0.9,0.2,False,True,BEHAVIORAL_DEFAULT_SURPLUS_COLLATERAL,3.0,1,0,0,0.2295668026988248,3000.0,1.0,0.0,118.75839532210603,6504.624246924773,10778.058233464106,False,0.8,,50.0,0.05
sweep_01843,85,DAILY_0001,5,1000.0,0.9,0.2,False,True,BEHAVIORAL_DEFAULT_SURPLUS_COLLATERAL,4.0,1,2,2,0.6108407343567581,2000.0,1.0,0.0,6.731243527502102,9644.511591981416,11206.409830756596,False,0.8,,50.0,0.05
sweep_01844,86,DAILY_0001,5,1000.0,0.9,0.2,True,False,,,0,2,2,0.6108407343567581,0.0,1.0,0.0,0.0,17346.9008892341,12577.9850362605,False,1.0,,50.0,0.05
sweep_01845,87,DAILY_0001,5,1000.0,0.9,0.2,True,False,,,0,2,2,0.6108407343567581,0.0,1.0,0.0,0.0,16887.21410701461,12246.154920699924,False,1.0,,50.0,0.05
sweep_01846,88,DAILY_0001,5,1000.0,0.9,0.2,False,True,BEHAVIORAL_DEFAULT_SURPLUS_COLLATERAL,3.0,1,0,0,0.2295668026988248,3000.0,1.0,0.0,2358.127268700732,6598.059130640779,10681.731971845216,False,0.8,,50.0,0.05
sweep_01847,89,DAILY_0001,5,1000.0,0.9,0.2,True,False,,,0,2,2,0.6108407343567581,0.0,1.0,0.0,0.0,16483.760527058344,12148.603989862391,False,1.0,,50.0,0.05
sweep_01848,90,DAILY_0001,5,1000.0,0.9,0.2,False,True,BEHAVIORAL_DEFAULT_SURPLUS_COLLATERAL,4.0,1,2,2,0.6108407343567581,2000.0,1.0,0.0,1657.8713857742491,9428.143344053857,11224.278613749715,False,0.8,,50.0,0.05
sweep_01849,91,DAILY_0001,5,1000.0,0.9,0.2,True,False,,,0,2,2,0.6108407343567581,0.0,1.0,0.0,0.0,16432.64453049189,12197.283570643403,False,1.0,,50.0,0.05
sweep_01850,92,DAILY_0001,5,1000.0,0.9,0.2,True,False,,,0,2,2,0.6108407343567581,0.0,1.0,0.0,0.0,16541.46983637411,12097.026067078865,False,1.0,,50.0,0.05
sweep_01851,93,DAILY_0001,5,1000.0,0.9,0.2,False,True,BEHAVIORAL_DEFAULT_SURPLUS_COLLATERAL,3.0,1,0,0,0.2295668026988248,3000.0,1.0,0.0,147.70929813755174,7022.911645595454,11305.94538391315,False,0.8,,50.0,0.05
sweep_01852,94,DAILY_0001,5,1000.0,0.9,0.2,True,False,,,0,2,2,0.6108407343567581,0.0,1.0,0.0,0.0,16816.49136159871,12271.815362980702,False,1.0,,50.0,0.05
sweep_01853,95,DAILY_0001,5,1000.0,0.9,0.2,True,False,,,0,2,2,0.6108407343567581,0.0,1.0,0.0,0.0,17545.744689882886,12620.323971741702,False,1.0,,50.0,0.05
sweep_01854,96,DAILY_0001,5,1000.0,0.9,0.2,True,False,,,0,2,2,0.6108407343567581,0.0,1.0,0.0,0.0,17272.505142960632,12320.767409793169,False,1.0,,50.0,0.05
sweep_01855,97,DAILY_0001,5,1000.0,0.9,0.2,True,False,,,0,2,2,0.6108407343567581,0.0,1.0,0.0,0.0,17205.00493267573,12389.386794054619,False,1.0,,50.0,0.05
sweep_01856,98,DAILY_0001,5,1000.0,0.9,0.2,True,False,,,0,2,2,0.6108407343567581,0.0,1.0,0.0,0.0,17117.740576801672,12477.957259747327,False,1.0,,50.0,0.05
sweep_01857,99,DAILY_0001,5,1000.0,0.9,0.2,False,True,BEHAVIORAL_DEFAULT_SURPLUS_COLLATERAL,4.0,1,2,2,0.6108407343567581,2000.0,1.0,0.0,1656.8041294857949,9546.407766635395,11228.402189806411,False,0.8,,50.0,0.05
sweep_01858,100,DAILY_0001,5,1000.0,0.9,0.2,True,False,,,0,2,2,0.6108407343567581,0.0,1.0,0.0,0.0,17296.288473944063,12579.71637576145,False,1.0,,50.0,0.05
sweep_01859,101,DAILY_0001,5,1000.0,0.9,0.2,False,True,BEHAVIORAL_DEFAULT_SURPLUS_COLLATERAL,5.0,1,2,2,0.6108407343567581,1000.0,1.0,0.0,1646.7340201906563,13094.897102232273,12467.320839954424,False,0.8,,50.0,0.05
sweep_01860,102,DAILY_0001,5,1000.0,0.9,0.2,False,True,BEHAVIORAL_DEFAULT_SURPLUS_COLLATERAL,5.0,1,2,2,0.6108407343567581,1000.0,1.0,0.0,4351.16836094369,13315.718463742422,12679.273295253402,False,0.8,,50.0,0.05
sweep_01861,103,DAILY_0001,5,1000.0,0.9,0.2,False,True,BEHAVIORAL_DEFAULT_SURPLUS_COLLATERAL,4.0,1,2,2,0.6108407343567581,2000.0,1.0,0.0,227.54954698954953,9410.055771571677,11187.565434006005,False,0.8,,50.0,0.05
sweep_01862,104,DAILY_0001,5,1000.0,0.9,0.2,True,False,,,0,2,2,0.6108407343567581,0.0,1.0,0.0,0.0,16965.565545296653,12221.136353446753,False,1.0,,50.0,0.05
sweep_01863,105,DAILY_0001,5,1000.0,0.9,0.2,False,True,BEHAVIORAL_DEFAULT_SURPLUS_COLLATERAL,4.0,1,2,2,0.6108407343567581,2000.0,1.0,0.0,1660.4334263196497,10112.068977480729,11408.285612524138,False,0.8,,50.0,0.05
sweep_01864,106,DAILY_0001,5,1000.0,0.9,0.2,False,True,BEHAVIORAL_DEFAULT_SURPLUS_COLLATERAL,5.0,1,2,2,0.6108407343567581,1000.0,1.0,0.0,246.3440478747484,13317.118454353504,12484.962990089925,False,0.8,,50.0,0.05
sweep_01865,107,DAILY_0001,5,1000.0,0.9,0.2,False,True,BEHAVIORAL_DEFAULT_SURPLUS_COLLATERAL,4.0,1,2,2,0.6108407343567581,2000.0,1.0,0.0,236.50011220894248,9504.711727327722,11108.144250868372,False,0.8,,50.0,0.05
sweep_01866,108,DAILY_0001,5,1000.0,0.9,0.2,False,True,BEHAVIORAL_DEFAULT_SURPLUS_COLLATERAL,4.0,1,2,2,0.6108407343567581,2000.0,1.0,0.0,1658.6083119324785,9229.632260373746,11180.860256054335,False,0.8,,50.0,0.05
sweep_01867,109,DAILY_0001,5,1000.0,0.9,0.2,True,False,,,0,2,2,0.6108407343567581,0.0,1.0,0.0,0.0,17097.560018571552,12393.64260474442,False,1.0,,50.0,0.05
sweep_01868,110,DAILY_0001,5,1000.0,0.9,0.2,True,False,,,0,2,2,0.6108407343567581,0.0,1.0,0.0,0.0,17252.145983174083,12584.571173271637,False,1.0,,50.0,0.05
sweep_01869,111,DAILY_0001,5,1000.0,0.9,0.2,False,True,BEHAVIORAL_DEFAULT_SURPLUS_COLLATERAL,5.0,1,2,2,0.6108407343567581,1000.0,1.0,0.0,1537.6892452742627,13005.811951455453,12250.955484947088,False,0.8,,50.0,0.05
sweep_01870,112,DAILY_0001,5,1000.0,0.9,0.2,True,False,,,0,2,2,0.6108407343567581,0.0,1.0,0.0,0.0,16909.07625773677,12302.748929207784,False,1.0,,50.0,0.05
sweep_01871,113,DAILY_0001,5,1000.0,0.9,0.2,False,True,BEHAVIORAL_DEFAULT_SURPLUS_COLLATERAL,3.0,1,0,0,0.2295668026988248,3000.0,1.0,0.0,175.02071748062735,6623.312533026473,10761.789265145908,False,0.8,,50.0,0.05
sweep_01872,114,DAILY_0001,5,1000.0,0.9,0.2,False,True,BEHAVIORAL_DEFAULT_SURPLUS_COLLATERAL,3.0,1,0,0,0.2295668026988248,3000.0,1.0,0.0,88.2488958484746,6121.454939968626,10412.955908788404,False,0.8,,50.0,0.05
sweep_01873,115,DAILY_0001,5,1000.0,0.9,0.2,True,False,,,0,2,2,0.6108407343567581,0.0,1.0,0.0,0.0,16756.555719327873,12013.16469548059,False,1.0,,50.0,0.05
sweep_01874,116,DAILY_0001,5,1000.0,0.9,0.2,False,True,BEHAVIORAL_DEFAULT_SURPLUS_COLLATERAL,3.0,1,0,0,0.2295668026988248,3000.0,1.0,0.0,2529.417246215481,6397.070943819939,10716.920429238171,False,0.8,,50.0,0.05
sweep_01875,117,DAILY_0001,5,1000.0,0.9,0.2,False,True,BEHAVIORAL_DEFAULT_SURPLUS_COLLATERAL,2.0,1,0,0,0.0802993013430624,4000.0,1.0,0.0,652.5975871088904,3189.4444401873525,4749.209496645109,False,0.8,,50.0,0.05
sweep_01876,118,DAILY_0001,5,1000.0,0.9,0.2,True,False,,,0,2,2,0.6108407343567581,0.0,1.0,0.0,0.0,16908.748437966286,12349.796213127625,False,1.0,,50.0,0.05
sweep_01877,119,DAILY_0001,5,1000.0,0.9,0.2,True,False,,,0,2,2,0.6108407343567581,0.0,1.0,0.0,0.0,16730.031620694273,12290.688872729785,False,1.0,,50.0,0.05
sweep_01878,120,DAILY_0001,5,1000.0,0.9,0.2,True,False,,,0,2,2,0.6108407343567581,0.0,1.0,0.0,0.0,17299.20314416707,12700.64583624569,False,1.0,,50.0,0.05
sweep_01879,121,DAILY_0001,5,1000.0,0.9,0.2,False,True,BEHAVIORAL_DEFAULT_SURPLUS_COLLATERAL,4.0,1,2,2,0.6108407343567581,2000.0,1.0,0.0,1656.8085603361433,9287.607451281923,11114.380521657811,False,0.8,,50.0,0.05
sweep_01880,122,DAILY_0001,5,1000.0,0.9,0.2,True,False,,,0,2,2,0.6108407343567581,0.0,1.0,0.0,0.0,16786.425779314144,12309.187635960598,False,1.0,,50.0,0.05
sweep_01881,123,DAILY_0001,5,1000.0,0.9,0.2,False,True,BEHAVIORAL_DEFAULT_SURPLUS_COLLATERAL,4.0,1,2,2,0.6108407343567581,2000.0,1.0,0.0,1658.6457282157417,10213.097259473365,11433.973638486299,False,0.8,,50.0,0.05
sweep_01882,124,DAILY_0001,5,1000.0,0.9,0.2,True,False,,,0,2,2,0.6108407343567581,0.0,1.0,0.0,0.0,17378.096470344266,12552.878572157055,False,1.0,,50.0,0.05
sweep_01883,125,DAILY_0001,5,1000.0,0.9,0.2,True,False,,,0,2,2,0.6108407343567581,0.0,1.0,0.0,0.0,17222.14785778652,12490.977478457135,False,1.0,,50.0,0.05
sweep_01884,126,DAILY_0001,5,1000.0,0.9,0.2,False,True,BEHAVIORAL_DEFAULT_SURPLUS_COLLATERAL,3.0,1,0,0,0.2295668026988248,3000.0,1.0,0.0,2604.4709144309736,6608.331218475114,10905.224682183896,False,0.8,,50.0,0.05
sweep_01885,127,DAILY_0001,5,1000.0,0.9,0.2,True,False,,,0,2,2,0.6108407343567581,0.0,1.0,0.0,0.0,17068.994068195138,12395.536573244708,False,1.0,,50.0,0.05
sweep_01886,128,DAILY_0001,5,1000.0,0.9,0.2,True,False,,,0,2,2,0.6108407343567581,0.0,1.0,0.0,0.0,17380.160876094935,12430.479225297226,False,1.0,,50.0,0.05
sweep_01887,129,DAILY_0001,5,1000.0,0.9,0.2,True,False,,,0,2,2,0.6108407343567581,0.0,1.0,0.0,0.0,16680.988802965425,12119.530092838228,False,1.0,,50.0,0.05
sweep_01888,130,DAILY_0001,5,1000.0,0.9,0.2,False,True,BEHAVIORAL_DEFAULT_SURPLUS_COLLATERAL,5.0,1,2,2,0.6108407343567581,1000.0,1.0,0.0,2007.1692632841814,12730.738840773127,12233.263082346346,False,0.8,,50.0,0.05
sweep_01889,131,DAILY_0001,5,1000.0,0.9,0.2,False,True,BEHAVIORAL_DEFAULT_SURPLUS_COLLATERAL,4.0,1,2,2,0.6108407343567581,2000.0,1.0,0.0,1657.715440063991,9894.940183776958,11273.8218443669,False,0.8,,50.0,0.05
sweep_01890,132,DAILY_0001,5,1000.0,0.9,0.2,False,True,BEHAVIORAL_DEFAULT_INSUFFICIENT_COLLATERAL,4.0,1,2,2,0.6108407343567581,1977.8628540909287,0.9889314270454643,22.13714590907125,0.0,9452.061028387478,11141.96248775481,False,0.8,,50.0,0.05
sweep_01891,133,DAILY_0001,5,1000.0,0.9,0.2,False,True,BEHAVIORAL_DEFAULT_SURPLUS_COLLATERAL,2.0,1,0,0,0.0802993013430624,4000.0,1.0,0.0,599.9009924383035,3049.7954187370806,4691.67618308068,False,0.8,,50.0,0.05
sweep_01892,134,DAILY_0001,5,1000.0,0.9,0.2,False,True,BEHAVIORAL_DEFAULT_SURPLUS_COLLATERAL,3.0,1,0,0,0.2295668026988248,3000.0,1.0,0.0,164.06544368987852,6618.547990000483,10786.475046609721,False,0.8,,50.0,0.05
sweep_01893,135,DAILY_0001,5,1000.0,0.9,0.2,True,False,,,0,2,2,0.6108407343567581,0.0,1.0,0.0,0.0,17308.180105341366,12501.3411416792,False,1.0,,50.0,0.05
sweep_01894,136,DAILY_0001,5,1000.0,0.9,0.2,False,True,BEHAVIORAL_DEFAULT_SURPLUS_COLLATERAL,5.0,1,2,2,0.6108407343567581,1000.0,1.0,0.0,1607.3333618076672,12439.168673732074,12032.677599505081,False,0.8,,50.0,0.05
sweep_01895,137,DAILY_0001,5,1000.0,0.9,0.2,False,True,BEHAVIORAL_DEFAULT_SURPLUS_COLLATERAL,4.0,1,2,2,0.6108407343567581,2000.0,1.0,0.0,137.94086825218892,9538.559186760156,11230.995975391885,False,0.8,,50.0,0.05
sweep_01896,138,DAILY_0001,5,1000.0,0.9,0.2,False,True,BEHAVIORAL_DEFAULT_INSUFFICIENT_COLLATERAL,5.0,1,2,2,0.6108407343567581,910.8264647676706,0.9108264647676706,89.17353523232941,0.0,12533.99100881035,12074.357905334273,False,0.8,,50.0,0.05
sweep_01897,139,DAILY_0001,5,1000.0,0.9,0.2,False,True,BEHAVIORAL_DEFAULT_SURPLUS_COLLATERAL,2.0,1,0,0,0.0802993013430624,4000.0,1.0,0.0,623.051276527658,3111.145009532911,4716.9512992802065,False,0.8,,50.0,0.05
sweep_01898,140,DAILY_0001,5,1000.0,0.9,0.2,False,True,BEHAVIORAL_DEFAULT_SURPLUS_COLLATERAL,2.0,1,0,0,0.0802993013430624,4000.0,1.0,0.0,642.0438393712002,3161.476398733924,4737.687080791332,False,0.8,,50.0,0.05
sweep_01899,141,DAILY_0001,5,1000.0,0.9,0.2,True,False,,,0,2,2,0.6108407343567581,0.0,1.0,0.0,0.0,17185.12705013151,12408.107755898902,False,1.0,,50.0,0.05
sweep_01900,142,DAILY_0001,5,1000.0,0.9,0.2,False,True,BEHAVIORAL_DEFAULT_SURPLUS_COLLATERAL,2.0,1,0,0,0.0802993013430624,4000.0,1.0,0.0,643.8700207535367,3166.3158849403544,4739.680876913307,False,0.8,,50.0,0.05
sweep_01901,143,DAILY_0001,5,1000.0,0.9,0.2,True,False,,,0,2,2,0.6108407343567581,0.0,1.0,0.0,0.0,16445.290904199723,12140.10509107486,False,1.0,,50.0,0.05
sweep_01902,144,DAILY_0001,5,1000.0,0.9,0.2,True,False,,,0,2,2,0.6108407343567581,0.0,1.0,0.0,0.0,17343.411988435073,12615.22261250703,False,1.0,,50.0,0.05
sweep_01903,145,DAILY_0001,5,1000.0,0.9,0.2,True,False,,,0,2,2,0.6108407343567581,0.0,1.0,0.0,0.0,17193.72751399906,12553.2162024227,False,1.0,,50.0,0.05
sweep_01904,146,DAILY_0001,5,1000.0,0.9,0.2,True,False,,,0,2,2,0.6108407343567581,0.0,1.0,0.0,0.0,16193.924104929843,11872.23535863165,False,1.0,,50.0,0.05
sweep_01905,147,DAILY_0001,5,1000.0,0.9,0.2,False,True,BEHAVIORAL_DEFAULT_SURPLUS_COLLATERAL,4.0,1,2,2,0.6108407343567581,2000.0,1.0,0.0,38.0236036800452,9889.107754331599,11279.82271208066,False,0.8,,50.0,0.05
sweep_01906,148,DAILY_0001,5,1000.0,0.9,0.2,True,False,,,0,2,2,0.6108407343567581,0.0,1.0,0.0,0.0,17096.666287603017,12495.055269695351,False,1.0,,50.0,0.05
sweep_01907,149,DAILY_0001,5,1000.0,0.9,0.2,False,True,BEHAVIORAL_DEFAULT_INSUFFICIENT_COLLATERAL,4.0,1,2,2,0.6108407343567581,1942.2273749778433,0.9711136874889217,57.77262502215672,0.0,9814.02173860668,11407.858328695507,False,0.8,,50.0,0.05
sweep_01908,150,DAILY_0001,5,1000.0,0.9,0.2,True,False,,,0,2,2,0.6108407343567581,0.0,1.0,0.0,0.0,16546.279710931314,12167.278913143586,False,1.0,,50.0,0.05
sweep_01909,151,DAILY_0001,5,1000.0,0.9,0.2,False,True,BEHAVIORAL_DEFAULT_SURPLUS_COLLATERAL,5.0,1,2,2,0.6108407343567581,1000.0,1.0,0.0,1802.9378918357488,13335.570209326292,12591.985656468689,False,0.8,,50.0,0.05
sweep_01910,152,DAILY_0001,5,1000.0,0.9,0.2,True,False,,,0,2,2,0.6108407343567581,0.0,1.0,0.0,0.0,17093.36930493184,12474.576330218559,False,1.0,,50.0,0.05
sweep_01911,153,DAILY_0001,5,1000.0,0.9,0.2,True,False,,,0,2,2,0.6108407343567581,0.0,1.0,0.0,0.0,16508.84948067981,11988.551295121702,False,1.0,,50.0,0.05
sweep_01912,154,DAILY_0001,5,1000.0,0.9,0.2,True,False,,,0,2,2,0.6108407343567581,0.0,1.0,0.0,0.0,16928.440090342658,12262.963278439269,False,1.0,,50.0,0.05
sweep_01913,155,DAILY_0001,5,1000.0,0.9,0.2,False,True,BEHAVIORAL_DEFAULT_SURPLUS_COLLATERAL,3.0,1,0,0,0.2295668026988248,3000.0,1.0,0.0,2480.4814770722596,6224.123226178908,10573.810996312835,False,0.8,,50.0,0.05
sweep_01914,156,DAILY_0001,5,1000.0,0.9,0.2,True,False,,,0,2,2,0.6108407343567581,0.0,1.0,0.0,0.0,16822.870383115638,12275.517083811535,False,1.0,,50.0,0.05
sweep_01915,157,DAILY_0001,5,1000.0,0.9,0.2,False,True,BEHAVIORAL_DEFAULT_SURPLUS_COLLATERAL,3.0,1,0,0,0.2295668026988248,3000.0,1.0,0.0,94.11224304649431,6313.283449869156,10621.745486330306,False,0.8,,50.0,0.05
sweep_01916,158,DAILY_0001,5,1000.0,0.9,0.2,True,False,,,0,2,2,0.6108407343567581,0.0,1.0,0.0,0.0,17327.297792749472,12451.590873372386,False,1.0,,50.0,0.05
sweep_01917,159,DAILY_0001,5,1000.0,0.9,0.2,True,False,,,0,2,2,0.6108407343567581,0.0,1.0,0.0,0.0,17547.075472215663,12672.692959229018,False,1.0,,50.0,0.05
sweep_01918,160,DAILY_0001,5,1000.0,0.9,0.2,False,True,BEHAVIORAL_DEFAULT_SURPLUS_COLLATERAL,5.0,1,2,2,0.6108407343567581,1000.0,1.0,0.0,4232.643322522342,13559.294233579409,12536.284640827665,False,0.8,,50.0,0.05
sweep_01919,161,DAILY_0001,5,1000.0,0.9,0.2,True,False,,,0,2,2,0.6108407343567581,0.0,1.0,0.0,0.0,16722.38973114001,12113.250298542398,False,1.0,,50.0,0.05
sweep_01920,162,DAILY_0001,5,1000.0,0.9,0.2,False,True,BEHAVIORAL_DEFAULT_SURPLUS_COLLATERAL,3.0,1,0,0,0.2295668026988248,3000.0,1.0,0.0,2358.2555042350414,6099.333759251945,10393.790273796872,False,0.8,,50.0,0.05
sweep_01921,163,DAILY_0001,5,1000.0,0.9,0.2,True,False,,,0,2,2,0.6108407343567581,0.0,1.0,0.0,0.0,17276.966005569957,12584.301881506964,False,1.0,,50.0,0.05
sweep_01922,164,DAILY_0001,5,1000.0,0.9,0.2,True,False,,,0,2,2,0.6108407343567581,0.0,1.0,0.0,0.0,17233.351687522765,12446.051265665195,False,1.0,,50.0,0.05
sweep_01923,165,DAILY_0001,5,1000.0,0.9,0.2,True,False,,,0,2,2,0.6108407343567581,0.0,1.0,0.0,0.0,16913.7215097475,12219.9217591532,False,1.0,,50.0,0.05
sweep_01924,166,DAILY_0001,5,1000.0,0.9,0.2,False,True,BEHAVIORAL_DEFAULT_SURPLUS_COLLATERAL,5.0,1,2,2,0.6108407343567581,1000.0,1.0,0.0,1961.9598100825247,13275.843211445086,12612.697524319252,False,0.8,,50.0,0.05
sweep_01925,167,DAILY_0001,5,1000.0,0.9,0.2,True,False,,,0,2,2,0.6108407343567581,0.0,1.0,0.0,0.0,16859.790773916782,12279.78795511281,False,1.0,,50.0,0.05
sweep_01926,168,DAILY_0001,5,1000.0,0.9,0.2,False,True,BEHAVIORAL_DEFAULT_SURPLUS_COLLATERAL,5.0,1,2,2,0.6108407343567581,1000.0,1.0,0.0,4189.344512803178,12306.50352346156,12001.025098776705,False,0.8,,50.0,0.05
sweep_01927,169,DAILY_0001,5,1000.0,0.9,0.2,False,True,BEHAVIORAL_DEFAULT_SURPLUS_COLLATERAL,5.0,1,2,2,0.6108407343567581,1000.0,1.0,0.0,2004.9512224201999,13383.861734067441,12523.046723987676,False,0.8,,50.0,0.05
sweep_01928,170,DAILY_0001,5,1000.0,0.9,0.2,True,False,,,0,2,2,0.6108407343567581,0.0,1.0,0.0,0.0,17232.159337492943,12364.465884227928,False,1.0,,50.0,0.05
sweep_01929,171,DAILY_0001,5,1000.0,0.9,0.2,True,False,,,0,2,2,0.6108407343567581,0.0,1.0,0.0,0.0,16487.879755940605,11997.519323779565,False,1.0,,50.0,0.05
sweep_01930,172,DAILY_0001,5,1000.0,0.9,0.2,False,True,BEHAVIORAL_DEFAULT_SURPLUS_COLLATERAL,5.0,1,2,2,0.6108407343567581,1000.0,1.0,0.0,153.50159845172993,12754.088913575759,12158.447405534898,False,0.8,,50.0,0.05
sweep_01931,173,DAILY_0001,5,1000.0,0.9,0.2,True,False,,,0,2,2,0.6108407343567581,0.0,1.0,0.0,0.0,16811.936915077735,12322.576242941648,False,1.0,,50.0,0.05
sweep_01932,174,DAILY_0001,5,1000.0,0.9,0.2,True,False,,,0,2,2,0.6108407343567581,0.0,1.0,0.0,0.0,16928.24289810534,12262.313297888231,False,1.0,,50.0,0.05
sweep_01933,175,DAILY_0001,5,1000.0,0.9,0.2,True,False,,,0,2,2,0.6108407343567581,0.0,1.0,0.0,0.0,16822.84112582361,12181.032195160964,False,1.0,,50.0,0.05
sweep_01934,176,DAILY_0001,5,1000.0,0.9,0.2,True,False,,,0,2,2,0.6108407343567581,0.0,1.0,0.0,0.0,16402.90381242599,11978.393388681015,False,1.0,,50.0,0.05
sweep_01935,177,DAILY_0001,5,1000.0,0.9,0.2,False,True,BEHAVIORAL_DEFAULT_SURPLUS_COLLATERAL,2.0,1,0,0,0.0802993013430624,4000.0,1.0,0.0,641.5587580840265,3160.1909052878864,4737.1574766684535,False,0.8,,50.0,0.05
sweep_01936,178,DAILY_0001,5,1000.0,0.9,0.2,True,False,,,0,2,2,0.6108407343567581,0.0,1.0,0.0,0.0,16613.95277706074,12115.601696174794,False,1.0,,50.0,0.05
sweep_01937,179,DAILY_0001,5,1000.0,0.9,0.2,True,False,,,0,2,2,0.6108407343567581,0.0,1.0,0.0,0.0,16825.94357748756,12156.801235726198,False,1.0,,50.0,0.05
sweep_01938,180,DAILY_0001,5,1000.0,0.9,0.2,True,False,,,0,2,2,0.6108407343567581,0.0,1.0,0.0,0.0,17332.698660576734,12411.312319199673,False,1.0,,50.0,0.05
sweep_01939,181,DAILY_0001,5,1000.0,0.9,0.2,False,True,BEHAVIORAL_DEFAULT_SURPLUS_COLLATERAL,4.0,1,2,2,0.6108407343567581,2000.0,1.0,0.0,247.63515458937536,9381.7156603568,11272.15856238994,False,0.8,,50.0,0.05
sweep_01940,182,DAILY_0001,5,1000.0,0.9,0.2,False,True,BEHAVIORAL_DEFAULT_SURPLUS_COLLATERAL,4.0,1,2,2,0.6108407343567581,2000.0,1.0,0.0,198.38634565971688,9613.459796300805,11204.047234371625,False,0.8,,50.0,0.05
sweep_01941,183,DAILY_0001,5,1000.0,0.9,0.2,False,True,BEHAVIORAL_DEFAULT_SURPLUS_COLLATERAL,5.0,1,2,2,0.6108407343567581,1000.0,1.0,0.0,1474.774906238084,12517.895991903359,12038.93890537128,False,0.8,,50.0,0.05
sweep_01942,184,DAILY_0001,5,1000.0,0.9,0.2,True,False,,,0,2,2,0.6108407343567581,0.0,1.0,0.0,0.0,17226.715015370733,12603.41260195067,False,1.0,,50.0,0.05
sweep_01943,185,DAILY_0001,5,1000.0,0.9,0.2,False,True,BEHAVIORAL_DEFAULT_INSUFFICIENT_COLLATERAL,4.0,1,2,2,0.6108407343567581,1961.951888197041,0.9809759440985205,38.048111802959056,0.0,9321.804157226868,11153.031720836769,False,0.8,,50.0,0.05
sweep_01944,186,DAILY_0001,5,1000.0,0.9,0.2,False,True,BEHAVIORAL_DEFAULT_SURPLUS_COLLATERAL,3.0,1,0,0,0.2295668026988248,3000.0,1.0,0.0,180.3860035692992,6559.983069571281,10672.684643851482,False,0.8,,50.0,0.05
sweep_01945,187,DAILY_0001,5,1000.0,0.9,0.2,False,True,BEHAVIORAL_DEFAULT_SURPLUS_COLLATERAL,4.0,1,2,2,0.6108407343567581,2000.0,1.0,0.0,118.36735755271502,9703.856181907031,11246.26081732426,False,0.8,,50.0,0.05
sweep_01946,188,DAILY_0001,5,1000.0,0.9,0.2,False,True,BEHAVIORAL_DEFAULT_SURPLUS_COLLATERAL,5.0,1,2,2,0.6108407343567581,1000.0,1.0,0.0,2001.875474352013,13167.848974053273,12382.924651485151,False,0.8,,50.0,0.05
sweep_01947,189,DAILY_0001,5,1000.0,0.9,0.2,True,False,,,0,2,2,0.6108407343567581,0.0,1.0,0.0,0.0,17458.454152212147,12616.66077859262,False,1.0,,50.0,0.05
sweep_01948,190,DAILY_0001,5,1000.0,0.9,0.2,False,True,BEHAVIORAL_DEFAULT_SURPLUS_COLLATERAL,4.0,1,2,2,0.6108407343567581,2000.0,1.0,0.0,1655.7082402909941,9384.639416814975,11094.505411270035,False,0.8,,50.0,0.05
sweep_01949,191,DAILY_0001,5,1000.0,0.9,0.2,True,False,,,0,2,2,0.6108407343567581,0.0,1.0,0.0,0.0,16741.237276910877,12119.29658509358,False,1.0,,50.0,0.05
sweep_01950,42,DAILY_0001,5,1000.0,0.9,0.2,True,False,,,0,2,2,0.6108407343567581,0.0,1.0,0.0,0.0,17143.15024973444,12328.609954468993,False,1.0,,100.0,0.05
sweep_01951,43,DAILY_0001,5,1000.0,0.9,0.2,True,False,,,0,2,2,0.6108407343567581,0.0,1.0,0.0,0.0,16683.664856290503,12134.629033596892,False,1.0,,100.0,0.05
sweep_01952,44,DAILY_0001,5,1000.0,0.9,0.2,True,False,,,0,2,2,0.6108407343567581,0.0,1.0,0.0,0.0,16963.961355801184,12421.52822244412,False,1.0,,100.0,0.05
sweep_01953,45,DAILY_0001,5,1000.0,0.9,0.2,False,True,BEHAVIORAL_DEFAULT_SURPLUS_COLLATERAL,5.0,1,2,2,0.6108407343567581,1000.0,1.0,0.0,4277.203554327056,12896.079661440042,12245.675368845827,False,0.8,,100.0,0.05
sweep_01954,46,DAILY_0001,5,1000.0,0.9,0.2,True,False,,,0,2,2,0.6108407343567581,0.0,1.0,0.0,0.0,16307.234970412434,11913.804851494917,False,1.0,,100.0,0.05
sweep_01955,47,DAILY_0001,5,1000.0,0.9,0.2,True,False,,,0,2,2,0.6108407343567581,0.0,1.0,0.0,0.0,17175.220923270765,12483.303795657535,False,1.0,,100.0,0.05
sweep_01956,48,DAILY_0001,5,1000.0,0.9,0.2,False,True,BEHAVIORAL_DEFAULT_SURPLUS_COLLATERAL,3.0,1,0,0,0.2295668026988248,3000.0,1.0,0.0,141.761899372048,6384.596399760172,10573.711195183496,False,0.8,,100.0,0.05
sweep_01957,49,DAILY_0001,5,1000.0,0.9,0.2,True,False,,,0,2,2,0.6108407343567581,0.0,1.0,0.0,0.0,17411.6649980281,12670.148996799895,False,1.0,,100.0,0.05
sweep_01958,50,DAILY_0001,5,1000.0,0.9,0.2,True,False,,,0,2,2,0.6108407343567581,0.0,1.0,0.0,0.0,16470.071539501125,12014.642225607146,False,1.0,,100.0,0.05
sweep_01959,51,DAILY_0001,5,1000.0,0.9,0.2,True,False,,,0,2,2,0.6108407343567581,0.0,1.0,0.0,0.0,16553.917458671152,11912.976906190897,False,1.0,,100.0,0.05
sweep_01960,52,DAILY_0001,5,1000.0,0.9,0.2,False,True,BEHAVIORAL_DEFAULT_SURPLUS_COLLATERAL,5.0,1,2,2,0.6108407343567581,1000.0,1.0,0.0,4129.647912826875,13756.613367327447,12834.150011737482,False,0.8,,100.0,0.05
sweep_01961,53,DAILY_0001,5,1000.0,0.9,0.2,False,True,BEHAVIORAL_DEFAULT_SURPLUS_COLLATERAL,5.0,1,2,2,0.6108407343567581,1000.0,1.0,0.0,4209.8484621828275,12961.478326267516,12396.85780736234,False,0.8,,100.0,0.05
sweep_01962,54,DAILY_0001,5,1000.0,0.9,0.2,False,True,BEHAVIORAL_DEFAULT_INSUFFICIENT_COLLATERAL,5.0,1,2,2,0.6108407343567581,930.7106913239862,0.9307106913239862,69.28930867601377,0.0,12569.941496225256,12238.031347576853,False,0.8,,100.0,0.05
sweep_01963,55,DAILY_0001,5,1000.0,0.9,0.2,False,True,BEHAVIORAL_DEFAULT_SURPLUS_COLLATERAL,5.0,1,2,2,0.6108407343567581,1000.0,1.0,0.0,2010.3312034362948,13020.111295967612,12295.910691604533,False,0.8,,100.0,0.05
sweep_01964,56,DAILY_0001,5,1000.0,0.9,0.2,False,True,BEHAVIORAL_DEFAULT_SURPLUS_COLLATERAL,5.0,1,2,2,0.6108407343567581,1000.0,1.0,0.0,1960.0705136411057,12704.486967871519,12177.674787163876,False,0.8,,100.0,0.05
sweep_01965,57,DAILY_0001,5,1000.0,0.9,0.2,True,False,,,0,2,2,0.6108407343567581,0.0,1.0,0.0,0.0,16629.925622068513,12010.52281897759,False,1.0,,100.0,0.05
sweep_01966,58,DAILY_0001,5,1000.0,0.9,0.2,True,False,,,0,2,2,0.6108407343567581,0.0,1.0,0.0,0.0,17118.252725129587,12509.212382866675,False,1.0,,100.0,0.05
sweep_01967,59,DAILY_0001,5,1000.0,0.9,0.2,False,True,BEHAVIORAL_DEFAULT_INSUFFICIENT_COLLATERAL,4.0,1,2,2,0.6108407343567581,1943.3185982198693,0.9716592991099346,56.68140178013073,0.0,9396.14470761244,11247.741655120084,False,0.8,,100.0,0.05
sweep_01968,60,DAILY_0001,5,1000.0,0.9,0.2,True,False,,,0,2,2,0.6108407343567581,0.0,1.0,0.0,0.0,16890.892442598783,12252.423245690936,False,1.0,,100.0,0.05
sweep_01969,61,DAILY_0001,5,1000.0,0.9,0.2,True,False,,,0,2,2,0.6108407343567581,0.0,1.0,0.0,0.0,17049.548692196306,12444.377165578517,False,1.0,,100.0,0.05
sweep_01970,62,DAILY_0001,5,1000.0,0.9,0.2,True,False,,,0,2,2,0.6108407343567581,0.0,1.0,0.0,0.0,16688.163188009137,12208.60375343416,False,1.0,,100.0,0.05
sweep_01971,63,DAILY_0001,5,1000.0,0.9,0.2,False,True,BEHAVIORAL_DEFAULT_SURPLUS_COLLATERAL,5.0,1,2,2,0.6108407343567581,1000.0,1.0,0.0,1982.5508708269908,12560.781626539678,12168.722313077602,False,0.8,,100.0,0.05
sweep_01972,64,DAILY_0001,5,1000.0,0.9,0.2,False,True,BEHAVIORAL_DEFAULT_SURPLUS_COLLATERAL,3.0,1,0,0,0.2295668026988248,3000.0,1.0,0.0,2360.911165151282,6151.058035452796,10426.010661930803,False,0.8,,100.0,0.05
sweep_01973,65,DAILY_0001,5,1000.0,0.9,0.2,False,True,BEHAVIORAL_DEFAULT_SURPLUS_COLLATERAL,2.0,1,0,0,0.0802993013430624,4000.0,1.0,0.0,618.8314809316225,3099.9623073224475,4712.344192792166,False,0.8,,100.0,0.05
sweep_01974,66,DAILY_0001,5,1000.0,0.9,0.2,True,False,,,0,2,2,0.6108407343567581,0.0,1.0,0.0,0.0,17056.111050431617,12368.254329694068,False,1.0,,100.0,0.05
sweep_01975,67,DAILY_0001,5,1000.0,0.9,0.2,True,False,,,0,2,2,0.6108407343567581,0.0,1.0,0.0,0.0,17358.7323024141,12504.340819345054,False,1.0,,100.0,0.05
sweep_01976,68,DAILY_0001,5,1000.0,0.9,0.2,False,True,BEHAVIORAL_DEFAULT_INSUFFICIENT_COLLATERAL,4.0,1,2,2,0.6108407343567581,1975.6099700213185,0.9878049850106593,24.39002997868147,0.0,9384.172146377827,11182.300788816377,False,0.8,,100.0,0.05
sweep_01977,69,DAILY_0001,5,1000.0,0.9,0.2,False,True,BEHAVIORAL_DEFAULT_SURPLUS_COLLATERAL,3.0,1,0,0,0.2295668026988248,3000.0,1.0,0.0,102.70663815640592,6254.764509256824,10529.359659380703,False,0.8,,100.0,0.05
sweep_01978,70,DAILY_0001,5,1000.0,0.9,0.2,True,False,,,0,2,2,0.6108407343567581,0.0,1.0,0.0,0.0,18008.300555488746,12793.752566389765,False,1.0,,100.0,0.05
sweep_01979,71,DAILY_0001,5,1000.0,0.9,0.2,True,False,,,0,3,3,0.6108407343567581,0.0,1.0,0.0,0.0,17077.07193201092,12382.856622079504,False,1.0,,100.0,0.05
sweep_01980,72,DAILY_0001,5,1000.0,0.9,0.2,False,True,BEHAVIORAL_DEFAULT_INSUFFICIENT_COLLATERAL,5.0,1,2,2,0.6108407343567581,970.6873064432409,0.9706873064432409,29.312693556759086,0.0,12739.57666014175,12112.193201151049,False,0.8,,100.0,0.05
sweep_01981,73,DAILY_0001,5,1000.0,0.9,0.2,True,False,,,0,2,2,0.6108407343567581,0.0,1.0,0.0,0.0,16909.5959464029,12314.01798633395,False,1.0,,100.0,0.05
sweep_01982,74,DAILY_0001,5,1000.0,0.9,0.2,False,True,BEHAVIORAL_DEFAULT_SURPLUS_COLLATERAL,3.0,1,0,0,0.2295668026988248,3000.0,1.0,0.0,2397.285083110737,6142.21535254676,10453.027108759727,False,0.8,,100.0,0.05
sweep_01983,75,DAILY_0001,5,1000.0,0.9,0.2,True,False,,,0,2,2,0.6108407343567581,0.0,1.0,0.0,0.0,16697.360309291158,12156.060177936637,False,1.0,,100.0,0.05
sweep_01984,76,DAILY_0001,5,1000.0,0.9,0.2,True,False,,,0,2,2,0.6108407343567581,0.0,1.0,0.0,0.0,16671.801168191498,12308.96192791157,False,1.0,,100.0,0.05
sweep_01985,77,DAILY_0001,5,1000.0,0.9,0.2,True,False,,,0,2,2,0.6108407343567581,0.0,1.0,0.0,0.0,16763.124564751575,12244.38393809185,False,1.0,,100.0,0.05
sweep_01986,78,DAILY_0001,5,1000.0,0.9,0.2,True,False,,,0,2,2,0.6108407343567581,0.0,1.0,0.0,0.0,16719.51222653161,12223.296523781913,False,1.0,,100.0,0.05
sweep_01987,79,DAILY_0001,5,1000.0,0.9,0.2,True,False,,,0,2,2,0.6108407343567581,0.0,1.0,0.0,0.0,16476.77247232043,12003.333460868744,False,1.0,,100.0,0.05
sweep_01988,80,DAILY_0001,5,1000.0,0.9,0.2,True,False,,,0,2,2,0.6108407343567581,0.0,1.0,0.0,0.0,16187.427798734678,11885.023850535867,False,1.0,,100.0,0.05
sweep_01989,81,DAILY_0001,5,1000.0,0.9,0.2,True,False,,,0,2,2,0.6108407343567581,0.0,1.0,0.0,0.0,17261.26216002694,12477.1692267833,False,1.0,,100.0,0.05
sweep_01990,82,DAILY_0001,5,1000.0,0.9,0.2,True,False,,,0,2,2,0.6108407343567581,0.0,1.0,0.0,0.0,17428.23657344996,12737.8471825686,False,1.0,,100.0,0.05
sweep_01991,83,DAILY_0001,5,1000.0,0.9,0.2,False,True,BEHAVIORAL_DEFAULT_SURPLUS_COLLATERAL,5.0,1,2,2,0.6108407343567581,1000.0,1.0,0.0,151.59541730106093,13023.010849409744,12314.418327219259,False,0.8,,100.0,0.05
sweep_01992,84,DAILY_0001,5,1000.0,0.9,0.2,False,True,BEHAVIORAL_DEFAULT_SURPLUS_COLLATERAL,3.0,1,0,0,0.2295668026988248,3000.0,1.0,0.0,118.75839532210603,6504.624246924773,10778.058233464106,False,0.8,,100.0,0.05
sweep_01993,85,DAILY_0001,5,1000.0,0.9,0.2,False,True,BEHAVIORAL_DEFAULT_SURPLUS_COLLATERAL,4.0,1,2,2,0.6108407343567581,2000.0,1.0,0.0,6.731243527502102,9644.511591981416,11206.409830756596,False,0.8,,100.0,0.05
sweep_01994,86,DAILY_0001,5,1000.0,0.9,0.2,True,False,,,0,2,2,0.6108407343567581,0.0,1.0,0.0,0.0,17346.9008892341,12577.9850362605,False,1.0,,100.0,0.05
sweep_01995,87,DAILY_0001,5,1000.0,0.9,0.2,True,False,,,0,2,2,0.6108407343567581,0.0,1.0,0.0,0.0,16887.21410701461,12246.154920699924,False,1.0,,100.0,0.05
sweep_01996,88,DAILY_0001,5,1000.0,0.9,0.2,False,True,BEHAVIORAL_DEFAULT_SURPLUS_COLLATERAL,3.0,1,0,0,0.2295668026988248,3000.0,1.0,0.0,2358.127268700732,6598.059130640779,10681.731971845216,False,0.8,,100.0,0.05
sweep_01997,89,DAILY_0001,5,1000.0,0.9,0.2,True,False,,,0,2,2,0.6108407343567581,0.0,1.0,0.0,0.0,16483.760527058344,12148.603989862391,False,1.0,,100.0,0.05
sweep_01998,90,DAILY_0001,5,1000.0,0.9,0.2,False,True,BEHAVIORAL_DEFAULT_SURPLUS_COLLATERAL,4.0,1,2,2,0.6108407343567581,2000.0,1.0,0.0,1657.8713857742491,9428.143344053857,11224.278613749715,False,0.8,,100.0,0.05
sweep_01999,91,DAILY_0001,5,1000.0,0.9,0.2,True,False,,,0,2,2,0.6108407343567581,0.0,1.0,0.0,0.0,16432.64453049189,12197.283570643403,False,1.0,,100.0,0.05
sweep_02000,92,DAILY_0001,5,1000.0,0.9,0.2,True,False,,,0,2,2,0.6108407343567581,0.0,1.0,0.0,0.0,16541.46983637411,12097.026067078865,False,1.0,,100.0,0.05
sweep_02001,93,DAILY_0001,5,1000.0,0.9,0.2,False,True,BEHAVIORAL_DEFAULT_SURPLUS_COLLATERAL,3.0,1,0,0,0.2295668026988248,3000.0,1.0,0.0,147.70929813755174,7022.911645595454,11305.94538391315,False,0.8,,100.0,0.05
sweep_02002,94,DAILY_0001,5,1000.0,0.9,0.2,True,False,,,0,2,2,0.6108407343567581,0.0,1.0,0.0,0.0,16816.49136159871,12271.815362980702,False,1.0,,100.0,0.05
sweep_02003,95,DAILY_0001,5,1000.0,0.9,0.2,True,False,,,0,2,2,0.6108407343567581,0.0,1.0,0.0,0.0,17545.744689882886,12620.323971741702,False,1.0,,100.0,0.05
sweep_02004,96,DAILY_0001,5,1000.0,0.9,0.2,True,False,,,0,2,2,0.6108407343567581,0.0,1.0,0.0,0.0,17272.505142960632,12320.767409793169,False,1.0,,100.0,0.05
sweep_02005,97,DAILY_0001,5,1000.0,0.9,0.2,True,False,,,0,2,2,0.6108407343567581,0.0,1.0,0.0,0.0,17205.00493267573,12389.386794054619,False,1.0,,100.0,0.05
sweep_02006,98,DAILY_0001,5,1000.0,0.9,0.2,True,False,,,0,2,2,0.6108407343567581,0.0,1.0,0.0,0.0,17117.740576801672,12477.957259747327,False,1.0,,100.0,0.05
sweep_02007,99,DAILY_0001,5,1000.0,0.9,0.2,False,True,BEHAVIORAL_DEFAULT_SURPLUS_COLLATERAL,4.0,1,2,2,0.6108407343567581,2000.0,1.0,0.0,1656.8041294857949,9546.407766635395,11228.402189806411,False,0.8,,100.0,0.05
sweep_02008,100,DAILY_0001,5,1000.0,0.9,0.2,True,False,,,0,2,2,0.6108407343567581,0.0,1.0,0.0,0.0,17296.288473944063,12579.71637576145,False,1.0,,100.0,0.05
sweep_02009,101,DAILY_0001,5,1000.0,0.9,0.2,False,True,BEHAVIORAL_DEFAULT_SURPLUS_COLLATERAL,5.0,1,2,2,0.6108407343567581,1000.0,1.0,0.0,1646.7340201906563,13094.897102232273,12467.320839954424,False,0.8,,100.0,0.05
sweep_02010,102,DAILY_0001,5,1000.0,0.9,0.2,False,True,BEHAVIORAL_DEFAULT_SURPLUS_COLLATERAL,5.0,1,2,2,0.6108407343567581,1000.0,1.0,0.0,4351.16836094369,13315.718463742422,12679.273295253402,False,0.8,,100.0,0.05
sweep_02011,103,DAILY_0001,5,1000.0,0.9,0.2,False,True,BEHAVIORAL_DEFAULT_SURPLUS_COLLATERAL,4.0,1,2,2,0.6108407343567581,2000.0,1.0,0.0,227.54954698954953,9410.055771571677,11187.565434006005,False,0.8,,100.0,0.05
sweep_02012,104,DAILY_0001,5,1000.0,0.9,0.2,True,False,,,0,2,2,0.6108407343567581,0.0,1.0,0.0,0.0,16965.565545296653,12221.136353446753,False,1.0,,100.0,0.05
sweep_02013,105,DAILY_0001,5,1000.0,0.9,0.2,False,True,BEHAVIORAL_DEFAULT_SURPLUS_COLLATERAL,4.0,1,2,2,0.6108407343567581,2000.0,1.0,0.0,1660.4334263196497,10112.068977480729,11408.285612524138,False,0.8,,100.0,0.05
sweep_02014,106,DAILY_0001,5,1000.0,0.9,0.2,False,True,BEHAVIORAL_DEFAULT_SURPLUS_COLLATERAL,5.0,1,2,2,0.6108407343567581,1000.0,1.0,0.0,246.3440478747484,13317.118454353504,12484.962990089925,False,0.8,,100.0,0.05
sweep_02015,107,DAILY_0001,5,1000.0,0.9,0.2,False,True,BEHAVIORAL_DEFAULT_SURPLUS_COLLATERAL,4.0,1,2,2,0.6108407343567581,2000.0,1.0,0.0,236.50011220894248,9504.711727327722,11108.144250868372,False,0.8,,100.0,0.05
sweep_02016,108,DAILY_0001,5,1000.0,0.9,0.2,False,True,BEHAVIORAL_DEFAULT_SURPLUS_COLLATERAL,4.0,1,2,2,0.6108407343567581,2000.0,1.0,0.0,1658.6083119324785,9229.632260373746,11180.860256054335,False,0.8,,100.0,0.05
sweep_02017,109,DAILY_0001,5,1000.0,0.9,0.2,True,False,,,0,2,2,0.6108407343567581,0.0,1.0,0.0,0.0,17097.560018571552,12393.64260474442,False,1.0,,100.0,0.05
sweep_02018,110,DAILY_0001,5,1000.0,0.9,0.2,True,False,,,0,2,2,0.6108407343567581,0.0,1.0,0.0,0.0,17252.145983174083,12584.571173271637,False,1.0,,100.0,0.05
sweep_02019,111,DAILY_0001,5,1000.0,0.9,0.2,False,True,BEHAVIORAL_DEFAULT_SURPLUS_COLLATERAL,5.0,1,2,2,0.6108407343567581,1000.0,1.0,0.0,1537.6892452742627,13005.811951455453,12250.955484947088,False,0.8,,100.0,0.05
sweep_02020,112,DAILY_0001,5,1000.0,0.9,0.2,True,False,,,0,2,2,0.6108407343567581,0.0,1.0,0.0,0.0,16909.07625773677,12302.748929207784,False,1.0,,100.0,0.05
sweep_02021,113,DAILY_0001,5,1000.0,0.9,0.2,False,True,BEHAVIORAL_DEFAULT_SURPLUS_COLLATERAL,3.0,1,0,0,0.2295668026988248,3000.0,1.0,0.0,175.02071748062735,6623.312533026473,10761.789265145908,False,0.8,,100.0,0.05
sweep_02022,114,DAILY_0001,5,1000.0,0.9,0.2,False,True,BEHAVIORAL_DEFAULT_SURPLUS_COLLATERAL,3.0,1,0,0,0.2295668026988248,3000.0,1.0,0.0,88.2488958484746,6121.454939968626,10412.955908788404,False,0.8,,100.0,0.05
sweep_02023,115,DAILY_0001,5,1000.0,0.9,0.2,True,False,,,0,2,2,0.6108407343567581,0.0,1.0,0.0,0.0,16756.555719327873,12013.16469548059,False,1.0,,100.0,0.05
sweep_02024,116,DAILY_0001,5,1000.0,0.9,0.2,False,True,BEHAVIORAL_DEFAULT_SURPLUS_COLLATERAL,3.0,1,0,0,0.2295668026988248,3000.0,1.0,0.0,2529.417246215481,6397.070943819939,10716.920429238171,False,0.8,,100.0,0.05
sweep_02025,117,DAILY_0001,5,1000.0,0.9,0.2,False,True,BEHAVIORAL_DEFAULT_SURPLUS_COLLATERAL,2.0,1,0,0,0.0802993013430624,4000.0,1.0,0.0,652.5975871088904,3189.4444401873525,4749.209496645109,False,0.8,,100.0,0.05
sweep_02026,118,DAILY_0001,5,1000.0,0.9,0.2,True,False,,,0,2,2,0.6108407343567581,0.0,1.0,0.0,0.0,16908.748437966286,12349.796213127625,False,1.0,,100.0,0.05
sweep_02027,119,DAILY_0001,5,1000.0,0.9,0.2,True,False,,,0,2,2,0.6108407343567581,0.0,1.0,0.0,0.0,16730.031620694273,12290.688872729785,False,1.0,,100.0,0.05
sweep_02028,120,DAILY_0001,5,1000.0,0.9,0.2,True,False,,,0,2,2,0.6108407343567581,0.0,1.0,0.0,0.0,17299.20314416707,12700.64583624569,False,1.0,,100.0,0.05
sweep_02029,121,DAILY_0001,5,1000.0,0.9,0.2,False,True,BEHAVIORAL_DEFAULT_SURPLUS_COLLATERAL,4.0,1,2,2,0.6108407343567581,2000.0,1.0,0.0,1656.8085603361433,9287.607451281923,11114.380521657811,False,0.8,,100.0,0.05
sweep_02030,122,DAILY_0001,5,1000.0,0.9,0.2,True,False,,,0,2,2,0.6108407343567581,0.0,1.0,0.0,0.0,16786.425779314144,12309.187635960598,False,1.0,,100.0,0.05
sweep_02031,123,DAILY_0001,5,1000.0,0.9,0.2,False,True,BEHAVIORAL_DEFAULT_SURPLUS_COLLATERAL,4.0,1,2,2,0.6108407343567581,2000.0,1.0,0.0,1658.6457282157417,10213.097259473365,11433.973638486299,False,0.8,,100.0,0.05
sweep_02032,124,DAILY_0001,5,1000.0,0.9,0.2,True,False,,,0,2,2,0.6108407343567581,0.0,1.0,0.0,0.0,17378.096470344266,12552.878572157055,False,1.0,,100.0,0.05
sweep_02033,125,DAILY_0001,5,1000.0,0.9,0.2,True,False,,,0,2,2,0.6108407343567581,0.0,1.0,0.0,0.0,17222.14785778652,12490.977478457135,False,1.0,,100.0,0.05
sweep_02034,126,DAILY_0001,5,1000.0,0.9,0.2,False,True,BEHAVIORAL_DEFAULT_SURPLUS_COLLATERAL,3.0,1,0,0,0.2295668026988248,3000.0,1.0,0.0,2604.4709144309736,6608.331218475114,10905.224682183896,False,0.8,,100.0,0.05
sweep_02035,127,DAILY_0001,5,1000.0,0.9,0.2,True,False,,,0,2,2,0.6108407343567581,0.0,1.0,0.0,0.0,17068.994068195138,12395.536573244708,False,1.0,,100.0,0.05
sweep_02036,128,DAILY_0001,5,1000.0,0.9,0.2,True,False,,,0,2,2,0.6108407343567581,0.0,1.0,0.0,0.0,17380.160876094935,12430.479225297226,False,1.0,,100.0,0.05
sweep_02037,129,DAILY_0001,5,1000.0,0.9,0.2,True,False,,,0,2,2,0.6108407343567581,0.0,1.0,0.0,0.0,16680.988802965425,12119.530092838228,False,1.0,,100.0,0.05
sweep_02038,130,DAILY_0001,5,1000.0,0.9,0.2,False,True,BEHAVIORAL_DEFAULT_SURPLUS_COLLATERAL,5.0,1,2,2,0.6108407343567581,1000.0,1.0,0.0,2007.1692632841814,12730.738840773127,12233.263082346346,False,0.8,,100.0,0.05
sweep_02039,131,DAILY_0001,5,1000.0,0.9,0.2,False,True,BEHAVIORAL_DEFAULT_SURPLUS_COLLATERAL,4.0,1,2,2,0.6108407343567581,2000.0,1.0,0.0,1657.715440063991,9894.940183776958,11273.8218443669,False,0.8,,100.0,0.05
sweep_02040,132,DAILY_0001,5,1000.0,0.9,0.2,False,True,BEHAVIORAL_DEFAULT_INSUFFICIENT_COLLATERAL,4.0,1,2,2,0.6108407343567581,1977.8628540909287,0.9889314270454643,22.13714590907125,0.0,9452.061028387478,11141.96248775481,False,0.8,,100.0,0.05
sweep_02041,133,DAILY_0001,5,1000.0,0.9,0.2,False,True,BEHAVIORAL_DEFAULT_SURPLUS_COLLATERAL,2.0,1,0,0,0.0802993013430624,4000.0,1.0,0.0,599.9009924383035,3049.7954187370806,4691.67618308068,False,0.8,,100.0,0.05
sweep_02042,134,DAILY_0001,5,1000.0,0.9,0.2,False,True,BEHAVIORAL_DEFAULT_SURPLUS_COLLATERAL,3.0,1,0,0,0.2295668026988248,3000.0,1.0,0.0,164.06544368987852,6618.547990000483,10786.475046609721,False,0.8,,100.0,0.05
sweep_02043,135,DAILY_0001,5,1000.0,0.9,0.2,True,False,,,0,2,2,0.6108407343567581,0.0,1.0,0.0,0.0,17308.180105341366,12501.3411416792,False,1.0,,100.0,0.05
sweep_02044,136,DAILY_0001,5,1000.0,0.9,0.2,False,True,BEHAVIORAL_DEFAULT_SURPLUS_COLLATERAL,5.0,1,2,2,0.6108407343567581,1000.0,1.0,0.0,1607.3333618076672,12439.168673732074,12032.677599505081,False,0.8,,100.0,0.05
sweep_02045,137,DAILY_0001,5,1000.0,0.9,0.2,False,True,BEHAVIORAL_DEFAULT_SURPLUS_COLLATERAL,4.0,1,2,2,0.6108407343567581,2000.0,1.0,0.0,137.94086825218892,9538.559186760156,11230.995975391885,False,0.8,,100.0,0.05
sweep_02046,138,DAILY_0001,5,1000.0,0.9,0.2,False,True,BEHAVIORAL_DEFAULT_INSUFFICIENT_COLLATERAL,5.0,1,2,2,0.6108407343567581,910.8264647676706,0.9108264647676706,89.17353523232941,0.0,12533.99100881035,12074.357905334273,False,0.8,,100.0,0.05
sweep_02047,139,DAILY_0001,5,1000.0,0.9,0.2,False,True,BEHAVIORAL_DEFAULT_SURPLUS_COLLATERAL,2.0,1,0,0,0.0802993013430624,4000.0,1.0,0.0,623.051276527658,3111.145009532911,4716.9512992802065,False,0.8,,100.0,0.05
sweep_02048,140,DAILY_0001,5,1000.0,0.9,0.2,False,True,BEHAVIORAL_DEFAULT_SURPLUS_COLLATERAL,2.0,1,0,0,0.0802993013430624,4000.0,1.0,0.0,642.0438393712002,3161.476398733924,4737.687080791332,False,0.8,,100.0,0.05
sweep_02049,141,DAILY_0001,5,1000.0,0.9,0.2,True,False,,,0,2,2,0.6108407343567581,0.0,1.0,0.0,0.0,17185.12705013151,12408.107755898902,False,1.0,,100.0,0.05
sweep_02050,142,DAILY_0001,5,1000.0,0.9,0.2,False,True,BEHAVIORAL_DEFAULT_SURPLUS_COLLATERAL,2.0,1,0,0,0.0802993013430624,4000.0,1.0,0.0,643.8700207535367,3166.3158849403544,4739.680876913307,False,0.8,,100.0,0.05
sweep_02051,143,DAILY_0001,5,1000.0,0.9,0.2,True,False,,,0,2,2,0.6108407343567581,0.0,1.0,0.0,0.0,16445.290904199723,12140.10509107486,False,1.0,,100.0,0.05
sweep_02052,144,DAILY_0001,5,1000.0,0.9,0.2,True,False,,,0,2,2,0.6108407343567581,0.0,1.0,0.0,0.0,17343.411988435073,12615.22261250703,False,1.0,,100.0,0.05
sweep_02053,145,DAILY_0001,5,1000.0,0.9,0.2,True,False,,,0,2,2,0.6108407343567581,0.0,1.0,0.0,0.0,17193.72751399906,12553.2162024227,False,1.0,,100.0,0.05
sweep_02054,146,DAILY_0001,5,1000.0,0.9,0.2,True,False,,,0,2,2,0.6108407343567581,0.0,1.0,0.0,0.0,16193.924104929843,11872.23535863165,False,1.0,,100.0,0.05
sweep_02055,147,DAILY_0001,5,1000.0,0.9,0.2,False,True,BEHAVIORAL_DEFAULT_SURPLUS_COLLATERAL,4.0,1,2,2,0.6108407343567581,2000.0,1.0,0.0,38.0236036800452,9889.107754331599,11279.82271208066,False,0.8,,100.0,0.05
sweep_02056,148,DAILY_0001,5,1000.0,0.9,0.2,True,False,,,0,2,2,0.6108407343567581,0.0,1.0,0.0,0.0,17096.666287603017,12495.055269695351,False,1.0,,100.0,0.05
sweep_02057,149,DAILY_0001,5,1000.0,0.9,0.2,False,True,BEHAVIORAL_DEFAULT_INSUFFICIENT_COLLATERAL,4.0,1,2,2,0.6108407343567581,1942.2273749778433,0.9711136874889217,57.77262502215672,0.0,9814.02173860668,11407.858328695507,False,0.8,,100.0,0.05
sweep_02058,150,DAILY_0001,5,1000.0,0.9,0.2,True,False,,,0,2,2,0.6108407343567581,0.0,1.0,0.0,0.0,16546.279710931314,12167.278913143586,False,1.0,,100.0,0.05
sweep_02059,151,DAILY_0001,5,1000.0,0.9,0.2,False,True,BEHAVIORAL_DEFAULT_SURPLUS_COLLATERAL,5.0,1,2,2,0.6108407343567581,1000.0,1.0,0.0,1802.9378918357488,13335.570209326292,12591.985656468689,False,0.8,,100.0,0.05
sweep_02060,152,DAILY_0001,5,1000.0,0.9,0.2,True,False,,,0,2,2,0.6108407343567581,0.0,1.0,0.0,0.0,17093.36930493184,12474.576330218559,False,1.0,,100.0,0.05
sweep_02061,153,DAILY_0001,5,1000.0,0.9,0.2,True,False,,,0,2,2,0.6108407343567581,0.0,1.0,0.0,0.0,16508.84948067981,11988.551295121702,False,1.0,,100.0,0.05
sweep_02062,154,DAILY_0001,5,1000.0,0.9,0.2,True,False,,,0,2,2,0.6108407343567581,0.0,1.0,0.0,0.0,16928.440090342658,12262.963278439269,False,1.0,,100.0,0.05
sweep_02063,155,DAILY_0001,5,1000.0,0.9,0.2,False,True,BEHAVIORAL_DEFAULT_SURPLUS_COLLATERAL,3.0,1,0,0,0.2295668026988248,3000.0,1.0,0.0,2480.4814770722596,6224.123226178908,10573.810996312835,False,0.8,,100.0,0.05
sweep_02064,156,DAILY_0001,5,1000.0,0.9,0.2,True,False,,,0,2,2,0.6108407343567581,0.0,1.0,0.0,0.0,16822.870383115638,12275.517083811535,False,1.0,,100.0,0.05
sweep_02065,157,DAILY_0001,5,1000.0,0.9,0.2,False,True,BEHAVIORAL_DEFAULT_SURPLUS_COLLATERAL,3.0,1,0,0,0.2295668026988248,3000.0,1.0,0.0,94.11224304649431,6313.283449869156,10621.745486330306,False,0.8,,100.0,0.05
sweep_02066,158,DAILY_0001,5,1000.0,0.9,0.2,True,False,,,0,2,2,0.6108407343567581,0.0,1.0,0.0,0.0,17327.297792749472,12451.590873372386,False,1.0,,100.0,0.05
sweep_02067,159,DAILY_0001,5,1000.0,0.9,0.2,True,False,,,0,2,2,0.6108407343567581,0.0,1.0,0.0,0.0,17547.075472215663,12672.692959229018,False,1.0,,100.0,0.05
sweep_02068,160,DAILY_0001,5,1000.0,0.9,0.2,False,True,BEHAVIORAL_DEFAULT_SURPLUS_COLLATERAL,5.0,1,2,2,0.6108407343567581,1000.0,1.0,0.0,4232.643322522342,13559.294233579409,12536.284640827665,False,0.8,,100.0,0.05
sweep_02069,161,DAILY_0001,5,1000.0,0.9,0.2,True,False,,,0,2,2,0.6108407343567581,0.0,1.0,0.0,0.0,16722.38973114001,12113.250298542398,False,1.0,,100.0,0.05
sweep_02070,162,DAILY_0001,5,1000.0,0.9,0.2,False,True,BEHAVIORAL_DEFAULT_SURPLUS_COLLATERAL,3.0,1,0,0,0.2295668026988248,3000.0,1.0,0.0,2358.2555042350414,6099.333759251945,10393.790273796872,False,0.8,,100.0,0.05
sweep_02071,163,DAILY_0001,5,1000.0,0.9,0.2,True,False,,,0,2,2,0.6108407343567581,0.0,1.0,0.0,0.0,17276.966005569957,12584.301881506964,False,1.0,,100.0,0.05
sweep_02072,164,DAILY_0001,5,1000.0,0.9,0.2,True,False,,,0,2,2,0.6108407343567581,0.0,1.0,0.0,0.0,17233.351687522765,12446.051265665195,False,1.0,,100.0,0.05
sweep_02073,165,DAILY_0001,5,1000.0,0.9,0.2,True,False,,,0,2,2,0.6108407343567581,0.0,1.0,0.0,0.0,16913.7215097475,12219.9217591532,False,1.0,,100.0,0.05
sweep_02074,166,DAILY_0001,5,1000.0,0.9,0.2,False,True,BEHAVIORAL_DEFAULT_SURPLUS_COLLATERAL,5.0,1,2,2,0.6108407343567581,1000.0,1.0,0.0,1961.9598100825247,13275.843211445086,12612.697524319252,False,0.8,,100.0,0.05
sweep_02075,167,DAILY_0001,5,1000.0,0.9,0.2,True,False,,,0,2,2,0.6108407343567581,0.0,1.0,0.0,0.0,16859.790773916782,12279.78795511281,False,1.0,,100.0,0.05
sweep_02076,168,DAILY_0001,5,1000.0,0.9,0.2,False,True,BEHAVIORAL_DEFAULT_SURPLUS_COLLATERAL,5.0,1,2,2,0.6108407343567581,1000.0,1.0,0.0,4189.344512803178,12306.50352346156,12001.025098776705,False,0.8,,100.0,0.05
sweep_02077,169,DAILY_0001,5,1000.0,0.9,0.2,False,True,BEHAVIORAL_DEFAULT_SURPLUS_COLLATERAL,5.0,1,2,2,0.6108407343567581,1000.0,1.0,0.0,2004.9512224201999,13383.861734067441,12523.046723987676,False,0.8,,100.0,0.05
sweep_02078,170,DAILY_0001,5,1000.0,0.9,0.2,True,False,,,0,2,2,0.6108407343567581,0.0,1.0,0.0,0.0,17232.159337492943,12364.465884227928,False,1.0,,100.0,0.05
sweep_02079,171,DAILY_0001,5,1000.0,0.9,0.2,True,False,,,0,2,2,0.6108407343567581,0.0,1.0,0.0,0.0,16487.879755940605,11997.519323779565,False,1.0,,100.0,0.05
sweep_02080,172,DAILY_0001,5,1000.0,0.9,0.2,False,True,BEHAVIORAL_DEFAULT_SURPLUS_COLLATERAL,5.0,1,2,2,0.6108407343567581,1000.0,1.0,0.0,153.50159845172993,12754.088913575759,12158.447405534898,False,0.8,,100.0,0.05
sweep_02081,173,DAILY_0001,5,1000.0,0.9,0.2,True,False,,,0,2,2,0.6108407343567581,0.0,1.0,0.0,0.0,16811.936915077735,12322.576242941648,False,1.0,,100.0,0.05
sweep_02082,174,DAILY_0001,5,1000.0,0.9,0.2,True,False,,,0,2,2,0.6108407343567581,0.0,1.0,0.0,0.0,16928.24289810534,12262.313297888231,False,1.0,,100.0,0.05
sweep_02083,175,DAILY_0001,5,1000.0,0.9,0.2,True,False,,,0,2,2,0.6108407343567581,0.0,1.0,0.0,0.0,16822.84112582361,12181.032195160964,False,1.0,,100.0,0.05
sweep_02084,176,DAILY_0001,5,1000.0,0.9,0.2,True,False,,,0,2,2,0.6108407343567581,0.0,1.0,0.0,0.0,16402.90381242599,11978.393388681015,False,1.0,,100.0,0.05
sweep_02085,177,DAILY_0001,5,1000.0,0.9,0.2,False,True,BEHAVIORAL_DEFAULT_SURPLUS_COLLATERAL,2.0,1,0,0,0.0802993013430624,4000.0,1.0,0.0,641.5587580840265,3160.1909052878864,4737.1574766684535,False,0.8,,100.0,0.05
sweep_02086,178,DAILY_0001,5,1000.0,0.9,0.2,True,False,,,0,2,2,0.6108407343567581,0.0,1.0,0.0,0.0,16613.95277706074,12115.601696174794,False,1.0,,100.0,0.05
sweep_02087,179,DAILY_0001,5,1000.0,0.9,0.2,True,False,,,0,2,2,0.6108407343567581,0.0,1.0,0.0,0.0,16825.94357748756,12156.801235726198,False,1.0,,100.0,0.05
sweep_02088,180,DAILY_0001,5,1000.0,0.9,0.2,True,False,,,0,2,2,0.6108407343567581,0.0,1.0,0.0,0.0,17332.698660576734,12411.312319199673,False,1.0,,100.0,0.05
sweep_02089,181,DAILY_0001,5,1000.0,0.9,0.2,False,True,BEHAVIORAL_DEFAULT_SURPLUS_COLLATERAL,4.0,1,2,2,0.6108407343567581,2000.0,1.0,0.0,247.63515458937536,9381.7156603568,11272.15856238994,False,0.8,,100.0,0.05
sweep_02090,182,DAILY_0001,5,1000.0,0.9,0.2,False,True,BEHAVIORAL_DEFAULT_SURPLUS_COLLATERAL,4.0,1,2,2,0.6108407343567581,2000.0,1.0,0.0,198.38634565971688,9613.459796300805,11204.047234371625,False,0.8,,100.0,0.05
sweep_02091,183,DAILY_0001,5,1000.0,0.9,0.2,False,True,BEHAVIORAL_DEFAULT_SURPLUS_COLLATERAL,5.0,1,2,2,0.6108407343567581,1000.0,1.0,0.0,1474.774906238084,12517.895991903359,12038.93890537128,False,0.8,,100.0,0.05
sweep_02092,184,DAILY_0001,5,1000.0,0.9,0.2,True,False,,,0,2,2,0.6108407343567581,0.0,1.0,0.0,0.0,17226.715015370733,12603.41260195067,False,1.0,,100.0,0.05
sweep_02093,185,DAILY_0001,5,1000.0,0.9,0.2,False,True,BEHAVIORAL_DEFAULT_INSUFFICIENT_COLLATERAL,4.0,1,2,2,0.6108407343567581,1961.951888197041,0.9809759440985205,38.048111802959056,0.0,9321.804157226868,11153.031720836769,False,0.8,,100.0,0.05
sweep_02094,186,DAILY_0001,5,1000.0,0.9,0.2,False,True,BEHAVIORAL_DEFAULT_SURPLUS_COLLATERAL,3.0,1,0,0,0.2295668026988248,3000.0,1.0,0.0,180.3860035692992,6559.983069571281,10672.684643851482,False,0.8,,100.0,0.05
sweep_02095,187,DAILY_0001,5,1000.0,0.9,0.2,False,True,BEHAVIORAL_DEFAULT_SURPLUS_COLLATERAL,4.0,1,2,2,0.6108407343567581,2000.0,1.0,0.0,118.36735755271502,9703.856181907031,11246.26081732426,False,0.8,,100.0,0.05
sweep_02096,188,DAILY_0001,5,1000.0,0.9,0.2,False,True,BEHAVIORAL_DEFAULT_SURPLUS_COLLATERAL,5.0,1,2,2,0.6108407343567581,1000.0,1.0,0.0,2001.875474352013,13167.848974053273,12382.924651485151,False,0.8,,100.0,0.05
sweep_02097,189,DAILY_0001,5,1000.0,0.9,0.2,True,False,,,0,2,2,0.6108407343567581,0.0,1.0,0.0,0.0,17458.454152212147,12616.66077859262,False,1.0,,100.0,0.05
sweep_02098,190,DAILY_0001,5,1000.0,0.9,0.2,False,True,BEHAVIORAL_DEFAULT_SURPLUS_COLLATERAL,4.0,1,2,2,0.6108407343567581,2000.0,1.0,0.0,1655.7082402909941,9384.639416814975,11094.505411270035,False,0.8,,100.0,0.05
sweep_02099,191,DAILY_0001,5,1000.0,0.9,0.2,True,False,,,0,2,2,0.6108407343567581,0.0,1.0,0.0,0.0,16741.237276910877,12119.29658509358,False,1.0,,100.0,0.05
sweep_02100,42,DAILY_0001,5,1000.0,0.9,0.2,True,False,,,0,2,2,0.6108407343567581,0.0,1.0,0.0,0.0,17143.15024973444,12328.609954468993,False,1.0,,150.0,0.05
sweep_02101,43,DAILY_0001,5,1000.0,0.9,0.2,True,False,,,0,2,2,0.6108407343567581,0.0,1.0,0.0,0.0,16683.664856290503,12134.629033596892,False,1.0,,150.0,0.05
sweep_02102,44,DAILY_0001,5,1000.0,0.9,0.2,True,False,,,0,2,2,0.6108407343567581,0.0,1.0,0.0,0.0,16963.961355801184,12421.52822244412,False,1.0,,150.0,0.05
sweep_02103,45,DAILY_0001,5,1000.0,0.9,0.2,False,True,BEHAVIORAL_DEFAULT_SURPLUS_COLLATERAL,5.0,1,2,2,0.6108407343567581,1000.0,1.0,0.0,4277.203554327056,12896.079661440042,12245.675368845827,False,0.8,,150.0,0.05
sweep_02104,46,DAILY_0001,5,1000.0,0.9,0.2,True,False,,,0,2,2,0.6108407343567581,0.0,1.0,0.0,0.0,16307.234970412434,11913.804851494917,False,1.0,,150.0,0.05
sweep_02105,47,DAILY_0001,5,1000.0,0.9,0.2,True,False,,,0,2,2,0.6108407343567581,0.0,1.0,0.0,0.0,17175.220923270765,12483.303795657535,False,1.0,,150.0,0.05
sweep_02106,48,DAILY_0001,5,1000.0,0.9,0.2,False,True,BEHAVIORAL_DEFAULT_SURPLUS_COLLATERAL,3.0,1,0,0,0.2295668026988248,3000.0,1.0,0.0,141.761899372048,6384.596399760172,10573.711195183496,False,0.8,,150.0,0.05
sweep_02107,49,DAILY_0001,5,1000.0,0.9,0.2,True,False,,,0,2,2,0.6108407343567581,0.0,1.0,0.0,0.0,17411.6649980281,12670.148996799895,False,1.0,,150.0,0.05
sweep_02108,50,DAILY_0001,5,1000.0,0.9,0.2,True,False,,,0,2,2,0.6108407343567581,0.0,1.0,0.0,0.0,16470.071539501125,12014.642225607146,False,1.0,,150.0,0.05
sweep_02109,51,DAILY_0001,5,1000.0,0.9,0.2,True,False,,,0,2,2,0.6108407343567581,0.0,1.0,0.0,0.0,16553.917458671152,11912.976906190897,False,1.0,,150.0,0.05
sweep_02110,52,DAILY_0001,5,1000.0,0.9,0.2,False,True,BEHAVIORAL_DEFAULT_SURPLUS_COLLATERAL,5.0,1,2,2,0.6108407343567581,1000.0,1.0,0.0,4129.647912826875,13756.613367327447,12834.150011737482,False,0.8,,150.0,0.05
sweep_02111,53,DAILY_0001,5,1000.0,0.9,0.2,False,True,BEHAVIORAL_DEFAULT_SURPLUS_COLLATERAL,5.0,1,2,2,0.6108407343567581,1000.0,1.0,0.0,4209.8484621828275,12961.478326267516,12396.85780736234,False,0.8,,150.0,0.05
sweep_02112,54,DAILY_0001,5,1000.0,0.9,0.2,False,True,BEHAVIORAL_DEFAULT_INSUFFICIENT_COLLATERAL,5.0,1,2,2,0.6108407343567581,930.7106913239862,0.9307106913239862,69.28930867601377,0.0,12569.941496225256,12238.031347576853,False,0.8,,150.0,0.05
sweep_02113,55,DAILY_0001,5,1000.0,0.9,0.2,False,True,BEHAVIORAL_DEFAULT_SURPLUS_COLLATERAL,5.0,1,2,2,0.6108407343567581,1000.0,1.0,0.0,2010.3312034362948,13020.111295967612,12295.910691604533,False,0.8,,150.0,0.05
sweep_02114,56,DAILY_0001,5,1000.0,0.9,0.2,False,True,BEHAVIORAL_DEFAULT_SURPLUS_COLLATERAL,5.0,1,2,2,0.6108407343567581,1000.0,1.0,0.0,1960.0705136411057,12704.486967871519,12177.674787163876,False,0.8,,150.0,0.05
sweep_02115,57,DAILY_0001,5,1000.0,0.9,0.2,True,False,,,0,2,2,0.6108407343567581,0.0,1.0,0.0,0.0,16629.925622068513,12010.52281897759,False,1.0,,150.0,0.05
sweep_02116,58,DAILY_0001,5,1000.0,0.9,0.2,True,False,,,0,2,2,0.6108407343567581,0.0,1.0,0.0,0.0,17118.252725129587,12509.212382866675,False,1.0,,150.0,0.05
sweep_02117,59,DAILY_0001,5,1000.0,0.9,0.2,False,True,BEHAVIORAL_DEFAULT_INSUFFICIENT_COLLATERAL,4.0,1,2,2,0.6108407343567581,1943.3185982198693,0.9716592991099346,56.68140178013073,0.0,9396.14470761244,11247.741655120084,False,0.8,,150.0,0.05
sweep_02118,60,DAILY_0001,5,1000.0,0.9,0.2,True,False,,,0,2,2,0.6108407343567581,0.0,1.0,0.0,0.0,16890.892442598783,12252.423245690936,False,1.0,,150.0,0.05
sweep_02119,61,DAILY_0001,5,1000.0,0.9,0.2,True,False,,,0,2,2,0.6108407343567581,0.0,1.0,0.0,0.0,17049.548692196306,12444.377165578517,False,1.0,,150.0,0.05
sweep_02120,62,DAILY_0001,5,1000.0,0.9,0.2,True,False,,,0,2,2,0.6108407343567581,0.0,1.0,0.0,0.0,16688.163188009137,12208.60375343416,False,1.0,,150.0,0.05
sweep_02121,63,DAILY_0001,5,1000.0,0.9,0.2,False,True,BEHAVIORAL_DEFAULT_SURPLUS_COLLATERAL,5.0,1,2,2,0.6108407343567581,1000.0,1.0,0.0,1982.5508708269908,12560.781626539678,12168.722313077602,False,0.8,,150.0,0.05
sweep_02122,64,DAILY_0001,5,1000.0,0.9,0.2,False,True,BEHAVIORAL_DEFAULT_SURPLUS_COLLATERAL,3.0,1,0,0,0.2295668026988248,3000.0,1.0,0.0,2360.911165151282,6151.058035452796,10426.010661930803,False,0.8,,150.0,0.05
sweep_02123,65,DAILY_0001,5,1000.0,0.9,0.2,False,True,BEHAVIORAL_DEFAULT_SURPLUS_COLLATERAL,2.0,1,0,0,0.0802993013430624,4000.0,1.0,0.0,618.8314809316225,3099.9623073224475,4712.344192792166,False,0.8,,150.0,0.05
sweep_02124,66,DAILY_0001,5,1000.0,0.9,0.2,True,False,,,0,2,2,0.6108407343567581,0.0,1.0,0.0,0.0,17056.111050431617,12368.254329694068,False,1.0,,150.0,0.05
sweep_02125,67,DAILY_0001,5,1000.0,0.9,0.2,True,False,,,0,2,2,0.6108407343567581,0.0,1.0,0.0,0.0,17358.7323024141,12504.340819345054,False,1.0,,150.0,0.05
sweep_02126,68,DAILY_0001,5,1000.0,0.9,0.2,False,True,BEHAVIORAL_DEFAULT_INSUFFICIENT_COLLATERAL,4.0,1,2,2,0.6108407343567581,1975.6099700213185,0.9878049850106593,24.39002997868147,0.0,9384.172146377827,11182.300788816377,False,0.8,,150.0,0.05
sweep_02127,69,DAILY_0001,5,1000.0,0.9,0.2,False,True,BEHAVIORAL_DEFAULT_SURPLUS_COLLATERAL,3.0,1,0,0,0.2295668026988248,3000.0,1.0,0.0,102.70663815640592,6254.764509256824,10529.359659380703,False,0.8,,150.0,0.05
sweep_02128,70,DAILY_0001,5,1000.0,0.9,0.2,True,False,,,0,2,2,0.6108407343567581,0.0,1.0,0.0,0.0,18008.300555488746,12793.752566389765,False,1.0,,150.0,0.05
sweep_02129,71,DAILY_0001,5,1000.0,0.9,0.2,True,False,,,0,3,3,0.6108407343567581,0.0,1.0,0.0,0.0,17077.07193201092,12382.856622079504,False,1.0,,150.0,0.05
sweep_02130,72,DAILY_0001,5,1000.0,0.9,0.2,False,True,BEHAVIORAL_DEFAULT_INSUFFICIENT_COLLATERAL,5.0,1,2,2,0.6108407343567581,970.6873064432409,0.9706873064432409,29.312693556759086,0.0,12739.57666014175,12112.193201151049,False,0.8,,150.0,0.05
sweep_02131,73,DAILY_0001,5,1000.0,0.9,0.2,True,False,,,0,2,2,0.6108407343567581,0.0,1.0,0.0,0.0,16909.5959464029,12314.01798633395,False,1.0,,150.0,0.05
sweep_02132,74,DAILY_0001,5,1000.0,0.9,0.2,False,True,BEHAVIORAL_DEFAULT_SURPLUS_COLLATERAL,3.0,1,0,0,0.2295668026988248,3000.0,1.0,0.0,2397.285083110737,6142.21535254676,10453.027108759727,False,0.8,,150.0,0.05
sweep_02133,75,DAILY_0001,5,1000.0,0.9,0.2,True,False,,,0,2,2,0.6108407343567581,0.0,1.0,0.0,0.0,16697.360309291158,12156.060177936637,False,1.0,,150.0,0.05
sweep_02134,76,DAILY_0001,5,1000.0,0.9,0.2,True,False,,,0,2,2,0.6108407343567581,0.0,1.0,0.0,0.0,16671.801168191498,12308.96192791157,False,1.0,,150.0,0.05
sweep_02135,77,DAILY_0001,5,1000.0,0.9,0.2,True,False,,,0,2,2,0.6108407343567581,0.0,1.0,0.0,0.0,16763.124564751575,12244.38393809185,False,1.0,,150.0,0.05
sweep_02136,78,DAILY_0001,5,1000.0,0.9,0.2,True,False,,,0,2,2,0.6108407343567581,0.0,1.0,0.0,0.0,16719.51222653161,12223.296523781913,False,1.0,,150.0,0.05
sweep_02137,79,DAILY_0001,5,1000.0,0.9,0.2,True,False,,,0,2,2,0.6108407343567581,0.0,1.0,0.0,0.0,16476.77247232043,12003.333460868744,False,1.0,,150.0,0.05
sweep_02138,80,DAILY_0001,5,1000.0,0.9,0.2,True,False,,,0,2,2,0.6108407343567581,0.0,1.0,0.0,0.0,16187.427798734678,11885.023850535867,False,1.0,,150.0,0.05
sweep_02139,81,DAILY_0001,5,1000.0,0.9,0.2,True,False,,,0,2,2,0.6108407343567581,0.0,1.0,0.0,0.0,17261.26216002694,12477.1692267833,False,1.0,,150.0,0.05
sweep_02140,82,DAILY_0001,5,1000.0,0.9,0.2,True,False,,,0,2,2,0.6108407343567581,0.0,1.0,0.0,0.0,17428.23657344996,12737.8471825686,False,1.0,,150.0,0.05
sweep_02141,83,DAILY_0001,5,1000.0,0.9,0.2,False,True,BEHAVIORAL_DEFAULT_SURPLUS_COLLATERAL,5.0,1,2,2,0.6108407343567581,1000.0,1.0,0.0,151.59541730106093,13023.010849409744,12314.418327219259,False,0.8,,150.0,0.05
sweep_02142,84,DAILY_0001,5,1000.0,0.9,0.2,False,True,BEHAVIORAL_DEFAULT_SURPLUS_COLLATERAL,3.0,1,0,0,0.2295668026988248,3000.0,1.0,0.0,118.75839532210603,6504.624246924773,10778.058233464106,False,0.8,,150.0,0.05
sweep_02143,85,DAILY_0001,5,1000.0,0.9,0.2,False,True,BEHAVIORAL_DEFAULT_SURPLUS_COLLATERAL,4.0,1,2,2,0.6108407343567581,2000.0,1.0,0.0,6.731243527502102,9644.511591981416,11206.409830756596,False,0.8,,150.0,0.05
sweep_02144,86,DAILY_0001,5,1000.0,0.9,0.2,True,False,,,0,2,2,0.6108407343567581,0.0,1.0,0.0,0.0,17346.9008892341,12577.9850362605,False,1.0,,150.0,0.05
sweep_02145,87,DAILY_0001,5,1000.0,0.9,0.2,True,False,,,0,2,2,0.6108407343567581,0.0,1.0,0.0,0.0,16887.21410701461,12246.154920699924,False,1.0,,150.0,0.05
sweep_02146,88,DAILY_0001,5,1000.0,0.9,0.2,False,True,BEHAVIORAL_DEFAULT_SURPLUS_COLLATERAL,3.0,1,0,0,0.2295668026988248,3000.0,1.0,0.0,2358.127268700732,6598.059130640779,10681.731971845216,False,0.8,,150.0,0.05
sweep_02147,89,DAILY_0001,5,1000.0,0.9,0.2,True,False,,,0,2,2,0.6108407343567581,0.0,1.0,0.0,0.0,16483.760527058344,12148.603989862391,False,1.0,,150.0,0.05
sweep_02148,90,DAILY_0001,5,1000.0,0.9,0.2,False,True,BEHAVIORAL_DEFAULT_SURPLUS_COLLATERAL,4.0,1,2,2,0.6108407343567581,2000.0,1.0,0.0,1657.8713857742491,9428.143344053857,11224.278613749715,False,0.8,,150.0,0.05
sweep_02149,91,DAILY_0001,5,1000.0,0.9,0.2,True,False,,,0,2,2,0.6108407343567581,0.0,1.0,0.0,0.0,16432.64453049189,12197.283570643403,False,1.0,,150.0,0.05
sweep_02150,92,DAILY_0001,5,1000.0,0.9,0.2,True,False,,,0,2,2,0.6108407343567581,0.0,1.0,0.0,0.0,16541.46983637411,12097.026067078865,False,1.0,,150.0,0.05
sweep_02151,93,DAILY_0001,5,1000.0,0.9,0.2,False,True,BEHAVIORAL_DEFAULT_SURPLUS_COLLATERAL,3.0,1,0,0,0.2295668026988248,3000.0,1.0,0.0,147.70929813755174,7022.911645595454,11305.94538391315,False,0.8,,150.0,0.05
sweep_02152,94,DAILY_0001,5,1000.0,0.9,0.2,True,False,,,0,2,2,0.6108407343567581,0.0,1.0,0.0,0.0,16816.49136159871,12271.815362980702,False,1.0,,150.0,0.05
sweep_02153,95,DAILY_0001,5,1000.0,0.9,0.2,True,False,,,0,2,2,0.6108407343567581,0.0,1.0,0.0,0.0,17545.744689882886,12620.323971741702,False,1.0,,150.0,0.05
sweep_02154,96,DAILY_0001,5,1000.0,0.9,0.2,True,False,,,0,2,2,0.6108407343567581,0.0,1.0,0.0,0.0,17272.505142960632,12320.767409793169,False,1.0,,150.0,0.05
sweep_02155,97,DAILY_0001,5,1000.0,0.9,0.2,True,False,,,0,2,2,0.6108407343567581,0.0,1.0,0.0,0.0,17205.00493267573,12389.386794054619,False,1.0,,150.0,0.05
sweep_02156,98,DAILY_0001,5,1000.0,0.9,0.2,True,False,,,0,2,2,0.6108407343567581,0.0,1.0,0.0,0.0,17117.740576801672,12477.957259747327,False,1.0,,150.0,0.05
sweep_02157,99,DAILY_0001,5,1000.0,0.9,0.2,False,True,BEHAVIORAL_DEFAULT_SURPLUS_COLLATERAL,4.0,1,2,2,0.6108407343567581,2000.0,1.0,0.0,1656.8041294857949,9546.407766635395,11228.402189806411,False,0.8,,150.0,0.05
sweep_02158,100,DAILY_0001,5,1000.0,0.9,0.2,True,False,,,0,2,2,0.6108407343567581,0.0,1.0,0.0,0.0,17296.288473944063,12579.71637576145,False,1.0,,150.0,0.05
sweep_02159,101,DAILY_0001,5,1000.0,0.9,0.2,False,True,BEHAVIORAL_DEFAULT_SURPLUS_COLLATERAL,5.0,1,2,2,0.6108407343567581,1000.0,1.0,0.0,1646.7340201906563,13094.897102232273,12467.320839954424,False,0.8,,150.0,0.05
sweep_02160,102,DAILY_0001,5,1000.0,0.9,0.2,False,True,BEHAVIORAL_DEFAULT_SURPLUS_COLLATERAL,5.0,1,2,2,0.6108407343567581,1000.0,1.0,0.0,4351.16836094369,13315.718463742422,12679.273295253402,False,0.8,,150.0,0.05
sweep_02161,103,DAILY_0001,5,1000.0,0.9,0.2,False,True,BEHAVIORAL_DEFAULT_SURPLUS_COLLATERAL,4.0,1,2,2,0.6108407343567581,2000.0,1.0,0.0,227.54954698954953,9410.055771571677,11187.565434006005,False,0.8,,150.0,0.05
sweep_02162,104,DAILY_0001,5,1000.0,0.9,0.2,True,False,,,0,2,2,0.6108407343567581,0.0,1.0,0.0,0.0,16965.565545296653,12221.136353446753,False,1.0,,150.0,0.05
sweep_02163,105,DAILY_0001,5,1000.0,0.9,0.2,False,True,BEHAVIORAL_DEFAULT_SURPLUS_COLLATERAL,4.0,1,2,2,0.6108407343567581,2000.0,1.0,0.0,1660.4334263196497,10112.068977480729,11408.285612524138,False,0.8,,150.0,0.05
sweep_02164,106,DAILY_0001,5,1000.0,0.9,0.2,False,True,BEHAVIORAL_DEFAULT_SURPLUS_COLLATERAL,5.0,1,2,2,0.6108407343567581,1000.0,1.0,0.0,246.3440478747484,13317.118454353504,12484.962990089925,False,0.8,,150.0,0.05
sweep_02165,107,DAILY_0001,5,1000.0,0.9,0.2,False,True,BEHAVIORAL_DEFAULT_SURPLUS_COLLATERAL,4.0,1,2,2,0.6108407343567581,2000.0,1.0,0.0,236.50011220894248,9504.711727327722,11108.144250868372,False,0.8,,150.0,0.05
sweep_02166,108,DAILY_0001,5,1000.0,0.9,0.2,False,True,BEHAVIORAL_DEFAULT_SURPLUS_COLLATERAL,4.0,1,2,2,0.6108407343567581,2000.0,1.0,0.0,1658.6083119324785,9229.632260373746,11180.860256054335,False,0.8,,150.0,0.05
sweep_02167,109,DAILY_0001,5,1000.0,0.9,0.2,True,False,,,0,2,2,0.6108407343567581,0.0,1.0,0.0,0.0,17097.560018571552,12393.64260474442,False,1.0,,150.0,0.05
sweep_02168,110,DAILY_0001,5,1000.0,0.9,0.2,True,False,,,0,2,2,0.6108407343567581,0.0,1.0,0.0,0.0,17252.145983174083,12584.571173271637,False,1.0,,150.0,0.05
sweep_02169,111,DAILY_0001,5,1000.0,0.9,0.2,False,True,BEHAVIORAL_DEFAULT_SURPLUS_COLLATERAL,5.0,1,2,2,0.6108407343567581,1000.0,1.0,0.0,1537.6892452742627,13005.811951455453,12250.955484947088,False,0.8,,150.0,0.05
sweep_02170,112,DAILY_0001,5,1000.0,0.9,0.2,True,False,,,0,2,2,0.6108407343567581,0.0,1.0,0.0,0.0,16909.07625773677,12302.748929207784,False,1.0,,150.0,0.05
sweep_02171,113,DAILY_0001,5,1000.0,0.9,0.2,False,True,BEHAVIORAL_DEFAULT_SURPLUS_COLLATERAL,3.0,1,0,0,0.2295668026988248,3000.0,1.0,0.0,175.02071748062735,6623.312533026473,10761.789265145908,False,0.8,,150.0,0.05
sweep_02172,114,DAILY_0001,5,1000.0,0.9,0.2,False,True,BEHAVIORAL_DEFAULT_SURPLUS_COLLATERAL,3.0,1,0,0,0.2295668026988248,3000.0,1.0,0.0,88.2488958484746,6121.454939968626,10412.955908788404,False,0.8,,150.0,0.05
sweep_02173,115,DAILY_0001,5,1000.0,0.9,0.2,True,False,,,0,2,2,0.6108407343567581,0.0,1.0,0.0,0.0,16756.555719327873,12013.16469548059,False,1.0,,150.0,0.05
sweep_02174,116,DAILY_0001,5,1000.0,0.9,0.2,False,True,BEHAVIORAL_DEFAULT_SURPLUS_COLLATERAL,3.0,1,0,0,0.2295668026988248,3000.0,1.0,0.0,2529.417246215481,6397.070943819939,10716.920429238171,False,0.8,,150.0,0.05
sweep_02175,117,DAILY_0001,5,1000.0,0.9,0.2,False,True,BEHAVIORAL_DEFAULT_SURPLUS_COLLATERAL,2.0,1,0,0,0.0802993013430624,4000.0,1.0,0.0,652.5975871088904,3189.4444401873525,4749.209496645109,False,0.8,,150.0,0.05
sweep_02176,118,DAILY_0001,5,1000.0,0.9,0.2,True,False,,,0,2,2,0.6108407343567581,0.0,1.0,0.0,0.0,16908.748437966286,12349.796213127625,False,1.0,,150.0,0.05
sweep_02177,119,DAILY_0001,5,1000.0,0.9,0.2,True,False,,,0,2,2,0.6108407343567581,0.0,1.0,0.0,0.0,16730.031620694273,12290.688872729785,False,1.0,,150.0,0.05
sweep_02178,120,DAILY_0001,5,1000.0,0.9,0.2,True,False,,,0,2,2,0.6108407343567581,0.0,1.0,0.0,0.0,17299.20314416707,12700.64583624569,False,1.0,,150.0,0.05
sweep_02179,121,DAILY_0001,5,1000.0,0.9,0.2,False,True,BEHAVIORAL_DEFAULT_SURPLUS_COLLATERAL,4.0,1,2,2,0.6108407343567581,2000.0,1.0,0.0,1656.8085603361433,9287.607451281923,11114.380521657811,False,0.8,,150.0,0.05
sweep_02180,122,DAILY_0001,5,1000.0,0.9,0.2,True,False,,,0,2,2,0.6108407343567581,0.0,1.0,0.0,0.0,16786.425779314144,12309.187635960598,False,1.0,,150.0,0.05
sweep_02181,123,DAILY_0001,5,1000.0,0.9,0.2,False,True,BEHAVIORAL_DEFAULT_SURPLUS_COLLATERAL,4.0,1,2,2,0.6108407343567581,2000.0,1.0,0.0,1658.6457282157417,10213.097259473365,11433.973638486299,False,0.8,,150.0,0.05
sweep_02182,124,DAILY_0001,5,1000.0,0.9,0.2,True,False,,,0,2,2,0.6108407343567581,0.0,1.0,0.0,0.0,17378.096470344266,12552.878572157055,False,1.0,,150.0,0.05
sweep_02183,125,DAILY_0001,5,1000.0,0.9,0.2,True,False,,,0,2,2,0.6108407343567581,0.0,1.0,0.0,0.0,17222.14785778652,12490.977478457135,False,1.0,,150.0,0.05
sweep_02184,126,DAILY_0001,5,1000.0,0.9,0.2,False,True,BEHAVIORAL_DEFAULT_SURPLUS_COLLATERAL,3.0,1,0,0,0.2295668026988248,3000.0,1.0,0.0,2604.4709144309736,6608.331218475114,10905.224682183896,False,0.8,,150.0,0.05
sweep_02185,127,DAILY_0001,5,1000.0,0.9,0.2,True,False,,,0,2,2,0.6108407343567581,0.0,1.0,0.0,0.0,17068.994068195138,12395.536573244708,False,1.0,,150.0,0.05
sweep_02186,128,DAILY_0001,5,1000.0,0.9,0.2,True,False,,,0,2,2,0.6108407343567581,0.0,1.0,0.0,0.0,17380.160876094935,12430.479225297226,False,1.0,,150.0,0.05
sweep_02187,129,DAILY_0001,5,1000.0,0.9,0.2,True,False,,,0,2,2,0.6108407343567581,0.0,1.0,0.0,0.0,16680.988802965425,12119.530092838228,False,1.0,,150.0,0.05
sweep_02188,130,DAILY_0001,5,1000.0,0.9,0.2,False,True,BEHAVIORAL_DEFAULT_SURPLUS_COLLATERAL,5.0,1,2,2,0.6108407343567581,1000.0,1.0,0.0,2007.1692632841814,12730.738840773127,12233.263082346346,False,0.8,,150.0,0.05
sweep_02189,131,DAILY_0001,5,1000.0,0.9,0.2,False,True,BEHAVIORAL_DEFAULT_SURPLUS_COLLATERAL,4.0,1,2,2,0.6108407343567581,2000.0,1.0,0.0,1657.715440063991,9894.940183776958,11273.8218443669,False,0.8,,150.0,0.05
sweep_02190,132,DAILY_0001,5,1000.0,0.9,0.2,False,True,BEHAVIORAL_DEFAULT_INSUFFICIENT_COLLATERAL,4.0,1,2,2,0.6108407343567581,1977.8628540909287,0.9889314270454643,22.13714590907125,0.0,9452.061028387478,11141.96248775481,False,0.8,,150.0,0.05
sweep_02191,133,DAILY_0001,5,1000.0,0.9,0.2,False,True,BEHAVIORAL_DEFAULT_SURPLUS_COLLATERAL,2.0,1,0,0,0.0802993013430624,4000.0,1.0,0.0,599.9009924383035,3049.7954187370806,4691.67618308068,False,0.8,,150.0,0.05
sweep_02192,134,DAILY_0001,5,1000.0,0.9,0.2,False,True,BEHAVIORAL_DEFAULT_SURPLUS_COLLATERAL,3.0,1,0,0,0.2295668026988248,3000.0,1.0,0.0,164.06544368987852,6618.547990000483,10786.475046609721,False,0.8,,150.0,0.05
sweep_02193,135,DAILY_0001,5,1000.0,0.9,0.2,True,False,,,0,2,2,0.6108407343567581,0.0,1.0,0.0,0.0,17308.180105341366,12501.3411416792,False,1.0,,150.0,0.05
sweep_02194,136,DAILY_0001,5,1000.0,0.9,0.2,False,True,BEHAVIORAL_DEFAULT_SURPLUS_COLLATERAL,5.0,1,2,2,0.6108407343567581,1000.0,1.0,0.0,1607.3333618076672,12439.168673732074,12032.677599505081,False,0.8,,150.0,0.05
sweep_02195,137,DAILY_0001,5,1000.0,0.9,0.2,False,True,BEHAVIORAL_DEFAULT_SURPLUS_COLLATERAL,4.0,1,2,2,0.6108407343567581,2000.0,1.0,0.0,137.94086825218892,9538.559186760156,11230.995975391885,False,0.8,,150.0,0.05
sweep_02196,138,DAILY_0001,5,1000.0,0.9,0.2,False,True,BEHAVIORAL_DEFAULT_INSUFFICIENT_COLLATERAL,5.0,1,2,2,0.6108407343567581,910.8264647676706,0.9108264647676706,89.17353523232941,0.0,12533.99100881035,12074.357905334273,False,0.8,,150.0,0.05
sweep_02197,139,DAILY_0001,5,1000.0,0.9,0.2,False,True,BEHAVIORAL_DEFAULT_SURPLUS_COLLATERAL,2.0,1,0,0,0.0802993013430624,4000.0,1.0,0.0,623.051276527658,3111.145009532911,4716.9512992802065,False,0.8,,150.0,0.05
sweep_02198,140,DAILY_0001,5,1000.0,0.9,0.2,False,True,BEHAVIORAL_DEFAULT_SURPLUS_COLLATERAL,2.0,1,0,0,0.0802993013430624,4000.0,1.0,0.0,642.0438393712002,3161.476398733924,4737.687080791332,False,0.8,,150.0,0.05
sweep_02199,141,DAILY_0001,5,1000.0,0.9,0.2,True,False,,,0,2,2,0.6108407343567581,0.0,1.0,0.0,0.0,17185.12705013151,12408.107755898902,False,1.0,,150.0,0.05
sweep_02200,142,DAILY_0001,5,1000.0,0.9,0.2,False,True,BEHAVIORAL_DEFAULT_SURPLUS_COLLATERAL,2.0,1,0,0,0.0802993013430624,4000.0,1.0,0.0,643.8700207535367,3166.3158849403544,4739.680876913307,False,0.8,,150.0,0.05
sweep_02201,143,DAILY_0001,5,1000.0,0.9,0.2,True,False,,,0,2,2,0.6108407343567581,0.0,1.0,0.0,0.0,16445.290904199723,12140.10509107486,False,1.0,,150.0,0.05
sweep_02202,144,DAILY_0001,5,1000.0,0.9,0.2,True,False,,,0,2,2,0.6108407343567581,0.0,1.0,0.0,0.0,17343.411988435073,12615.22261250703,False,1.0,,150.0,0.05
sweep_02203,145,DAILY_0001,5,1000.0,0.9,0.2,True,False,,,0,2,2,0.6108407343567581,0.0,1.0,0.0,0.0,17193.72751399906,12553.2162024227,False,1.0,,150.0,0.05
sweep_02204,146,DAILY_0001,5,1000.0,0.9,0.2,True,False,,,0,2,2,0.6108407343567581,0.0,1.0,0.0,0.0,16193.924104929843,11872.23535863165,False,1.0,,150.0,0.05
sweep_02205,147,DAILY_0001,5,1000.0,0.9,0.2,False,True,BEHAVIORAL_DEFAULT_SURPLUS_COLLATERAL,4.0,1,2,2,0.6108407343567581,2000.0,1.0,0.0,38.0236036800452,9889.107754331599,11279.82271208066,False,0.8,,150.0,0.05
sweep_02206,148,DAILY_0001,5,1000.0,0.9,0.2,True,False,,,0,2,2,0.6108407343567581,0.0,1.0,0.0,0.0,17096.666287603017,12495.055269695351,False,1.0,,150.0,0.05
sweep_02207,149,DAILY_0001,5,1000.0,0.9,0.2,False,True,BEHAVIORAL_DEFAULT_INSUFFICIENT_COLLATERAL,4.0,1,2,2,0.6108407343567581,1942.2273749778433,0.9711136874889217,57.77262502215672,0.0,9814.02173860668,11407.858328695507,False,0.8,,150.0,0.05
sweep_02208,150,DAILY_0001,5,1000.0,0.9,0.2,True,False,,,0,2,2,0.6108407343567581,0.0,1.0,0.0,0.0,16546.279710931314,12167.278913143586,False,1.0,,150.0,0.05
sweep_02209,151,DAILY_0001,5,1000.0,0.9,0.2,False,True,BEHAVIORAL_DEFAULT_SURPLUS_COLLATERAL,5.0,1,2,2,0.6108407343567581,1000.0,1.0,0.0,1802.9378918357488,13335.570209326292,12591.985656468689,False,0.8,,150.0,0.05
sweep_02210,152,DAILY_0001,5,1000.0,0.9,0.2,True,False,,,0,2,2,0.6108407343567581,0.0,1.0,0.0,0.0,17093.36930493184,12474.576330218559,False,1.0,,150.0,0.05
sweep_02211,153,DAILY_0001,5,1000.0,0.9,0.2,True,False,,,0,2,2,0.6108407343567581,0.0,1.0,0.0,0.0,16508.84948067981,11988.551295121702,False,1.0,,150.0,0.05
sweep_02212,154,DAILY_0001,5,1000.0,0.9,0.2,True,False,,,0,2,2,0.6108407343567581,0.0,1.0,0.0,0.0,16928.440090342658,12262.963278439269,False,1.0,,150.0,0.05
sweep_02213,155,DAILY_0001,5,1000.0,0.9,0.2,False,True,BEHAVIORAL_DEFAULT_SURPLUS_COLLATERAL,3.0,1,0,0,0.2295668026988248,3000.0,1.0,0.0,2480.4814770722596,6224.123226178908,10573.810996312835,False,0.8,,150.0,0.05
sweep_02214,156,DAILY_0001,5,1000.0,0.9,0.2,True,False,,,0,2,2,0.6108407343567581,0.0,1.0,0.0,0.0,16822.870383115638,12275.517083811535,False,1.0,,150.0,0.05
sweep_02215,157,DAILY_0001,5,1000.0,0.9,0.2,False,True,BEHAVIORAL_DEFAULT_SURPLUS_COLLATERAL,3.0,1,0,0,0.2295668026988248,3000.0,1.0,0.0,94.11224304649431,6313.283449869156,10621.745486330306,False,0.8,,150.0,0.05
sweep_02216,158,DAILY_0001,5,1000.0,0.9,0.2,True,False,,,0,2,2,0.6108407343567581,0.0,1.0,0.0,0.0,17327.297792749472,12451.590873372386,False,1.0,,150.0,0.05
sweep_02217,159,DAILY_0001,5,1000.0,0.9,0.2,True,False,,,0,2,2,0.6108407343567581,0.0,1.0,0.0,0.0,17547.075472215663,12672.692959229018,False,1.0,,150.0,0.05
sweep_02218,160,DAILY_0001,5,1000.0,0.9,0.2,False,True,BEHAVIORAL_DEFAULT_SURPLUS_COLLATERAL,5.0,1,2,2,0.6108407343567581,1000.0,1.0,0.0,4232.643322522342,13559.294233579409,12536.284640827665,False,0.8,,150.0,0.05
sweep_02219,161,DAILY_0001,5,1000.0,0.9,0.2,True,False,,,0,2,2,0.6108407343567581,0.0,1.0,0.0,0.0,16722.38973114001,12113.250298542398,False,1.0,,150.0,0.05
sweep_02220,162,DAILY_0001,5,1000.0,0.9,0.2,False,True,BEHAVIORAL_DEFAULT_SURPLUS_COLLATERAL,3.0,1,0,0,0.2295668026988248,3000.0,1.0,0.0,2358.2555042350414,6099.333759251945,10393.790273796872,False,0.8,,150.0,0.05
sweep_02221,163,DAILY_0001,5,1000.0,0.9,0.2,True,False,,,0,2,2,0.6108407343567581,0.0,1.0,0.0,0.0,17276.966005569957,12584.301881506964,False,1.0,,150.0,0.05
sweep_02222,164,DAILY_0001,5,1000.0,0.9,0.2,True,False,,,0,2,2,0.6108407343567581,0.0,1.0,0.0,0.0,17233.351687522765,12446.051265665195,False,1.0,,150.0,0.05
sweep_02223,165,DAILY_0001,5,1000.0,0.9,0.2,True,False,,,0,2,2,0.6108407343567581,0.0,1.0,0.0,0.0,16913.7215097475,12219.9217591532,False,1.0,,150.0,0.05
sweep_02224,166,DAILY_0001,5,1000.0,0.9,0.2,False,True,BEHAVIORAL_DEFAULT_SURPLUS_COLLATERAL,5.0,1,2,2,0.6108407343567581,1000.0,1.0,0.0,1961.9598100825247,13275.843211445086,12612.697524319252,False,0.8,,150.0,0.05
sweep_02225,167,DAILY_0001,5,1000.0,0.9,0.2,True,False,,,0,2,2,0.6108407343567581,0.0,1.0,0.0,0.0,16859.790773916782,12279.78795511281,False,1.0,,150.0,0.05
sweep_02226,168,DAILY_0001,5,1000.0,0.9,0.2,False,True,BEHAVIORAL_DEFAULT_SURPLUS_COLLATERAL,5.0,1,2,2,0.6108407343567581,1000.0,1.0,0.0,4189.344512803178,12306.50352346156,12001.025098776705,False,0.8,,150.0,0.05
sweep_02227,169,DAILY_0001,5,1000.0,0.9,0.2,False,True,BEHAVIORAL_DEFAULT_SURPLUS_COLLATERAL,5.0,1,2,2,0.6108407343567581,1000.0,1.0,0.0,2004.9512224201999,13383.861734067441,12523.046723987676,False,0.8,,150.0,0.05
sweep_02228,170,DAILY_0001,5,1000.0,0.9,0.2,True,False,,,0,2,2,0.6108407343567581,0.0,1.0,0.0,0.0,17232.159337492943,12364.465884227928,False,1.0,,150.0,0.05
sweep_02229,171,DAILY_0001,5,1000.0,0.9,0.2,True,False,,,0,2,2,0.6108407343567581,0.0,1.0,0.0,0.0,16487.879755940605,11997.519323779565,False,1.0,,150.0,0.05
sweep_02230,172,DAILY_0001,5,1000.0,0.9,0.2,False,True,BEHAVIORAL_DEFAULT_SURPLUS_COLLATERAL,5.0,1,2,2,0.6108407343567581,1000.0,1.0,0.0,153.50159845172993,12754.088913575759,12158.447405534898,False,0.8,,150.0,0.05
sweep_02231,173,DAILY_0001,5,1000.0,0.9,0.2,True,False,,,0,2,2,0.6108407343567581,0.0,1.0,0.0,0.0,16811.936915077735,12322.576242941648,False,1.0,,150.0,0.05
sweep_02232,174,DAILY_0001,5,1000.0,0.9,0.2,True,False,,,0,2,2,0.6108407343567581,0.0,1.0,0.0,0.0,16928.24289810534,12262.313297888231,False,1.0,,150.0,0.05
sweep_02233,175,DAILY_0001,5,1000.0,0.9,0.2,True,False,,,0,2,2,0.6108407343567581,0.0,1.0,0.0,0.0,16822.84112582361,12181.032195160964,False,1.0,,150.0,0.05
sweep_02234,176,DAILY_0001,5,1000.0,0.9,0.2,True,False,,,0,2,2,0.6108407343567581,0.0,1.0,0.0,0.0,16402.90381242599,11978.393388681015,False,1.0,,150.0,0.05
sweep_02235,177,DAILY_0001,5,1000.0,0.9,0.2,False,True,BEHAVIORAL_DEFAULT_SURPLUS_COLLATERAL,2.0,1,0,0,0.0802993013430624,4000.0,1.0,0.0,641.5587580840265,3160.1909052878864,4737.1574766684535,False,0.8,,150.0,0.05
sweep_02236,178,DAILY_0001,5,1000.0,0.9,0.2,True,False,,,0,2,2,0.6108407343567581,0.0,1.0,0.0,0.0,16613.95277706074,12115.601696174794,False,1.0,,150.0,0.05
sweep_02237,179,DAILY_0001,5,1000.0,0.9,0.2,True,False,,,0,2,2,0.6108407343567581,0.0,1.0,0.0,0.0,16825.94357748756,12156.801235726198,False,1.0,,150.0,0.05
sweep_02238,180,DAILY_0001,5,1000.0,0.9,0.2,True,False,,,0,2,2,0.6108407343567581,0.0,1.0,0.0,0.0,17332.698660576734,12411.312319199673,False,1.0,,150.0,0.05
sweep_02239,181,DAILY_0001,5,1000.0,0.9,0.2,False,True,BEHAVIORAL_DEFAULT_SURPLUS_COLLATERAL,4.0,1,2,2,0.6108407343567581,2000.0,1.0,0.0,247.63515458937536,9381.7156603568,11272.15856238994,False,0.8,,150.0,0.05
sweep_02240,182,DAILY_0001,5,1000.0,0.9,0.2,False,True,BEHAVIORAL_DEFAULT_SURPLUS_COLLATERAL,4.0,1,2,2,0.6108407343567581,2000.0,1.0,0.0,198.38634565971688,9613.459796300805,11204.047234371625,False,0.8,,150.0,0.05
sweep_02241,183,DAILY_0001,5,1000.0,0.9,0.2,False,True,BEHAVIORAL_DEFAULT_SURPLUS_COLLATERAL,5.0,1,2,2,0.6108407343567581,1000.0,1.0,0.0,1474.774906238084,12517.895991903359,12038.93890537128,False,0.8,,150.0,0.05
sweep_02242,184,DAILY_0001,5,1000.0,0.9,0.2,True,False,,,0,2,2,0.6108407343567581,0.0,1.0,0.0,0.0,17226.715015370733,12603.41260195067,False,1.0,,150.0,0.05
sweep_02243,185,DAILY_0001,5,1000.0,0.9,0.2,False,True,BEHAVIORAL_DEFAULT_INSUFFICIENT_COLLATERAL,4.0,1,2,2,0.6108407343567581,1961.951888197041,0.9809759440985205,38.048111802959056,0.0,9321.804157226868,11153.031720836769,False,0.8,,150.0,0.05
sweep_02244,186,DAILY_0001,5,1000.0,0.9,0.2,False,True,BEHAVIORAL_DEFAULT_SURPLUS_COLLATERAL,3.0,1,0,0,0.2295668026988248,3000.0,1.0,0.0,180.3860035692992,6559.983069571281,10672.684643851482,False,0.8,,150.0,0.05
sweep_02245,187,DAILY_0001,5,1000.0,0.9,0.2,False,True,BEHAVIORAL_DEFAULT_SURPLUS_COLLATERAL,4.0,1,2,2,0.6108407343567581,2000.0,1.0,0.0,118.36735755271502,9703.856181907031,11246.26081732426,False,0.8,,150.0,0.05
sweep_02246,188,DAILY_0001,5,1000.0,0.9,0.2,False,True,BEHAVIORAL_DEFAULT_SURPLUS_COLLATERAL,5.0,1,2,2,0.6108407343567581,1000.0,1.0,0.0,2001.875474352013,13167.848974053273,12382.924651485151,False,0.8,,150.0,0.05
sweep_02247,189,DAILY_0001,5,1000.0,0.9,0.2,True,False,,,0,2,2,0.6108407343567581,0.0,1.0,0.0,0.0,17458.454152212147,12616.66077859262,False,1.0,,150.0,0.05
sweep_02248,190,DAILY_0001,5,1000.0,0.9,0.2,False,True,BEHAVIORAL_DEFAULT_SURPLUS_COLLATERAL,4.0,1,2,2,0.6108407343567581,2000.0,1.0,0.0,1655.7082402909941,9384.639416814975,11094.505411270035,False,0.8,,150.0,0.05
sweep_02249,191,DAILY_0001,5,1000.0,0.9,0.2,True,False,,,0,2,2,0.6108407343567581,0.0,1.0,0.0,0.0,16741.237276910877,12119.29658509358,False,1.0,,150.0,0.05
sweep_02250,42,DAILY_0001,5,1000.0,1.0,0.2,True,False,,,0,2,2,0.6108407343567581,0.0,1.0,0.0,0.0,17143.15024973444,13896.649903164347,False,1.0,,50.0,0.05
sweep_02251,43,DAILY_0001,5,1000.0,1.0,0.2,True,False,,,0,2,2,0.6108407343567581,0.0,1.0,0.0,0.0,16683.664856290503,13702.668982292247,False,1.0,,50.0,0.05
sweep_02252,44,DAILY_0001,5,1000.0,1.0,0.2,True,False,,,0,2,2,0.6108407343567581,0.0,1.0,0.0,0.0,16963.961355801184,13989.568171139475,False,1.0,,50.0,0.05
sweep_02253,45,DAILY_0001,5,1000.0,1.0,0.2,False,True,BEHAVIORAL_DEFAULT_SURPLUS_COLLATERAL,5.0,1,2,2,0.6108407343567581,1000.0,1.0,0.0,4912.0624943474,12896.079661440042,13813.71531754118,False,0.8,,50.0,0.05
sweep_02254,46,DAILY_0001,5,1000.0,1.0,0.2,True,False,,,0,2,2,0.6108407343567581,0.0,1.0,0.0,0.0,16307.234970412434,13425.782241437792,False,1.0,,50.0,0.05
sweep_02255,47,DAILY_0001,5,1000.0,1.0,0.2,True,False,,,0,2,2,0.6108407343567581,0.0,1.0,0.0,0.0,17175.220923270765,14051.34374435289,False,1.0,,50.0,0.05
sweep_02256,48,DAILY_0001,5,1000.0,1.0,0.2,False,True,BEHAVIORAL_DEFAULT_SURPLUS_COLLATERAL,3.0,1,0,0,0.2295668026988248,3000.0,1.0,0.0,506.3884333273527,6384.596399760172,11916.139247067302,False,0.8,,50.0,0.05
sweep_02257,49,DAILY_0001,5,1000.0,1.0,0.2,True,False,,,0,2,2,0.6108407343567581,0.0,1.0,0.0,0.0,17411.6649980281,14238.188945495249,False,1.0,,50.0,0.05
sweep_02258,50,DAILY_0001,5,1000.0,1.0,0.2,True,False,,,0,2,2,0.6108407343567581,0.0,1.0,0.0,0.0,16470.071539501125,13582.6821743025,False,1.0,,50.0,0.05
sweep_02259,51,DAILY_0001,5,1000.0,1.0,0.2,True,False,,,0,2,2,0.6108407343567581,0.0,1.0,0.0,0.0,16553.917458671152,13481.016854886253,False,1.0,,50.0,0.05
sweep_02260,52,DAILY_0001,5,1000.0,1.0,0.2,False,True,BEHAVIORAL_DEFAULT_SURPLUS_COLLATERAL,5.0,1,2,2,0.6108407343567581,1000.0,1.0,0.0,4764.50685284722,13756.613367327447,14402.189960432836,False,0.8,,50.0,0.05
sweep_02261,53,DAILY_0001,5,1000.0,1.0,0.2,False,True,BEHAVIORAL_DEFAULT_SURPLUS_COLLATERAL,5.0,1,2,2,0.6108407343567581,1000.0,1.0,0.0,4844.707402203173,12961.478326267516,13964.897756057693,False,0.8,,50.0,0.05
sweep_02262,54,DAILY_0001,5,1000.0,1.0,0.2,False,True,BEHAVIORAL_DEFAULT_SURPLUS_COLLATERAL,5.0,1,2,2,0.6108407343567581,1000.0,1.0,0.0,38.385057034363626,12569.941496225256,13756.194310947074,False,0.8,,50.0,0.05
sweep_02263,55,DAILY_0001,5,1000.0,1.0,0.2,False,True,BEHAVIORAL_DEFAULT_SURPLUS_COLLATERAL,5.0,1,2,2,0.6108407343567581,1000.0,1.0,0.0,2356.0270068582886,13020.111295967612,13863.950640299887,False,0.8,,50.0,0.05
sweep_02264,56,DAILY_0001,5,1000.0,1.0,0.2,False,True,BEHAVIORAL_DEFAULT_SURPLUS_COLLATERAL,5.0,1,2,2,0.6108407343567581,1000.0,1.0,0.0,2305.7663170630995,12704.486967871519,13745.714735859232,False,0.8,,50.0,0.05
sweep_02265,57,DAILY_0001,5,1000.0,1.0,0.2,True,False,,,0,2,2,0.6108407343567581,0.0,1.0,0.0,0.0,16629.925622068513,13578.562767672945,False,1.0,,50.0,0.05
sweep_02266,58,DAILY_0001,5,1000.0,1.0,0.2,True,False,,,0,2,2,0.6108407343567581,0.0,1.0,0.0,0.0,17118.252725129587,14077.252331562031,False,1.0,,50.0,0.05
sweep_02267,59,DAILY_0001,5,1000.0,1.0,0.2,False,True,BEHAVIORAL_DEFAULT_SURPLUS_COLLATERAL,4.0,1,2,2,0.6108407343567581,2000.0,1.0,0.0,177.81103944937058,9396.14470761244,12620.397994025338,False,0.8,,50.0,0.05
sweep_02268,60,DAILY_0001,5,1000.0,1.0,0.2,True,False,,,0,2,2,0.6108407343567581,0.0,1.0,0.0,0.0,16890.892442598783,13820.46319438629,False,1.0,,50.0,0.05
sweep_02269,61,DAILY_0001,5,1000.0,1.0,0.2,True,False,,,0,2,2,0.6108407343567581,0.0,1.0,0.0,0.0,17049.548692196306,14012.41711427387,False,1.0,,50.0,0.05
sweep_02270,62,DAILY_0001,5,1000.0,1.0,0.2,True,False,,,0,2,2,0.6108407343567581,0.0,1.0,0.0,0.0,16688.163188009137,13776.643702129513,False,1.0,,50.0,0.05
sweep_02271,63,DAILY_0001,5,1000.0,1.0,0.2,False,True,BEHAVIORAL_DEFAULT_SURPLUS_COLLATERAL,5.0,1,2,2,0.6108407343567581,1000.0,1.0,0.0,2328.246674248984,12560.781626539678,13618.632334766793,False,0.8,,50.0,0.05
sweep_02272,64,DAILY_0001,5,1000.0,1.0,0.2,False,True,BEHAVIORAL_DEFAULT_SURPLUS_COLLATERAL,3.0,1,0,0,0.2295668026988248,3000.0,1.0,0.0,3030.5357673556064,6151.058035452796,11768.43871381461,False,0.8,,50.0,0.05
sweep_02273,65,DAILY_0001,5,1000.0,1.0,0.2,False,True,BEHAVIORAL_DEFAULT_SURPLUS_COLLATERAL,2.0,1,0,0,0.0802993013430624,4000.0,1.0,0.0,1169.7715852684123,3099.9623073224475,5277.138225623725,False,0.8,,50.0,0.05
sweep_02274,66,DAILY_0001,5,1000.0,1.0,0.2,True,False,,,0,2,2,0.6108407343567581,0.0,1.0,0.0,0.0,17056.111050431617,13936.294278389421,False,1.0,,50.0,0.05
sweep_02275,67,DAILY_0001,5,1000.0,1.0,0.2,True,False,,,0,2,2,0.6108407343567581,0.0,1.0,0.0,0.0,17358.7323024141,14072.380768040408,False,1.0,,50.0,0.05
sweep_02276,68,DAILY_0001,5,1000.0,1.0,0.2,False,True,BEHAVIORAL_DEFAULT_SURPLUS_COLLATERAL,4.0,1,2,2,0.6108407343567581,2000.0,1.0,0.0,210.10241125081984,9384.172146377827,12554.957127721633,False,0.8,,50.0,0.05
sweep_02277,69,DAILY_0001,5,1000.0,1.0,0.2,False,True,BEHAVIORAL_DEFAULT_SURPLUS_COLLATERAL,3.0,1,0,0,0.2295668026988248,3000.0,1.0,0.0,467.3331721117106,6254.764509256824,11871.787711264511,False,0.8,,50.0,0.05
sweep_02278,70,DAILY_0001,5,1000.0,1.0,0.2,True,False,,,0,2,2,0.6108407343567581,0.0,1.0,0.0,0.0,18008.300555488746,14361.792515085119,False,1.0,,50.0,0.05
sweep_02279,71,DAILY_0001,5,1000.0,1.0,0.2,True,False,,,0,2,2,0.6108407343567581,0.0,1.0,0.0,0.0,17077.07193201092,13950.896570774858,False,1.0,,50.0,0.05
sweep_02280,72,DAILY_0001,5,1000.0,1.0,0.2,False,True,BEHAVIORAL_DEFAULT_SURPLUS_COLLATERAL,5.0,1,2,2,0.6108407343567581,1000.0,1.0,0.0,126.08554575003814,12739.57666014175,13680.233149846403,False,0.8,,50.0,0.05
sweep_02281,73,DAILY_0001,5,1000.0,1.0,0.2,True,False,,,0,2,2,0.6108407343567581,0.0,1.0,0.0,0.0,16909.5959464029,13821.511580923538,False,1.0,,50.0,0.05
sweep_02282,74,DAILY_0001,5,1000.0,1.0,0.2,False,True,BEHAVIORAL_DEFAULT_SURPLUS_COLLATERAL,3.0,1,0,0,0.2295668026988248,3000.0,1.0,0.0,3066.9096853150622,6142.21535254676,11795.455160643534,False,0.8,,50.0,0.05
sweep_02283,75,DAILY_0001,5,1000.0,1.0,0.2,True,False,,,0,2,2,0.6108407343567581,0.0,1.0,0.0,0.0,16697.360309291158,13724.10012663199,False,1.0,,50.0,0.05
sweep_02284,76,DAILY_0001,5,1000.0,1.0,0.2,True,False,,,0,2,2,0.6108407343567581,0.0,1.0,0.0,0.0,16671.801168191498,13745.175822183945,False,1.0,,50.0,0.05
sweep_02285,77,DAILY_0001,5,1000.0,1.0,0.2,True,False,,,0,2,2,0.6108407343567581,0.0,1.0,0.0,0.0,16763.124564751575,13812.423886787205,False,1.0,,50.0,0.05
sweep_02286,78,DAILY_0001,5,1000.0,1.0,0.2,True,False,,,0,2,2,0.6108407343567581,0.0,1.0,0.0,0.0,16719.51222653161,13665.126380843523,False,1.0,,50.0,0.05
sweep_02287,79,DAILY_0001,5,1000.0,1.0,0.2,True,False,,,0,2,2,0.6108407343567581,0.0,1.0,0.0,0.0,16476.77247232043,13566.382487906467,False,1.0,,50.0,0.05
sweep_02288,80,DAILY_0001,5,1000.0,1.0,0.2,True,False,,,0,2,2,0.6108407343567581,0.0,1.0,0.0,0.0,16187.427798734678,13395.505368712455,False,1.0,,50.0,0.05
sweep_02289,81,DAILY_0001,5,1000.0,1.0,0.2,True,False,,,0,2,2,0.6108407343567581,0.0,1.0,0.0,0.0,17261.26216002694,13946.06475721598,False,1.0,,50.0,0.05
sweep_02290,82,DAILY_0001,5,1000.0,1.0,0.2,True,False,,,0,2,2,0.6108407343567581,0.0,1.0,0.0,0.0,17428.23657344996,14305.887131263953,False,1.0,,50.0,0.05
sweep_02291,83,DAILY_0001,5,1000.0,1.0,0.2,False,True,BEHAVIORAL_DEFAULT_SURPLUS_COLLATERAL,5.0,1,2,2,0.6108407343567581,1000.0,1.0,0.0,306.99365660785816,13023.010849409744,13882.458275914612,False,0.8,,50.0,0.05
sweep_02292,84,DAILY_0001,5,1000.0,1.0,0.2,False,True,BEHAVIORAL_DEFAULT_SURPLUS_COLLATERAL,3.0,1,0,0,0.2295668026988248,3000.0,1.0,0.0,483.3849292774107,6504.624246924773,12120.486285347914,False,0.8,,50.0,0.05
sweep_02293,85,DAILY_0001,5,1000.0,1.0,0.2,False,True,BEHAVIORAL_DEFAULT_SURPLUS_COLLATERAL,4.0,1,2,2,0.6108407343567581,2000.0,1.0,0.0,241.22368475700387,9644.511591981416,12579.066169661852,False,0.8,,50.0,0.05
sweep_02294,86,DAILY_0001,5,1000.0,1.0,0.2,True,False,,,0,2,2,0.6108407343567581,0.0,1.0,0.0,0.0,17346.9008892341,14146.024984955853,False,1.0,,50.0,0.05
sweep_02295,87,DAILY_0001,5,1000.0,1.0,0.2,True,False,,,0,2,2,0.6108407343567581,0.0,1.0,0.0,0.0,16887.21410701461,13814.194869395278,False,1.0,,50.0,0.05
sweep_02296,88,DAILY_0001,5,1000.0,1.0,0.2,False,True,BEHAVIORAL_DEFAULT_SURPLUS_COLLATERAL,3.0,1,0,0,0.2295668026988248,3000.0,1.0,0.0,3027.7518709050564,6598.059130640779,12024.160023729022,False,0.8,,50.0,0.05
sweep_02297,89,DAILY_0001,5,1000.0,1.0,0.2,True,False,,,0,2,2,0.6108407343567581,0.0,1.0,0.0,0.0,16483.760527058344,13596.03681569539,False,1.0,,50.0,0.05
sweep_02298,90,DAILY_0001,5,1000.0,1.0,0.2,False,True,BEHAVIORAL_DEFAULT_SURPLUS_COLLATERAL,4.0,1,2,2,0.6108407343567581,2000.0,1.0,0.0,2066.408150960478,9428.143344053857,12596.93495265497,False,0.8,,50.0,0.05
sweep_02299,91,DAILY_0001,5,1000.0,1.0,0.2,True,False,,,0,2,2,0.6108407343567581,0.0,1.0,0.0,0.0,16432.64453049189,13614.767826439136,False,1.0,,50.0,0.05
sweep_02300,92,DAILY_0001,5,1000.0,1.0,0.2,True,False,,,0,2,2,0.6108407343567581,0.0,1.0,0.0,0.0,16541.46983637411,13665.066015774219,False,1.0,,50.0,0.05
sweep_02301,93,DAILY_0001,5,1000.0,1.0,0.2,False,True,BEHAVIORAL_DEFAULT_SURPLUS_COLLATERAL,3.0,1,0,0,0.2295668026988248,3000.0,1.0,0.0,512.3358320928564,7022.911645595454,12648.373435796957,False,0.8,,50.0,0.05
sweep_02302,94,DAILY_0001,5,1000.0,1.0,0.2,True,False,,,0,2,2,0.6108407343567581,0.0,1.0,0.0,0.0,16816.49136159871,13839.855311676056,False,1.0,,50.0,0.05
sweep_02303,95,DAILY_0001,5,1000.0,1.0,0.2,True,False,,,0,2,2,0.6108407343567581,0.0,1.0,0.0,0.0,17545.744689882886,14188.363920437056,False,1.0,,50.0,0.05
sweep_02304,96,DAILY_0001,5,1000.0,1.0,0.2,True,False,,,0,2,2,0.6108407343567581,0.0,1.0,0.0,0.0,17272.505142960632,13888.807358488524,False,1.0,,50.0,0.05
sweep_02305,97,DAILY_0001,5,1000.0,1.0,0.2,True,False,,,0,2,2,0.6108407343567581,0.0,1.0,0.0,0.0,17205.00493267573,13957.426742749973,False,1.0,,50.0,0.05
sweep_02306,98,DAILY_0001,5,1000.0,1.0,0.2,True,False,,,0,2,2,0.6108407343567581,0.0,1.0,0.0,0.0,17117.740576801672,14045.997208442683,False,1.0,,50.0,0.05
sweep_02307,99,DAILY_0001,5,1000.0,1.0,0.2,False,True,BEHAVIORAL_DEFAULT_SURPLUS_COLLATERAL,4.0,1,2,2,0.6108407343567581,2000.0,1.0,0.0,2065.3408946720238,9546.407766635395,12601.058528711666,False,0.8,,50.0,0.05
sweep_02308,100,DAILY_0001,5,1000.0,1.0,0.2,True,False,,,0,2,2,0.6108407343567581,0.0,1.0,0.0,0.0,17296.288473944063,14147.756324456805,False,1.0,,50.0,0.05
sweep_02309,101,DAILY_0001,5,1000.0,1.0,0.2,False,True,BEHAVIORAL_DEFAULT_SURPLUS_COLLATERAL,5.0,1,2,2,0.6108407343567581,1000.0,1.0,0.0,2011.1311451688284,13094.897102232273,14035.360788649778,False,0.8,,50.0,0.05
sweep_02310,102,DAILY_0001,5,1000.0,1.0,0.2,False,True,BEHAVIORAL_DEFAULT_SURPLUS_COLLATERAL,5.0,1,2,2,0.6108407343567581,1000.0,1.0,0.0,4986.027300964035,13315.718463742422,14247.313243948758,False,0.8,,50.0,0.05
sweep_02311,103,DAILY_0001,5,1000.0,1.0,0.2,False,True,BEHAVIORAL_DEFAULT_SURPLUS_COLLATERAL,4.0,1,2,2,0.6108407343567581,2000.0,1.0,0.0,450.007539412165,9410.055771571677,12560.22177291126,False,0.8,,50.0,0.05
sweep_02312,104,DAILY_0001,5,1000.0,1.0,0.2,True,False,,,0,2,2,0.6108407343567581,0.0,1.0,0.0,0.0,16965.565545296653,13789.176302142108,False,1.0,,50.0,0.05
sweep_02313,105,DAILY_0001,5,1000.0,1.0,0.2,False,True,BEHAVIORAL_DEFAULT_SURPLUS_COLLATERAL,4.0,1,2,2,0.6108407343567581,2000.0,1.0,0.0,2068.9701915058786,10112.068977480729,12780.941951429393,False,0.8,,50.0,0.05
sweep_02314,106,DAILY_0001,5,1000.0,1.0,0.2,False,True,BEHAVIORAL_DEFAULT_SURPLUS_COLLATERAL,5.0,1,2,2,0.6108407343567581,1000.0,1.0,0.0,401.74228718154563,13317.118454353504,14053.00293878528,False,0.8,,50.0,0.05
sweep_02315,107,DAILY_0001,5,1000.0,1.0,0.2,False,True,BEHAVIORAL_DEFAULT_SURPLUS_COLLATERAL,4.0,1,2,2,0.6108407343567581,2000.0,1.0,0.0,458.9581046315584,9504.711727327722,12480.800589773628,False,0.8,,50.0,0.05
sweep_02316,108,DAILY_0001,5,1000.0,1.0,0.2,False,True,BEHAVIORAL_DEFAULT_SURPLUS_COLLATERAL,4.0,1,2,2,0.6108407343567581,2000.0,1.0,0.0,2067.1450771187074,9229.632260373746,12553.51659495959,False,0.8,,50.0,0.05
sweep_02317,109,DAILY_0001,5,1000.0,1.0,0.2,True,False,,,0,2,2,0.6108407343567581,0.0,1.0,0.0,0.0,17097.560018571552,13961.682553439774,False,1.0,,50.0,0.05
sweep_02318,110,DAILY_0001,5,1000.0,1.0,0.2,True,False,,,0,2,2,0.6108407343567581,0.0,1.0,0.0,0.0,17252.145983174083,14152.611121966991,False,1.0,,50.0,0.05
sweep_02319,111,DAILY_0001,5,1000.0,1.0,0.2,False,True,BEHAVIORAL_DEFAULT_SURPLUS_COLLATERAL,5.0,1,2,2,0.6108407343567581,1000.0,1.0,0.0,1902.0863702524343,13005.811951455453,13818.995433642442,False,0.8,,50.0,0.05
sweep_02320,112,DAILY_0001,5,1000.0,1.0,0.2,True,False,,,0,2,2,0.6108407343567581,0.0,1.0,0.0,0.0,16909.07625773677,13870.788877903138,False,1.0,,50.0,0.05
sweep_02321,113,DAILY_0001,5,1000.0,1.0,0.2,False,True,BEHAVIORAL_DEFAULT_SURPLUS_COLLATERAL,3.0,1,0,0,0.2295668026988248,3000.0,1.0,0.0,539.647251435932,6623.312533026473,12104.217317029714,False,0.8,,50.0,0.05
sweep_02322,114,DAILY_0001,5,1000.0,1.0,0.2,False,True,BEHAVIORAL_DEFAULT_SURPLUS_COLLATERAL,3.0,1,0,0,0.2295668026988248,3000.0,1.0,0.0,452.87542980377884,6121.454939968626,11755.38396067221,False,0.8,,50.0,0.05
sweep_02323,115,DAILY_0001,5,1000.0,1.0,0.2,True,False,,,0,2,2,0.6108407343567581,0.0,1.0,0.0,0.0,16756.555719327873,13581.204644175943,False,1.0,,50.0,0.05
sweep_02324,116,DAILY_0001,5,1000.0,1.0,0.2,False,True,BEHAVIORAL_DEFAULT_SURPLUS_COLLATERAL,3.0,1,0,0,0.2295668026988248,3000.0,1.0,0.0,3199.0418484198062,6397.070943819939,12059.348481121979,False,0.8,,50.0,0.05
sweep_02325,117,DAILY_0001,5,1000.0,1.0,0.2,False,True,BEHAVIORAL_DEFAULT_SURPLUS_COLLATERAL,2.0,1,0,0,0.0802993013430624,4000.0,1.0,0.0,1203.5376914456792,3189.4444401873525,5314.003529476667,False,0.8,,50.0,0.05
sweep_02326,118,DAILY_0001,5,1000.0,1.0,0.2,True,False,,,0,2,2,0.6108407343567581,0.0,1.0,0.0,0.0,16908.748437966286,13917.83616182298,False,1.0,,50.0,0.05
sweep_02327,119,DAILY_0001,5,1000.0,1.0,0.2,True,False,,,0,2,2,0.6108407343567581,0.0,1.0,0.0,0.0,16730.031620694273,13858.72882142514,False,1.0,,50.0,0.05
sweep_02328,120,DAILY_0001,5,1000.0,1.0,0.2,True,False,,,0,2,2,0.6108407343567581,0.0,1.0,0.0,0.0,17299.20314416707,14268.685784941046,False,1.0,,50.0,0.05
sweep_02329,121,DAILY_0001,5,1000.0,1.0,0.2,False,True,BEHAVIORAL_DEFAULT_SURPLUS_COLLATERAL,4.0,1,2,2,0.6108407343567581,2000.0,1.0,0.0,2065.345325522372,9287.607451281923,12487.036860563067,False,0.8,,50.0,0.05
sweep_02330,122,DAILY_0001,5,1000.0,1.0,0.2,True,False,,,0,2,2,0.6108407343567581,0.0,1.0,0.0,0.0,16786.425779314144,13877.227584655951,False,1.0,,50.0,0.05
sweep_02331,123,DAILY_0001,5,1000.0,1.0,0.2,False,True,BEHAVIORAL_DEFAULT_SURPLUS_COLLATERAL,4.0,1,2,2,0.6108407343567581,2000.0,1.0,0.0,2067.1824934019705,10213.097259473365,12806.629977391553,False,0.8,,50.0,0.05
sweep_02332,124,DAILY_0001,5,1000.0,1.0,0.2,True,False,,,0,2,2,0.6108407343567581,0.0,1.0,0.0,0.0,17378.096470344266,14120.918520852409,False,1.0,,50.0,0.05
sweep_02333,125,DAILY_0001,5,1000.0,1.0,0.2,True,False,,,0,2,2,0.6108407343567581,0.0,1.0,0.0,0.0,17222.14785778652,14059.01742715249,False,1.0,,50.0,0.05
sweep_02334,126,DAILY_0001,5,1000.0,1.0,0.2,False,True,BEHAVIORAL_DEFAULT_SURPLUS_COLLATERAL,3.0,1,0,0,0.2295668026988248,3000.0,1.0,0.0,3274.0955166352987,6608.331218475114,12247.652734067706,False,0.8,,50.0,0.05
sweep_02335,127,DAILY_0001,5,1000.0,1.0,0.2,True,False,,,0,2,2,0.6108407343567581,0.0,1.0,0.0,0.0,17068.994068195138,13963.576521940062,False,1.0,,50.0,0.05
sweep_02336,128,DAILY_0001,5,1000.0,1.0,0.2,True,False,,,0,2,2,0.6108407343567581,0.0,1.0,0.0,0.0,17380.160876094935,13998.51917399258,False,1.0,,50.0,0.05
sweep_02337,129,DAILY_0001,5,1000.0,1.0,0.2,True,False,,,0,2,2,0.6108407343567581,0.0,1.0,0.0,0.0,16680.988802965425,13687.570041533581,False,1.0,,50.0,0.05
sweep_02338,130,DAILY_0001,5,1000.0,1.0,0.2,False,True,BEHAVIORAL_DEFAULT_SURPLUS_COLLATERAL,5.0,1,2,2,0.6108407343567581,1000.0,1.0,0.0,2352.865066706175,12730.738840773127,13710.110401890224,False,0.8,,50.0,0.05
sweep_02339,131,DAILY_0001,5,1000.0,1.0,0.2,False,True,BEHAVIORAL_DEFAULT_SURPLUS_COLLATERAL,4.0,1,2,2,0.6108407343567581,2000.0,1.0,0.0,2066.25220525022,9894.940183776958,12646.478183272155,False,0.8,,50.0,0.05
sweep_02340,132,DAILY_0001,5,1000.0,1.0,0.2,False,True,BEHAVIORAL_DEFAULT_SURPLUS_COLLATERAL,4.0,1,2,2,0.6108407343567581,2000.0,1.0,0.0,212.3552953204303,9452.061028387478,12514.618826660066,False,0.8,,50.0,0.05
sweep_02341,133,DAILY_0001,5,1000.0,1.0,0.2,False,True,BEHAVIORAL_DEFAULT_SURPLUS_COLLATERAL,2.0,1,0,0,0.0802993013430624,4000.0,1.0,0.0,1150.8410967750924,3049.7954187370806,5256.470215912239,False,0.8,,50.0,0.05
sweep_02342,134,DAILY_0001,5,1000.0,1.0,0.2,False,True,BEHAVIORAL_DEFAULT_SURPLUS_COLLATERAL,3.0,1,0,0,0.2295668026988248,3000.0,1.0,0.0,528.6919776451832,6618.547990000483,12128.903098493529,False,0.8,,50.0,0.05
sweep_02343,135,DAILY_0001,5,1000.0,1.0,0.2,True,False,,,0,2,2,0.6108407343567581,0.0,1.0,0.0,0.0,17308.180105341366,14069.381090374554,False,1.0,,50.0,0.05
sweep_02344,136,DAILY_0001,5,1000.0,1.0,0.2,False,True,BEHAVIORAL_DEFAULT_SURPLUS_COLLATERAL,5.0,1,2,2,0.6108407343567581,1000.0,1.0,0.0,1971.7304867858393,12439.168673732074,13600.717548200435,False,0.8,,50.0,0.05
sweep_02345,137,DAILY_0001,5,1000.0,1.0,0.2,False,True,BEHAVIORAL_DEFAULT_SURPLUS_COLLATERAL,4.0,1,2,2,0.6108407343567581,2000.0,1.0,0.0,360.39886067480484,9538.559186760156,12603.65231429714,False,0.8,,50.0,0.05
sweep_02346,138,DAILY_0001,5,1000.0,1.0,0.2,False,True,BEHAVIORAL_DEFAULT_SURPLUS_COLLATERAL,5.0,1,2,2,0.6108407343567581,1000.0,1.0,0.0,66.22470407446781,12533.99100881035,13642.397854029627,False,0.8,,50.0,0.05
sweep_02347,139,DAILY_0001,5,1000.0,1.0,0.2,False,True,BEHAVIORAL_DEFAULT_SURPLUS_COLLATERAL,2.0,1,0,0,0.0802993013430624,4000.0,1.0,0.0,1173.991380864447,3111.145009532911,5281.745332111765,False,0.8,,50.0,0.05
sweep_02348,140,DAILY_0001,5,1000.0,1.0,0.2,False,True,BEHAVIORAL_DEFAULT_SURPLUS_COLLATERAL,2.0,1,0,0,0.0802993013430624,4000.0,1.0,0.0,1192.98394370799,3161.476398733924,5302.481113622891,False,0.8,,50.0,0.05
sweep_02349,141,DAILY_0001,5,1000.0,1.0,0.2,True,False,,,0,2,2,0.6108407343567581,0.0,1.0,0.0,0.0,17185.12705013151,13976.147704594256,False,1.0,,50.0,0.05
sweep_02350,142,DAILY_0001,5,1000.0,1.0,0.2,False,True,BEHAVIORAL_DEFAULT_SURPLUS_COLLATERAL,2.0,1,0,0,0.0802993013430624,4000.0,1.0,0.0,1194.8101250903255,3166.3158849403544,5304.474909744865,False,0.8,,50.0,0.05
sweep_02351,143,DAILY_0001,5,1000.0,1.0,0.2,True,False,,,0,2,2,0.6108407343567581,0.0,1.0,0.0,0.0,16445.290904199723,13595.792416600532,False,1.0,,50.0,0.05
sweep_02352,144,DAILY_0001,5,1000.0,1.0,0.2,True,False,,,0,2,2,0.6108407343567581,0.0,1.0,0.0,0.0,17343.411988435073,14183.262561202382,False,1.0,,50.0,0.05
sweep_02353,145,DAILY_0001,5,1000.0,1.0,0.2,True,False,,,0,2,2,0.6108407343567581,0.0,1.0,0.0,0.0,17193.72751399906,14121.256151118054,False,1.0,,50.0,0.05
sweep_02354,146,DAILY_0001,5,1000.0,1.0,0.2,True,False,,,0,2,2,0.6108407343567581,0.0,1.0,0.0,0.0,16193.924104929843,13419.754449173934,False,1.0,,50.0,0.05
sweep_02355,147,DAILY_0001,5,1000.0,1.0,0.2,False,True,BEHAVIORAL_DEFAULT_SURPLUS_COLLATERAL,4.0,1,2,2,0.6108407343567581,2000.0,1.0,0.0,272.5160449095465,9889.107754331599,12652.479050985916,False,0.8,,50.0,0.05
sweep_02356,148,DAILY_0001,5,1000.0,1.0,0.2,True,False,,,0,2,2,0.6108407343567581,0.0,1.0,0.0,0.0,17096.666287603017,14063.095218390707,False,1.0,,50.0,0.05
sweep_02357,149,DAILY_0001,5,1000.0,1.0,0.2,False,True,BEHAVIORAL_DEFAULT_SURPLUS_COLLATERAL,4.0,1,2,2,0.6108407343567581,2000.0,1.0,0.0,176.71981620734414,9814.02173860668,12780.514667600763,False,0.8,,50.0,0.05
sweep_02358,150,DAILY_0001,5,1000.0,1.0,0.2,True,False,,,0,2,2,0.6108407343567581,0.0,1.0,0.0,0.0,16546.279710931314,13656.966633750875,False,1.0,,50.0,0.05
sweep_02359,151,DAILY_0001,5,1000.0,1.0,0.2,False,True,BEHAVIORAL_DEFAULT_SURPLUS_COLLATERAL,5.0,1,2,2,0.6108407343567581,1000.0,1.0,0.0,2167.3350168139204,13335.570209326292,14160.025605164043,False,0.8,,50.0,0.05
sweep_02360,152,DAILY_0001,5,1000.0,1.0,0.2,True,False,,,0,2,2,0.6108407343567581,0.0,1.0,0.0,0.0,17093.36930493184,14042.616278913914,False,1.0,,50.0,0.05
sweep_02361,153,DAILY_0001,5,1000.0,1.0,0.2,True,False,,,0,2,2,0.6108407343567581,0.0,1.0,0.0,0.0,16508.84948067981,13556.591243817056,False,1.0,,50.0,0.05
sweep_02362,154,DAILY_0001,5,1000.0,1.0,0.2,True,False,,,0,2,2,0.6108407343567581,0.0,1.0,0.0,0.0,16928.440090342658,13831.003227134624,False,1.0,,50.0,0.05
sweep_02363,155,DAILY_0001,5,1000.0,1.0,0.2,False,True,BEHAVIORAL_DEFAULT_SURPLUS_COLLATERAL,3.0,1,0,0,0.2295668026988248,3000.0,1.0,0.0,3150.106079276584,6224.123226178908,11916.239048196643,False,0.8,,50.0,0.05
sweep_02364,156,DAILY_0001,5,1000.0,1.0,0.2,True,False,,,0,2,2,0.6108407343567581,0.0,1.0,0.0,0.0,16822.870383115638,13843.55703250689,False,1.0,,50.0,0.05
sweep_02365,157,DAILY_0001,5,1000.0,1.0,0.2,False,True,BEHAVIORAL_DEFAULT_SURPLUS_COLLATERAL,3.0,1,0,0,0.2295668026988248,3000.0,1.0,0.0,458.738777001799,6313.283449869156,11964.173538214116,False,0.8,,50.0,0.05
sweep_02366,158,DAILY_0001,5,1000.0,1.0,0.2,True,False,,,0,2,2,0.6108407343567581,0.0,1.0,0.0,0.0,17327.297792749472,14019.63082206774,False,1.0,,50.0,0.05
sweep_02367,159,DAILY_0001,5,1000.0,1.0,0.2,True,False,,,0,2,2,0.6108407343567581,0.0,1.0,0.0,0.0,17547.075472215663,14240.732907924372,False,1.0,,50.0,0.05
sweep_02368,160,DAILY_0001,5,1000.0,1.0,0.2,False,True,BEHAVIORAL_DEFAULT_SURPLUS_COLLATERAL,5.0,1,2,2,0.6108407343567581,1000.0,1.0,0.0,4867.502262542686,13559.294233579409,14104.32458952302,False,0.8,,50.0,0.05
sweep_02369,161,DAILY_0001,5,1000.0,1.0,0.2,True,False,,,0,2,2,0.6108407343567581,0.0,1.0,0.0,0.0,16722.38973114001,13681.290247237752,False,1.0,,50.0,0.05
sweep_02370,162,DAILY_0001,5,1000.0,1.0,0.2,False,True,BEHAVIORAL_DEFAULT_SURPLUS_COLLATERAL,3.0,1,0,0,0.2295668026988248,3000.0,1.0,0.0,3027.8801064393665,6099.333759251945,11736.21832568068,False,0.8,,50.0,0.05
sweep_02371,163,DAILY_0001,5,1000.0,1.0,0.2,True,False,,,0,2,2,0.6108407343567581,0.0,1.0,0.0,0.0,17276.966005569957,14152.341830202318,False,1.0,,50.0,0.05
sweep_02372,164,DAILY_0001,5,1000.0,1.0,0.2,True,False,,,0,2,2,0.6108407343567581,0.0,1.0,0.0,0.0,17233.351687522765,14014.09121436055,False,1.0,,50.0,0.05
sweep_02373,165,DAILY_0001,5,1000.0,1.0,0.2,True,False,,,0,2,2,0.6108407343567581,0.0,1.0,0.0,0.0,16913.7215097475,13787.961707848553,False,1.0,,50.0,0.05
sweep_02374,166,DAILY_0001,5,1000.0,1.0,0.2,False,True,BEHAVIORAL_DEFAULT_SURPLUS_COLLATERAL,5.0,1,2,2,0.6108407343567581,1000.0,1.0,0.0,2326.3569350606967,13275.843211445086,14180.737473014608,False,0.8,,50.0,0.05
sweep_02375,167,DAILY_0001,5,1000.0,1.0,0.2,True,False,,,0,2,2,0.6108407343567581,0.0,1.0,0.0,0.0,16859.790773916782,13847.827903808166,False,1.0,,50.0,0.05
sweep_02376,168,DAILY_0001,5,1000.0,1.0,0.2,False,True,BEHAVIORAL_DEFAULT_SURPLUS_COLLATERAL,5.0,1,2,2,0.6108407343567581,1000.0,1.0,0.0,4824.203452823524,12306.50352346156,13450.416102622909,False,0.8,,50.0,0.05
sweep_02377,169,DAILY_0001,5,1000.0,1.0,0.2,False,True,BEHAVIORAL_DEFAULT_SURPLUS_COLLATERAL,5.0,1,2,2,0.6108407343567581,1000.0,1.0,0.0,2350.647025842193,13383.861734067441,14091.08667268303,False,0.8,,50.0,0.05
sweep_02378,170,DAILY_0001,5,1000.0,1.0,0.2,True,False,,,0,2,2,0.6108407343567581,0.0,1.0,0.0,0.0,17232.159337492943,13932.505832923282,False,1.0,,50.0,0.05
sweep_02379,171,DAILY_0001,5,1000.0,1.0,0.2,True,False,,,0,2,2,0.6108407343567581,0.0,1.0,0.0,0.0,16487.879755940605,13565.559272474917,False,1.0,,50.0,0.05
sweep_02380,172,DAILY_0001,5,1000.0,1.0,0.2,False,True,BEHAVIORAL_DEFAULT_SURPLUS_COLLATERAL,5.0,1,2,2,0.6108407343567581,1000.0,1.0,0.0,308.89983775852716,12754.088913575759,13726.487354230252,False,0.8,,50.0,0.05
sweep_02381,173,DAILY_0001,5,1000.0,1.0,0.2,True,False,,,0,2,2,0.6108407343567581,0.0,1.0,0.0,0.0,16811.936915077735,13890.616191637002,False,1.0,,50.0,0.05
sweep_02382,174,DAILY_0001,5,1000.0,1.0,0.2,True,False,,,0,2,2,0.6108407343567581,0.0,1.0,0.0,0.0,16928.24289810534,13830.353246583585,False,1.0,,50.0,0.05
sweep_02383,175,DAILY_0001,5,1000.0,1.0,0.2,True,False,,,0,2,2,0.6108407343567581,0.0,1.0,0.0,0.0,16822.84112582361,13749.072143856318,False,1.0,,50.0,0.05
sweep_02384,176,DAILY_0001,5,1000.0,1.0,0.2,True,False,,,0,2,2,0.6108407343567581,0.0,1.0,0.0,0.0,16402.90381242599,13546.43333737637,False,1.0,,50.0,0.05
sweep_02385,177,DAILY_0001,5,1000.0,1.0,0.2,False,True,BEHAVIORAL_DEFAULT_SURPLUS_COLLATERAL,2.0,1,0,0,0.0802993013430624,4000.0,1.0,0.0,1192.4988624208154,3160.1909052878864,5301.9515095000115,False,0.8,,50.0,0.05
sweep_02386,178,DAILY_0001,5,1000.0,1.0,0.2,True,False,,,0,2,2,0.6108407343567581,0.0,1.0,0.0,0.0,16613.95277706074,13683.641644870148,False,1.0,,50.0,0.05
sweep_02387,179,DAILY_0001,5,1000.0,1.0,0.2,True,False,,,0,2,2,0.6108407343567581,0.0,1.0,0.0,0.0,16825.94357748756,13724.841184421552,False,1.0,,50.0,0.05
sweep_02388,180,DAILY_0001,5,1000.0,1.0,0.2,True,False,,,0,2,2,0.6108407343567581,0.0,1.0,0.0,0.0,17332.698660576734,13979.352267895028,False,1.0,,50.0,0.05
sweep_02389,181,DAILY_0001,5,1000.0,1.0,0.2,False,True,BEHAVIORAL_DEFAULT_SURPLUS_COLLATERAL,4.0,1,2,2,0.6108407343567581,2000.0,1.0,0.0,470.0931470119913,9381.7156603568,12644.814901295193,False,0.8,,50.0,0.05
sweep_02390,182,DAILY_0001,5,1000.0,1.0,0.2,False,True,BEHAVIORAL_DEFAULT_SURPLUS_COLLATERAL,4.0,1,2,2,0.6108407343567581,2000.0,1.0,0.0,420.8443380823328,9613.459796300805,12576.703573276882,False,0.8,,50.0,0.05
sweep_02391,183,DAILY_0001,5,1000.0,1.0,0.2,False,True,BEHAVIORAL_DEFAULT_SURPLUS_COLLATERAL,5.0,1,2,2,0.6108407343567581,1000.0,1.0,0.0,1839.1720312162556,12517.895991903359,13606.978854066636,False,0.8,,50.0,0.05
sweep_02392,184,DAILY_0001,5,1000.0,1.0,0.2,True,False,,,0,2,2,0.6108407343567581,0.0,1.0,0.0,0.0,17226.715015370733,14171.452550646023,False,1.0,,50.0,0.05
sweep_02393,185,DAILY_0001,5,1000.0,1.0,0.2,False,True,BEHAVIORAL_DEFAULT_SURPLUS_COLLATERAL,4.0,1,2,2,0.6108407343567581,2000.0,1.0,0.0,196.44432942654248,9321.804157226868,12525.688059742024,False,0.8,,50.0,0.05
sweep_02394,186,DAILY_0001,5,1000.0,1.0,0.2,False,True,BEHAVIORAL_DEFAULT_SURPLUS_COLLATERAL,3.0,1,0,0,0.2295668026988248,3000.0,1.0,0.0,545.0125375246039,6559.983069571281,12015.11269573529,False,0.8,,50.0,0.05
sweep_02395,187,DAILY_0001,5,1000.0,1.0,0.2,False,True,BEHAVIORAL_DEFAULT_SURPLUS_COLLATERAL,4.0,1,2,2,0.6108407343567581,2000.0,1.0,0.0,340.82534997533094,9703.856181907031,12618.917156229514,False,0.8,,50.0,0.05
sweep_02396,188,DAILY_0001,5,1000.0,1.0,0.2,False,True,BEHAVIORAL_DEFAULT_SURPLUS_COLLATERAL,5.0,1,2,2,0.6108407343567581,1000.0,1.0,0.0,2347.5712777740064,13167.848974053273,13950.964600180505,False,0.8,,50.0,0.05
sweep_02397,189,DAILY_0001,5,1000.0,1.0,0.2,True,False,,,0,2,2,0.6108407343567581,0.0,1.0,0.0,0.0,17458.454152212147,14184.700727287975,False,1.0,,50.0,0.05
sweep_02398,190,DAILY_0001,5,1000.0,1.0,0.2,False,True,BEHAVIORAL_DEFAULT_SURPLUS_COLLATERAL,4.0,1,2,2,0.6108407343567581,2000.0,1.0,0.0,2064.2450054772235,9384.639416814975,12467.161750175288,False,0.8,,50.0,0.05
sweep_02399,191,DAILY_0001,5,1000.0,1.0,0.2,True,False,,,0,2,2,0.6108407343567581,0.0,1.0,0.0,0.0,16741.237276910877,13687.336533788934,False,1.0,,50.0,0.05
sweep_02400,42,DAILY_0001,5,1000.0,1.0,0.2,True,False,,,0,2,2,0.6108407343567581,0.0,1.0,0.0,0.0,17143.15024973444,13896.649903164347,False,1.0,,100.0,0.05
sweep_02401,43,DAILY_0001,5,1000.0,1.0,0.2,True,False,,,0,2,2,0.6108407343567581,0.0,1.0,0.0,0.0,16683.664856290503,13702.668982292247,False,1.0,,100.0,0.05
sweep_02402,44,DAILY_0001,5,1000.0,1.0,0.2,True,False,,,0,2,2,0.6108407343567581,0.0,1.0,0.0,0.0,16963.961355801184,13989.568171139475,False,1.0,,100.0,0.05
sweep_02403,45,DAILY_0001,5,1000.0,1.0,0.2,False,True,BEHAVIORAL_DEFAULT_SURPLUS_COLLATERAL,5.0,1,2,2,0.6108407343567581,1000.0,1.0,0.0,4912.0624943474,12896.079661440042,13813.71531754118,False,0.8,,100.0,0.05
sweep_02404,46,DAILY_0001,5,1000.0,1.0,0.2,True,False,,,0,2,2,0.6108407343567581,0.0,1.0,0.0,0.0,16307.234970412434,13425.782241437792,False,1.0,,100.0,0.05
sweep_02405,47,DAILY_0001,5,1000.0,1.0,0.2,True,False,,,0,2,2,0.6108407343567581,0.0,1.0,0.0,0.0,17175.220923270765,14051.34374435289,False,1.0,,100.0,0.05
sweep_02406,48,DAILY_0001,5,1000.0,1.0,0.2,False,True,BEHAVIORAL_DEFAULT_SURPLUS_COLLATERAL,3.0,1,0,0,0.2295668026988248,3000.0,1.0,0.0,506.3884333273527,6384.596399760172,11916.139247067302,False,0.8,,100.0,0.05
sweep_02407,49,DAILY_0001,5,1000.0,1.0,0.2,True,False,,,0,2,2,0.6108407343567581,0.0,1.0,0.0,0.0,17411.6649980281,14238.188945495249,False,1.0,,100.0,0.05
sweep_02408,50,DAILY_0001,5,1000.0,1.0,0.2,True,False,,,0,2,2,0.6108407343567581,0.0,1.0,0.0,0.0,16470.071539501125,13582.6821743025,False,1.0,,100.0,0.05
sweep_02409,51,DAILY_0001,5,1000.0,1.0,0.2,True,False,,,0,2,2,0.6108407343567581,0.0,1.0,0.0,0.0,16553.917458671152,13481.016854886253,False,1.0,,100.0,0.05
sweep_02410,52,DAILY_0001,5,1000.0,1.0,0.2,False,True,BEHAVIORAL_DEFAULT_SURPLUS_COLLATERAL,5.0,1,2,2,0.6108407343567581,1000.0,1.0,0.0,4764.50685284722,13756.613367327447,14402.189960432836,False,0.8,,100.0,0.05
sweep_02411,53,DAILY_0001,5,1000.0,1.0,0.2,False,True,BEHAVIORAL_DEFAULT_SURPLUS_COLLATERAL,5.0,1,2,2,0.6108407343567581,1000.0,1.0,0.0,4844.707402203173,12961.478326267516,13964.897756057693,False,0.8,,100.0,0.05
sweep_02412,54,DAILY_0001,5,1000.0,1.0,0.2,False,True,BEHAVIORAL_DEFAULT_SURPLUS_COLLATERAL,5.0,1,2,2,0.6108407343567581,1000.0,1.0,0.0,38.385057034363626,12569.941496225256,13756.194310947074,False,0.8,,100.0,0.05
sweep_02413,55,DAILY_0001,5,1000.0,1.0,0.2,False,True,BEHAVIORAL_DEFAULT_SURPLUS_COLLATERAL,5.0,1,2,2,0.6108407343567581,1000.0,1.0,0.0,2356.0270068582886,13020.111295967612,13863.950640299887,False,0.8,,100.0,0.05
sweep_02414,56,DAILY_0001,5,1000.0,1.0,0.2,False,True,BEHAVIORAL_DEFAULT_SURPLUS_COLLATERAL,5.0,1,2,2,0.6108407343567581,1000.0,1.0,0.0,2305.7663170630995,12704.486967871519,13745.714735859232,False,0.8,,100.0,0.05
sweep_02415,57,DAILY_0001,5,1000.0,1.0,0.2,True,False,,,0,2,2,0.6108407343567581,0.0,1.0,0.0,0.0,16629.925622068513,13578.562767672945,False,1.0,,100.0,0.05
sweep_02416,58,DAILY_0001,5,1000.0,1.0,0.2,True,False,,,0,2,2,0.6108407343567581,0.0,1.0,0.0,0.0,17118.252725129587,14077.252331562031,False,1.0,,100.0,0.05
sweep_02417,59,DAILY_0001,5,1000.0,1.0,0.2,False,True,BEHAVIORAL_DEFAULT_SURPLUS_COLLATERAL,4.0,1,2,2,0.6108407343567581,2000.0,1.0,0.0,177.81103944937058,9396.14470761244,12620.397994025338,False,0.8,,100.0,0.05
sweep_02418,60,DAILY_0001,5,1000.0,1.0,0.2,True,False,,,0,2,2,0.6108407343567581,0.0,1.0,0.0,0.0,16890.892442598783,13820.46319438629,False,1.0,,100.0,0.05
sweep_02419,61,DAILY_0001,5,1000.0,1.0,0.2,True,False,,,0,2,2,0.6108407343567581,0.0,1.0,0.0,0.0,17049.548692196306,14012.41711427387,False,1.0,,100.0,0.05
sweep_02420,62,DAILY_0001,5,1000.0,1.0,0.2,True,False,,,0,2,2,0.6108407343567581,0.0,1.0,0.0,0.0,16688.163188009137,13776.643702129513,False,1.0,,100.0,0.05
sweep_02421,63,DAILY_0001,5,1000.0,1.0,0.2,False,True,BEHAVIORAL_DEFAULT_SURPLUS_COLLATERAL,5.0,1,2,2,0.6108407343567581,1000.0,1.0,0.0,2328.246674248984,12560.781626539678,13618.632334766793,False,0.8,,100.0,0.05
sweep_02422,64,DAILY_0001,5,1000.0,1.0,0.2,False,True,BEHAVIORAL_DEFAULT_SURPLUS_COLLATERAL,3.0,1,0,0,0.2295668026988248,3000.0,1.0,0.0,3030.5357673556064,6151.058035452796,11768.43871381461,False,0.8,,100.0,0.05
sweep_02423,65,DAILY_0001,5,1000.0,1.0,0.2,False,True,BEHAVIORAL_DEFAULT_SURPLUS_COLLATERAL,2.0,1,0,0,0.0802993013430624,4000.0,1.0,0.0,1169.7715852684123,3099.9623073224475,5277.138225623725,False,0.8,,100.0,0.05
sweep_02424,66,DAILY_0001,5,1000.0,1.0,0.2,True,False,,,0,2,2,0.6108407343567581,0.0,1.0,0.0,0.0,17056.111050431617,13936.294278389421,False,1.0,,100.0,0.05
sweep_02425,67,DAILY_0001,5,1000.0,1.0,0.2,True,False,,,0,2,2,0.6108407343567581,0.0,1.0,0.0,0.0,17358.7323024141,14072.380768040408,False,1.0,,100.0,0.05
sweep_02426,68,DAILY_0001,5,1000.0,1.0,0.2,False,True,BEHAVIORAL_DEFAULT_SURPLUS_COLLATERAL,4.0,1,2,2,0.6108407343567581,2000.0,1.0,0.0,210.10241125081984,9384.172146377827,12554.957127721633,False,0.8,,100.0,0.05
sweep_02427,69,DAILY_0001,5,1000.0,1.0,0.2,False,True,BEHAVIORAL_DEFAULT_SURPLUS_COLLATERAL,3.0,1,0,0,0.2295668026988248,3000.0,1.0,0.0,467.3331721117106,6254.764509256824,11871.787711264511,False,0.8,,100.0,0.05
sweep_02428,70,DAILY_0001,5,1000.0,1.0,0.2,True,False,,,0,2,2,0.6108407343567581,0.0,1.0,0.0,0.0,18008.300555488746,14361.792515085119,False,1.0,,100.0,0.05
sweep_02429,71,DAILY_0001,5,1000.0,1.0,0.2,True,False,,,0,2,2,0.6108407343567581,0.0,1.0,0.0,0.0,17077.07193201092,13950.896570774858,False,1.0,,100.0,0.05
sweep_02430,72,DAILY_0001,5,1000.0,1.0,0.2,False,True,BEHAVIORAL_DEFAULT_SURPLUS_COLLATERAL,5.0,1,2,2,0.6108407343567581,1000.0,1.0,0.0,126.08554575003814,12739.57666014175,13680.233149846403,False,0.8,,100.0,0.05
sweep_02431,73,DAILY_0001,5,1000.0,1.0,0.2,True,False,,,0,2,2,0.6108407343567581,0.0,1.0,0.0,0.0,16909.5959464029,13821.511580923538,False,1.0,,100.0,0.05
sweep_02432,74,DAILY_0001,5,1000.0,1.0,0.2,False,True,BEHAVIORAL_DEFAULT_SURPLUS_COLLATERAL,3.0,1,0,0,0.2295668026988248,3000.0,1.0,0.0,3066.9096853150622,6142.21535254676,11795.455160643534,False,0.8,,100.0,0.05
sweep_02433,75,DAILY_0001,5,1000.0,1.0,0.2,True,False,,,0,2,2,0.6108407343567581,0.0,1.0,0.0,0.0,16697.360309291158,13724.10012663199,False,1.0,,100.0,0.05
sweep_02434,76,DAILY_0001,5,1000.0,1.0,0.2,True,False,,,0,2,2,0.6108407343567581,0.0,1.0,0.0,0.0,16671.801168191498,13745.175822183945,False,1.0,,100.0,0.05
sweep_02435,77,DAILY_0001,5,1000.0,1.0,0.2,True,False,,,0,2,2,0.6108407343567581,0.0,1.0,0.0,0.0,16763.124564751575,13812.423886787205,False,1.0,,100.0,0.05
sweep_02436,78,DAILY_0001,5,1000.0,1.0,0.2,True,False,,,0,2,2,0.6108407343567581,0.0,1.0,0.0,0.0,16719.51222653161,13665.126380843523,False,1.0,,100.0,0.05
sweep_02437,79,DAILY_0001,5,1000.0,1.0,0.2,True,False,,,0,2,2,0.6108407343567581,0.0,1.0,0.0,0.0,16476.77247232043,13566.382487906467,False,1.0,,100.0,0.05
sweep_02438,80,DAILY_0001,5,1000.0,1.0,0.2,True,False,,,0,2,2,0.6108407343567581,0.0,1.0,0.0,0.0,16187.427798734678,13395.505368712455,False,1.0,,100.0,0.05
sweep_02439,81,DAILY_0001,5,1000.0,1.0,0.2,True,False,,,0,2,2,0.6108407343567581,0.0,1.0,0.0,0.0,17261.26216002694,13946.06475721598,False,1.0,,100.0,0.05
sweep_02440,82,DAILY_0001,5,1000.0,1.0,0.2,True,False,,,0,2,2,0.6108407343567581,0.0,1.0,0.0,0.0,17428.23657344996,14305.887131263953,False,1.0,,100.0,0.05
sweep_02441,83,DAILY_0001,5,1000.0,1.0,0.2,False,True,BEHAVIORAL_DEFAULT_SURPLUS_COLLATERAL,5.0,1,2,2,0.6108407343567581,1000.0,1.0,0.0,306.99365660785816,13023.010849409744,13882.458275914612,False,0.8,,100.0,0.05
sweep_02442,84,DAILY_0001,5,1000.0,1.0,0.2,False,True,BEHAVIORAL_DEFAULT_SURPLUS_COLLATERAL,3.0,1,0,0,0.2295668026988248,3000.0,1.0,0.0,483.3849292774107,6504.624246924773,12120.486285347914,False,0.8,,100.0,0.05
sweep_02443,85,DAILY_0001,5,1000.0,1.0,0.2,False,True,BEHAVIORAL_DEFAULT_SURPLUS_COLLATERAL,4.0,1,2,2,0.6108407343567581,2000.0,1.0,0.0,241.22368475700387,9644.511591981416,12579.066169661852,False,0.8,,100.0,0.05
sweep_02444,86,DAILY_0001,5,1000.0,1.0,0.2,True,False,,,0,2,2,0.6108407343567581,0.0,1.0,0.0,0.0,17346.9008892341,14146.024984955853,False,1.0,,100.0,0.05
sweep_02445,87,DAILY_0001,5,1000.0,1.0,0.2,True,False,,,0,2,2,0.6108407343567581,0.0,1.0,0.0,0.0,16887.21410701461,13814.194869395278,False,1.0,,100.0,0.05
sweep_02446,88,DAILY_0001,5,1000.0,1.0,0.2,False,True,BEHAVIORAL_DEFAULT_SURPLUS_COLLATERAL,3.0,1,0,0,0.2295668026988248,3000.0,1.0,0.0,3027.7518709050564,6598.059130640779,12024.160023729022,False,0.8,,100.0,0.05
sweep_02447,89,DAILY_0001,5,1000.0,1.0,0.2,True,False,,,0,2,2,0.6108407343567581,0.0,1.0,0.0,0.0,16483.760527058344,13596.03681569539,False,1.0,,100.0,0.05
sweep_02448,90,DAILY_0001,5,1000.0,1.0,0.2,False,True,BEHAVIORAL_DEFAULT_SURPLUS_COLLATERAL,4.0,1,2,2,0.6108407343567581,2000.0,1.0,0.0,2066.408150960478,9428.143344053857,12596.93495265497,False,0.8,,100.0,0.05
sweep_02449,91,DAILY_0001,5,1000.0,1.0,0.2,True,False,,,0,2,2,0.6108407343567581,0.0,1.0,0.0,0.0,16432.64453049189,13614.767826439136,False,1.0,,100.0,0.05
sweep_02450,92,DAILY_0001,5,1000.0,1.0,0.2,True,False,,,0,2,2,0.6108407343567581,0.0,1.0,0.0,0.0,16541.46983637411,13665.066015774219,False,1.0,,100.0,0.05
sweep_02451,93,DAILY_0001,5,1000.0,1.0,0.2,False,True,BEHAVIORAL_DEFAULT_SURPLUS_COLLATERAL,3.0,1,0,0,0.2295668026988248,3000.0,1.0,0.0,512.3358320928564,7022.911645595454,12648.373435796957,False,0.8,,100.0,0.05
sweep_02452,94,DAILY_0001,5,1000.0,1.0,0.2,True,False,,,0,2,2,0.6108407343567581,0.0,1.0,0.0,0.0,16816.49136159871,13839.855311676056,False,1.0,,100.0,0.05
sweep_02453,95,DAILY_0001,5,1000.0,1.0,0.2,True,False,,,0,2,2,0.6108407343567581,0.0,1.0,0.0,0.0,17545.744689882886,14188.363920437056,False,1.0,,100.0,0.05
sweep_02454,96,DAILY_0001,5,1000.0,1.0,0.2,True,False,,,0,2,2,0.6108407343567581,0.0,1.0,0.0,0.0,17272.505142960632,13888.807358488524,False,1.0,,100.0,0.05
sweep_02455,97,DAILY_0001,5,1000.0,1.0,0.2,True,False,,,0,2,2,0.6108407343567581,0.0,1.0,0.0,0.0,17205.00493267573,13957.426742749973,False,1.0,,100.0,0.05
sweep_02456,98,DAILY_0001,5,1000.0,1.0,0.2,True,False,,,0,2,2,0.6108407343567581,0.0,1.0,0.0,0.0,17117.740576801672,14045.997208442683,False,1.0,,100.0,0.05
sweep_02457,99,DAILY_0001,5,1000.0,1.0,0.2,False,True,BEHAVIORAL_DEFAULT_SURPLUS_COLLATERAL,4.0,1,2,2,0.6108407343567581,2000.0,1.0,0.0,2065.3408946720238,9546.407766635395,12601.058528711666,False,0.8,,100.0,0.05
sweep_02458,100,DAILY_0001,5,1000.0,1.0,0.2,True,False,,,0,2,2,0.6108407343567581,0.0,1.0,0.0,0.0,17296.288473944063,14147.756324456805,False,1.0,,100.0,0.05
sweep_02459,101,DAILY_0001,5,1000.0,1.0,0.2,False,True,BEHAVIORAL_DEFAULT_SURPLUS_COLLATERAL,5.0,1,2,2,0.6108407343567581,1000.0,1.0,0.0,2011.1311451688284,13094.897102232273,14035.360788649778,False,0.8,,100.0,0.05
sweep_02460,102,DAILY_0001,5,1000.0,1.0,0.2,False,True,BEHAVIORAL_DEFAULT_SURPLUS_COLLATERAL,5.0,1,2,2,0.6108407343567581,1000.0,1.0,0.0,4986.027300964035,13315.718463742422,14247.313243948758,False,0.8,,100.0,0.05
sweep_02461,103,DAILY_0001,5,1000.0,1.0,0.2,False,True,BEHAVIORAL_DEFAULT_SURPLUS_COLLATERAL,4.0,1,2,2,0.6108407343567581,2000.0,1.0,0.0,450.007539412165,9410.055771571677,12560.22177291126,False,0.8,,100.0,0.05
sweep_02462,104,DAILY_0001,5,1000.0,1.0,0.2,True,False,,,0,2,2,0.6108407343567581,0.0,1.0,0.0,0.0,16965.565545296653,13789.176302142108,False,1.0,,100.0,0.05
sweep_02463,105,DAILY_0001,5,1000.0,1.0,0.2,False,True,BEHAVIORAL_DEFAULT_SURPLUS_COLLATERAL,4.0,1,2,2,0.6108407343567581,2000.0,1.0,0.0,2068.9701915058786,10112.068977480729,12780.941951429393,False,0.8,,100.0,0.05
sweep_02464,106,DAILY_0001,5,1000.0,1.0,0.2,False,True,BEHAVIORAL_DEFAULT_SURPLUS_COLLATERAL,5.0,1,2,2,0.6108407343567581,1000.0,1.0,0.0,401.74228718154563,13317.118454353504,14053.00293878528,False,0.8,,100.0,0.05
sweep_02465,107,DAILY_0001,5,1000.0,1.0,0.2,False,True,BEHAVIORAL_DEFAULT_SURPLUS_COLLATERAL,4.0,1,2,2,0.6108407343567581,2000.0,1.0,0.0,458.9581046315584,9504.711727327722,12480.800589773628,False,0.8,,100.0,0.05
sweep_02466,108,DAILY_0001,5,1000.0,1.0,0.2,False,True,BEHAVIORAL_DEFAULT_SURPLUS_COLLATERAL,4.0,1,2,2,0.6108407343567581,2000.0,1.0,0.0,2067.1450771187074,9229.632260373746,12553.51659495959,False,0.8,,100.0,0.05
sweep_02467,109,DAILY_0001,5,1000.0,1.0,0.2,True,False,,,0,2,2,0.6108407343567581,0.0,1.0,0.0,0.0,17097.560018571552,13961.682553439774,False,1.0,,100.0,0.05
sweep_02468,110,DAILY_0001,5,1000.0,1.0,0.2,True,False,,,0,2,2,0.6108407343567581,0.0,1.0,0.0,0.0,17252.145983174083,14152.611121966991,False,1.0,,100.0,0.05
sweep_02469,111,DAILY_0001,5,1000.0,1.0,0.2,False,True,BEHAVIORAL_DEFAULT_SURPLUS_COLLATERAL,5.0,1,2,2,0.6108407343567581,1000.0,1.0,0.0,1902.0863702524343,13005.811951455453,13818.995433642442,False,0.8,,100.0,0.05
sweep_02470,112,DAILY_0001,5,1000.0,1.0,0.2,True,False,,,0,2,2,0.6108407343567581,0.0,1.0,0.0,0.0,16909.07625773677,13870.788877903138,False,1.0,,100.0,0.05
sweep_02471,113,DAILY_0001,5,1000.0,1.0,0.2,False,True,BEHAVIORAL_DEFAULT_SURPLUS_COLLATERAL,3.0,1,0,0,0.2295668026988248,3000.0,1.0,0.0,539.647251435932,6623.312533026473,12104.217317029714,False,0.8,,100.0,0.05
sweep_02472,114,DAILY_0001,5,1000.0,1.0,0.2,False,True,BEHAVIORAL_DEFAULT_SURPLUS_COLLATERAL,3.0,1,0,0,0.2295668026988248,3000.0,1.0,0.0,452.87542980377884,6121.454939968626,11755.38396067221,False,0.8,,100.0,0.05
sweep_02473,115,DAILY_0001,5,1000.0,1.0,0.2,True,False,,,0,2,2,0.6108407343567581,0.0,1.0,0.0,0.0,16756.555719327873,13581.204644175943,False,1.0,,100.0,0.05
sweep_02474,116,DAILY_0001,5,1000.0,1.0,0.2,False,True,BEHAVIORAL_DEFAULT_SURPLUS_COLLATERAL,3.0,1,0,0,0.2295668026988248,3000.0,1.0,0.0,3199.0418484198062,6397.070943819939,12059.348481121979,False,0.8,,100.0,0.05
sweep_02475,117,DAILY_0001,5,1000.0,1.0,0.2,False,True,BEHAVIORAL_DEFAULT_SURPLUS_COLLATERAL,2.0,1,0,0,0.0802993013430624,4000.0,1.0,0.0,1203.5376914456792,3189.4444401873525,5314.003529476667,False,0.8,,100.0,0.05
sweep_02476,118,DAILY_0001,5,1000.0,1.0,0.2,True,False,,,0,2,2,0.6108407343567581,0.0,1.0,0.0,0.0,16908.748437966286,13917.83616182298,False,1.0,,100.0,0.05
sweep_02477,119,DAILY_0001,5,1000.0,1.0,0.2,True,False,,,0,2,2,0.6108407343567581,0.0,1.0,0.0,0.0,16730.031620694273,13858.72882142514,False,1.0,,100.0,0.05
sweep_02478,120,DAILY_0001,5,1000.0,1.0,0.2,True,False,,,0,2,2,0.6108407343567581,0.0,1.0,0.0,0.0,17299.20314416707,14268.685784941046,False,1.0,,100.0,0.05
sweep_02479,121,DAILY_0001,5,1000.0,1.0,0.2,False,True,BEHAVIORAL_DEFAULT_SURPLUS_COLLATERAL,4.0,1,2,2,0.6108407343567581,2000.0,1.0,0.0,2065.345325522372,9287.607451281923,12487.036860563067,False,0.8,,100.0,0.05
sweep_02480,122,DAILY_0001,5,1000.0,1.0,0.2,True,False,,,0,2,2,0.6108407343567581,0.0,1.0,0.0,0.0,16786.425779314144,13877.227584655951,False,1.0,,100.0,0.05
sweep_02481,123,DAILY_0001,5,1000.0,1.0,0.2,False,True,BEHAVIORAL_DEFAULT_SURPLUS_COLLATERAL,4.0,1,2,2,0.6108407343567581,2000.0,1.0,0.0,2067.1824934019705,10213.097259473365,12806.629977391553,False,0.8,,100.0,0.05
sweep_02482,124,DAILY_0001,5,1000.0,1.0,0.2,True,False,,,0,2,2,0.6108407343567581,0.0,1.0,0.0,0.0,17378.096470344266,14120.918520852409,False,1.0,,100.0,0.05
sweep_02483,125,DAILY_0001,5,1000.0,1.0,0.2,True,False,,,0,2,2,0.6108407343567581,0.0,1.0,0.0,0.0,17222.14785778652,14059.01742715249,False,1.0,,100.0,0.05
sweep_02484,126,DAILY_0001,5,1000.0,1.0,0.2,False,True,BEHAVIORAL_DEFAULT_SURPLUS_COLLATERAL,3.0,1,0,0,0.2295668026988248,3000.0,1.0,0.0,3274.0955166352987,6608.331218475114,12247.652734067706,False,0.8,,100.0,0.05
sweep_02485,127,DAILY_0001,5,1000.0,1.0,0.2,True,False,,,0,2,2,0.6108407343567581,0.0,1.0,0.0,0.0,17068.994068195138,13963.576521940062,False,1.0,,100.0,0.05
sweep_02486,128,DAILY_0001,5,1000.0,1.0,0.2,True,False,,,0,2,2,0.6108407343567581,0.0,1.0,0.0,0.0,17380.160876094935,13998.51917399258,False,1.0,,100.0,0.05
sweep_02487,129,DAILY_0001,5,1000.0,1.0,0.2,True,False,,,0,2,2,0.6108407343567581,0.0,1.0,0.0,0.0,16680.988802965425,13687.570041533581,False,1.0,,100.0,0.05
sweep_02488,130,DAILY_0001,5,1000.0,1.0,0.2,False,True,BEHAVIORAL_DEFAULT_SURPLUS_COLLATERAL,5.0,1,2,2,0.6108407343567581,1000.0,1.0,0.0,2352.865066706175,12730.738840773127,13710.110401890224,False,0.8,,100.0,0.05
sweep_02489,131,DAILY_0001,5,1000.0,1.0,0.2,False,True,BEHAVIORAL_DEFAULT_SURPLUS_COLLATERAL,4.0,1,2,2,0.6108407343567581,2000.0,1.0,0.0,2066.25220525022,9894.940183776958,12646.478183272155,False,0.8,,100.0,0.05
sweep_02490,132,DAILY_0001,5,1000.0,1.0,0.2,False,True,BEHAVIORAL_DEFAULT_SURPLUS_COLLATERAL,4.0,1,2,2,0.6108407343567581,2000.0,1.0,0.0,212.3552953204303,9452.061028387478,12514.618826660066,False,0.8,,100.0,0.05
sweep_02491,133,DAILY_0001,5,1000.0,1.0,0.2,False,True,BEHAVIORAL_DEFAULT_SURPLUS_COLLATERAL,2.0,1,0,0,0.0802993013430624,4000.0,1.0,0.0,1150.8410967750924,3049.7954187370806,5256.470215912239,False,0.8,,100.0,0.05
sweep_02492,134,DAILY_0001,5,1000.0,1.0,0.2,False,True,BEHAVIORAL_DEFAULT_SURPLUS_COLLATERAL,3.0,1,0,0,0.2295668026988248,3000.0,1.0,0.0,528.6919776451832,6618.547990000483,12128.903098493529,False,0.8,,100.0,0.05
sweep_02493,135,DAILY_0001,5,1000.0,1.0,0.2,True,False,,,0,2,2,0.6108407343567581,0.0,1.0,0.0,0.0,17308.180105341366,14069.381090374554,False,1.0,,100.0,0.05
sweep_02494,136,DAILY_0001,5,1000.0,1.0,0.2,False,True,BEHAVIORAL_DEFAULT_SURPLUS_COLLATERAL,5.0,1,2,2,0.6108407343567581,1000.0,1.0,0.0,1971.7304867858393,12439.168673732074,13600.717548200435,False,0.8,,100.0,0.05
sweep_02495,137,DAILY_0001,5,1000.0,1.0,0.2,False,True,BEHAVIORAL_DEFAULT_SURPLUS_COLLATERAL,4.0,1,2,2,0.6108407343567581,2000.0,1.0,0.0,360.39886067480484,9538.559186760156,12603.65231429714,False,0.8,,100.0,0.05
sweep_02496,138,DAILY_0001,5,1000.0,1.0,0.2,False,True,BEHAVIORAL_DEFAULT_SURPLUS_COLLATERAL,5.0,1,2,2,0.6108407343567581,1000.0,1.0,0.0,66.22470407446781,12533.99100881035,13642.397854029627,False,0.8,,100.0,0.05
sweep_02497,139,DAILY_0001,5,1000.0,1.0,0.2,False,True,BEHAVIORAL_DEFAULT_SURPLUS_COLLATERAL,2.0,1,0,0,0.0802993013430624,4000.0,1.0,0.0,1173.991380864447,3111.145009532911,5281.745332111765,False,0.8,,100.0,0.05
sweep_02498,140,DAILY_0001,5,1000.0,1.0,0.2,False,True,BEHAVIORAL_DEFAULT_SURPLUS_COLLATERAL,2.0,1,0,0,0.0802993013430624,4000.0,1.0,0.0,1192.98394370799,3161.476398733924,5302.481113622891,False,0.8,,100.0,0.05
sweep_02499,141,DAILY_0001,5,1000.0,1.0,0.2,True,False,,,0,2,2,0.6108407343567581,0.0,1.0,0.0,0.0,17185.12705013151,13976.147704594256,False,1.0,,100.0,0.05
sweep_02500,142,DAILY_0001,5,1000.0,1.0,0.2,False,True,BEHAVIORAL_DEFAULT_SURPLUS_COLLATERAL,2.0,1,0,0,0.0802993013430624,4000.0,1.0,0.0,1194.8101250903255,3166.3158849403544,5304.474909744865,False,0.8,,100.0,0.05
sweep_02501,143,DAILY_0001,5,1000.0,1.0,0.2,True,False,,,0,2,2,0.6108407343567581,0.0,1.0,0.0,0.0,16445.290904199723,13595.792416600532,False,1.0,,100.0,0.05
sweep_02502,144,DAILY_0001,5,1000.0,1.0,0.2,True,False,,,0,2,2,0.6108407343567581,0.0,1.0,0.0,0.0,17343.411988435073,14183.262561202382,False,1.0,,100.0,0.05
sweep_02503,145,DAILY_0001,5,1000.0,1.0,0.2,True,False,,,0,2,2,0.6108407343567581,0.0,1.0,0.0,0.0,17193.72751399906,14121.256151118054,False,1.0,,100.0,0.05
sweep_02504,146,DAILY_0001,5,1000.0,1.0,0.2,True,False,,,0,2,2,0.6108407343567581,0.0,1.0,0.0,0.0,16193.924104929843,13419.754449173934,False,1.0,,100.0,0.05
sweep_02505,147,DAILY_0001,5,1000.0,1.0,0.2,False,True,BEHAVIORAL_DEFAULT_SURPLUS_COLLATERAL,4.0,1,2,2,0.6108407343567581,2000.0,1.0,0.0,272.5160449095465,9889.107754331599,12652.479050985916,False,0.8,,100.0,0.05
sweep_02506,148,DAILY_0001,5,1000.0,1.0,0.2,True,False,,,0,2,2,0.6108407343567581,0.0,1.0,0.0,0.0,17096.666287603017,14063.095218390707,False,1.0,,100.0,0.05
sweep_02507,149,DAILY_0001,5,1000.0,1.0,0.2,False,True,BEHAVIORAL_DEFAULT_SURPLUS_COLLATERAL,4.0,1,2,2,0.6108407343567581,2000.0,1.0,0.0,176.71981620734414,9814.02173860668,12780.514667600763,False,0.8,,100.0,0.05
sweep_02508,150,DAILY_0001,5,1000.0,1.0,0.2,True,False,,,0,2,2,0.6108407343567581,0.0,1.0,0.0,0.0,16546.279710931314,13656.966633750875,False,1.0,,100.0,0.05
sweep_02509,151,DAILY_0001,5,1000.0,1.0,0.2,False,True,BEHAVIORAL_DEFAULT_SURPLUS_COLLATERAL,5.0,1,2,2,0.6108407343567581,1000.0,1.0,0.0,2167.3350168139204,13335.570209326292,14160.025605164043,False,0.8,,100.0,0.05
sweep_02510,152,DAILY_0001,5,1000.0,1.0,0.2,True,False,,,0,2,2,0.6108407343567581,0.0,1.0,0.0,0.0,17093.36930493184,14042.616278913914,False,1.0,,100.0,0.05
sweep_02511,153,DAILY_0001,5,1000.0,1.0,0.2,True,False,,,0,2,2,0.6108407343567581,0.0,1.0,0.0,0.0,16508.84948067981,13556.591243817056,False,1.0,,100.0,0.05
sweep_02512,154,DAILY_0001,5,1000.0,1.0,0.2,True,False,,,0,2,2,0.6108407343567581,0.0,1.0,0.0,0.0,16928.440090342658,13831.003227134624,False,1.0,,100.0,0.05
sweep_02513,155,DAILY_0001,5,1000.0,1.0,0.2,False,True,BEHAVIORAL_DEFAULT_SURPLUS_COLLATERAL,3.0,1,0,0,0.2295668026988248,3000.0,1.0,0.0,3150.106079276584,6224.123226178908,11916.239048196643,False,0.8,,100.0,0.05
sweep_02514,156,DAILY_0001,5,1000.0,1.0,0.2,True,False,,,0,2,2,0.6108407343567581,0.0,1.0,0.0,0.0,16822.870383115638,13843.55703250689,False,1.0,,100.0,0.05
sweep_02515,157,DAILY_0001,5,1000.0,1.0,0.2,False,True,BEHAVIORAL_DEFAULT_SURPLUS_COLLATERAL,3.0,1,0,0,0.2295668026988248,3000.0,1.0,0.0,458.738777001799,6313.283449869156,11964.173538214116,False,0.8,,100.0,0.05
sweep_02516,158,DAILY_0001,5,1000.0,1.0,0.2,True,False,,,0,2,2,0.6108407343567581,0.0,1.0,0.0,0.0,17327.297792749472,14019.63082206774,False,1.0,,100.0,0.05
sweep_02517,159,DAILY_0001,5,1000.0,1.0,0.2,True,False,,,0,2,2,0.6108407343567581,0.0,1.0,0.0,0.0,17547.075472215663,14240.732907924372,False,1.0,,100.0,0.05
sweep_02518,160,DAILY_0001,5,1000.0,1.0,0.2,False,True,BEHAVIORAL_DEFAULT_SURPLUS_COLLATERAL,5.0,1,2,2,0.6108407343567581,1000.0,1.0,0.0,4867.502262542686,13559.294233579409,14104.32458952302,False,0.8,,100.0,0.05
sweep_02519,161,DAILY_0001,5,1000.0,1.0,0.2,True,False,,,0,2,2,0.6108407343567581,0.0,1.0,0.0,0.0,16722.38973114001,13681.290247237752,False,1.0,,100.0,0.05
sweep_02520,162,DAILY_0001,5,1000.0,1.0,0.2,False,True,BEHAVIORAL_DEFAULT_SURPLUS_COLLATERAL,3.0,1,0,0,0.2295668026988248,3000.0,1.0,0.0,3027.8801064393665,6099.333759251945,11736.21832568068,False,0.8,,100.0,0.05
sweep_02521,163,DAILY_0001,5,1000.0,1.0,0.2,True,False,,,0,2,2,0.6108407343567581,0.0,1.0,0.0,0.0,17276.966005569957,14152.341830202318,False,1.0,,100.0,0.05
sweep_02522,164,DAILY_0001,5,1000.0,1.0,0.2,True,False,,,0,2,2,0.6108407343567581,0.0,1.0,0.0,0.0,17233.351687522765,14014.09121436055,False,1.0,,100.0,0.05
sweep_02523,165,DAILY_0001,5,1000.0,1.0,0.2,True,False,,,0,2,2,0.6108407343567581,0.0,1.0,0.0,0.0,16913.7215097475,13787.961707848553,False,1.0,,100.0,0.05
sweep_02524,166,DAILY_0001,5,1000.0,1.0,0.2,False,True,BEHAVIORAL_DEFAULT_SURPLUS_COLLATERAL,5.0,1,2,2,0.6108407343567581,1000.0,1.0,0.0,2326.3569350606967,13275.843211445086,14180.737473014608,False,0.8,,100.0,0.05
sweep_02525,167,DAILY_0001,5,1000.0,1.0,0.2,True,False,,,0,2,2,0.6108407343567581,0.0,1.0,0.0,0.0,16859.790773916782,13847.827903808166,False,1.0,,100.0,0.05
sweep_02526,168,DAILY_0001,5,1000.0,1.0,0.2,False,True,BEHAVIORAL_DEFAULT_SURPLUS_COLLATERAL,5.0,1,2,2,0.6108407343567581,1000.0,1.0,0.0,4824.203452823524,12306.50352346156,13450.416102622909,False,0.8,,100.0,0.05
sweep_02527,169,DAILY_0001,5,1000.0,1.0,0.2,False,True,BEHAVIORAL_DEFAULT_SURPLUS_COLLATERAL,5.0,1,2,2,0.6108407343567581,1000.0,1.0,0.0,2350.647025842193,13383.861734067441,14091.08667268303,False,0.8,,100.0,0.05
sweep_02528,170,DAILY_0001,5,1000.0,1.0,0.2,True,False,,,0,2,2,0.6108407343567581,0.0,1.0,0.0,0.0,17232.159337492943,13932.505832923282,False,1.0,,100.0,0.05
sweep_02529,171,DAILY_0001,5,1000.0,1.0,0.2,True,False,,,0,2,2,0.6108407343567581,0.0,1.0,0.0,0.0,16487.879755940605,13565.559272474917,False,1.0,,100.0,0.05
sweep_02530,172,DAILY_0001,5,1000.0,1.0,0.2,False,True,BEHAVIORAL_DEFAULT_SURPLUS_COLLATERAL,5.0,1,2,2,0.6108407343567581,1000.0,1.0,0.0,308.89983775852716,12754.088913575759,13726.487354230252,False,0.8,,100.0,0.05
sweep_02531,173,DAILY_0001,5,1000.0,1.0,0.2,True,False,,,0,2,2,0.6108407343567581,0.0,1.0,0.0,0.0,16811.936915077735,13890.616191637002,False,1.0,,100.0,0.05
sweep_02532,174,DAILY_0001,5,1000.0,1.0,0.2,True,False,,,0,2,2,0.6108407343567581,0.0,1.0,0.0,0.0,16928.24289810534,13830.353246583585,False,1.0,,100.0,0.05
sweep_02533,175,DAILY_0001,5,1000.0,1.0,0.2,True,False,,,0,2,2,0.6108407343567581,0.0,1.0,0.0,0.0,16822.84112582361,13749.072143856318,False,1.0,,100.0,0.05
sweep_02534,176,DAILY_0001,5,1000.0,1.0,0.2,True,False,,,0,2,2,0.6108407343567581,0.0,1.0,0.0,0.0,16402.90381242599,13546.43333737637,False,1.0,,100.0,0.05
sweep_02535,177,DAILY_0001,5,1000.0,1.0,0.2,False,True,BEHAVIORAL_DEFAULT_SURPLUS_COLLATERAL,2.0,1,0,0,0.0802993013430624,4000.0,1.0,0.0,1192.4988624208154,3160.1909052878864,5301.9515095000115,False,0.8,,100.0,0.05
sweep_02536,178,DAILY_0001,5,1000.0,1.0,0.2,True,False,,,0,2,2,0.6108407343567581,0.0,1.0,0.0,0.0,16613.95277706074,13683.641644870148,False,1.0,,100.0,0.05
sweep_02537,179,DAILY_0001,5,1000.0,1.0,0.2,True,False,,,0,2,2,0.6108407343567581,0.0,1.0,0.0,0.0,16825.94357748756,13724.841184421552,False,1.0,,100.0,0.05
sweep_02538,180,DAILY_0001,5,1000.0,1.0,0.2,True,False,,,0,2,2,0.6108407343567581,0.0,1.0,0.0,0.0,17332.698660576734,13979.352267895028,False,1.0,,100.0,0.05
sweep_02539,181,DAILY_0001,5,1000.0,1.0,0.2,False,True,BEHAVIORAL_DEFAULT_SURPLUS_COLLATERAL,4.0,1,2,2,0.6108407343567581,2000.0,1.0,0.0,470.0931470119913,9381.7156603568,12644.814901295193,False,0.8,,100.0,0.05
sweep_02540,182,DAILY_0001,5,1000.0,1.0,0.2,False,True,BEHAVIORAL_DEFAULT_SURPLUS_COLLATERAL,4.0,1,2,2,0.6108407343567581,2000.0,1.0,0.0,420.8443380823328,9613.459796300805,12576.703573276882,False,0.8,,100.0,0.05
sweep_02541,183,DAILY_0001,5,1000.0,1.0,0.2,False,True,BEHAVIORAL_DEFAULT_SURPLUS_COLLATERAL,5.0,1,2,2,0.6108407343567581,1000.0,1.0,0.0,1839.1720312162556,12517.895991903359,13606.978854066636,False,0.8,,100.0,0.05
sweep_02542,184,DAILY_0001,5,1000.0,1.0,0.2,True,False,,,0,2,2,0.6108407343567581,0.0,1.0,0.0,0.0,17226.715015370733,14171.452550646023,False,1.0,,100.0,0.05
sweep_02543,185,DAILY_0001,5,1000.0,1.0,0.2,False,True,BEHAVIORAL_DEFAULT_SURPLUS_COLLATERAL,4.0,1,2,2,0.6108407343567581,2000.0,1.0,0.0,196.44432942654248,9321.804157226868,12525.688059742024,False,0.8,,100.0,0.05
sweep_02544,186,DAILY_0001,5,1000.0,1.0,0.2,False,True,BEHAVIORAL_DEFAULT_SURPLUS_COLLATERAL,3.0,1,0,0,0.2295668026988248,3000.0,1.0,0.0,545.0125375246039,6559.983069571281,12015.11269573529,False,0.8,,100.0,0.05
sweep_02545,187,DAILY_0001,5,1000.0,1.0,0.2,False,True,BEHAVIORAL_DEFAULT_SURPLUS_COLLATERAL,4.0,1,2,2,0.6108407343567581,2000.0,1.0,0.0,340.82534997533094,9703.856181907031,12618.917156229514,False,0.8,,100.0,0.05
sweep_02546,188,DAILY_0001,5,1000.0,1.0,0.2,False,True,BEHAVIORAL_DEFAULT_SURPLUS_COLLATERAL,5.0,1,2,2,0.6108407343567581,1000.0,1.0,0.0,2347.5712777740064,13167.848974053273,13950.964600180505,False,0.8,,100.0,0.05
sweep_02547,189,DAILY_0001,5,1000.0,1.0,0.2,True,False,,,0,2,2,0.6108407343567581,0.0,1.0,0.0,0.0,17458.454152212147,14184.700727287975,False,1.0,,100.0,0.05
sweep_02548,190,DAILY_0001,5,1000.0,1.0,0.2,False,True,BEHAVIORAL_DEFAULT_SURPLUS_COLLATERAL,4.0,1,2,2,0.6108407343567581,2000.0,1.0,0.0,2064.2450054772235,9384.639416814975,12467.161750175288,False,0.8,,100.0,0.05
sweep_02549,191,DAILY_0001,5,1000.0,1.0,0.2,True,False,,,0,2,2,0.6108407343567581,0.0,1.0,0.0,0.0,16741.237276910877,13687.336533788934,False,1.0,,100.0,0.05
sweep_02550,42,DAILY_0001,5,1000.0,1.0,0.2,True,False,,,0,2,2,0.6108407343567581,0.0,1.0,0.0,0.0,17143.15024973444,13896.649903164347,False,1.0,,150.0,0.05
sweep_02551,43,DAILY_0001,5,1000.0,1.0,0.2,True,False,,,0,2,2,0.6108407343567581,0.0,1.0,0.0,0.0,16683.664856290503,13702.668982292247,False,1.0,,150.0,0.05
sweep_02552,44,DAILY_0001,5,1000.0,1.0,0.2,True,False,,,0,2,2,0.6108407343567581,0.0,1.0,0.0,0.0,16963.961355801184,13989.568171139475,False,1.0,,150.0,0.05
sweep_02553,45,DAILY_0001,5,1000.0,1.0,0.2,False,True,BEHAVIORAL_DEFAULT_SURPLUS_COLLATERAL,5.0,1,2,2,0.6108407343567581,1000.0,1.0,0.0,4912.0624943474,12896.079661440042,13813.71531754118,False,0.8,,150.0,0.05
sweep_02554,46,DAILY_0001,5,1000.0,1.0,0.2,True,False,,,0,2,2,0.6108407343567581,0.0,1.0,0.0,0.0,16307.234970412434,13425.782241437792,False,1.0,,150.0,0.05
sweep_02555,47,DAILY_0001,5,1000.0,1.0,0.2,True,False,,,0,2,2,0.6108407343567581,0.0,1.0,0.0,0.0,17175.220923270765,14051.34374435289,False,1.0,,150.0,0.05
sweep_02556,48,DAILY_0001,5,1000.0,1.0,0.2,False,True,BEHAVIORAL_DEFAULT_SURPLUS_COLLATERAL,3.0,1,0,0,0.2295668026988248,3000.0,1.0,0.0,506.3884333273527,6384.596399760172,11916.139247067302,False,0.8,,150.0,0.05
sweep_02557,49,DAILY_0001,5,1000.0,1.0,0.2,True,False,,,0,2,2,0.6108407343567581,0.0,1.0,0.0,0.0,17411.6649980281,14238.188945495249,False,1.0,,150.0,0.05
sweep_02558,50,DAILY_0001,5,1000.0,1.0,0.2,True,False,,,0,2,2,0.6108407343567581,0.0,1.0,0.0,0.0,16470.071539501125,13582.6821743025,False,1.0,,150.0,0.05
sweep_02559,51,DAILY_0001,5,1000.0,1.0,0.2,True,False,,,0,2,2,0.6108407343567581,0.0,1.0,0.0,0.0,16553.917458671152,13481.016854886253,False,1.0,,150.0,0.05
sweep_02560,52,DAILY_0001,5,1000.0,1.0,0.2,False,True,BEHAVIORAL_DEFAULT_SURPLUS_COLLATERAL,5.0,1,2,2,0.6108407343567581,1000.0,1.0,0.0,4764.50685284722,13756.613367327447,14402.189960432836,False,0.8,,150.0,0.05
sweep_02561,53,DAILY_0001,5,1000.0,1.0,0.2,False,True,BEHAVIORAL_DEFAULT_SURPLUS_COLLATERAL,5.0,1,2,2,0.6108407343567581,1000.0,1.0,0.0,4844.707402203173,12961.478326267516,13964.897756057693,False,0.8,,150.0,0.05
sweep_02562,54,DAILY_0001,5,1000.0,1.0,0.2,False,True,BEHAVIORAL_DEFAULT_SURPLUS_COLLATERAL,5.0,1,2,2,0.6108407343567581,1000.0,1.0,0.0,38.385057034363626,12569.941496225256,13756.194310947074,False,0.8,,150.0,0.05
sweep_02563,55,DAILY_0001,5,1000.0,1.0,0.2,False,True,BEHAVIORAL_DEFAULT_SURPLUS_COLLATERAL,5.0,1,2,2,0.6108407343567581,1000.0,1.0,0.0,2356.0270068582886,13020.111295967612,13863.950640299887,False,0.8,,150.0,0.05
sweep_02564,56,DAILY_0001,5,1000.0,1.0,0.2,False,True,BEHAVIORAL_DEFAULT_SURPLUS_COLLATERAL,5.0,1,2,2,0.6108407343567581,1000.0,1.0,0.0,2305.7663170630995,12704.486967871519,13745.714735859232,False,0.8,,150.0,0.05
sweep_02565,57,DAILY_0001,5,1000.0,1.0,0.2,True,False,,,0,2,2,0.6108407343567581,0.0,1.0,0.0,0.0,16629.925622068513,13578.562767672945,False,1.0,,150.0,0.05
sweep_02566,58,DAILY_0001,5,1000.0,1.0,0.2,True,False,,,0,2,2,0.6108407343567581,0.0,1.0,0.0,0.0,17118.252725129587,14077.252331562031,False,1.0,,150.0,0.05
sweep_02567,59,DAILY_0001,5,1000.0,1.0,0.2,False,True,BEHAVIORAL_DEFAULT_SURPLUS_COLLATERAL,4.0,1,2,2,0.6108407343567581,2000.0,1.0,0.0,177.81103944937058,9396.14470761244,12620.397994025338,False,0.8,,150.0,0.05
sweep_02568,60,DAILY_0001,5,1000.0,1.0,0.2,True,False,,,0,2,2,0.6108407343567581,0.0,1.0,0.0,0.0,16890.892442598783,13820.46319438629,False,1.0,,150.0,0.05
sweep_02569,61,DAILY_0001,5,1000.0,1.0,0.2,True,False,,,0,2,2,0.6108407343567581,0.0,1.0,0.0,0.0,17049.548692196306,14012.41711427387,False,1.0,,150.0,0.05
sweep_02570,62,DAILY_0001,5,1000.0,1.0,0.2,True,False,,,0,2,2,0.6108407343567581,0.0,1.0,0.0,0.0,16688.163188009137,13776.643702129513,False,1.0,,150.0,0.05
sweep_02571,63,DAILY_0001,5,1000.0,1.0,0.2,False,True,BEHAVIORAL_DEFAULT_SURPLUS_COLLATERAL,5.0,1,2,2,0.6108407343567581,1000.0,1.0,0.0,2328.246674248984,12560.781626539678,13618.632334766793,False,0.8,,150.0,0.05
sweep_02572,64,DAILY_0001,5,1000.0,1.0,0.2,False,True,BEHAVIORAL_DEFAULT_SURPLUS_COLLATERAL,3.0,1,0,0,0.2295668026988248,3000.0,1.0,0.0,3030.5357673556064,6151.058035452796,11768.43871381461,False,0.8,,150.0,0.05
sweep_02573,65,DAILY_0001,5,1000.0,1.0,0.2,False,True,BEHAVIORAL_DEFAULT_SURPLUS_COLLATERAL,2.0,1,0,0,0.0802993013430624,4000.0,1.0,0.0,1169.7715852684123,3099.9623073224475,5277.138225623725,False,0.8,,150.0,0.05
sweep_02574,66,DAILY_0001,5,1000.0,1.0,0.2,True,False,,,0,2,2,0.6108407343567581,0.0,1.0,0.0,0.0,17056.111050431617,13936.294278389421,False,1.0,,150.0,0.05
sweep_02575,67,DAILY_0001,5,1000.0,1.0,0.2,True,False,,,0,2,2,0.6108407343567581,0.0,1.0,0.0,0.0,17358.7323024141,14072.380768040408,False,1.0,,150.0,0.05
sweep_02576,68,DAILY_0001,5,1000.0,1.0,0.2,False,True,BEHAVIORAL_DEFAULT_SURPLUS_COLLATERAL,4.0,1,2,2,0.6108407343567581,2000.0,1.0,0.0,210.10241125081984,9384.172146377827,12554.957127721633,False,0.8,,150.0,0.05
sweep_02577,69,DAILY_0001,5,1000.0,1.0,0.2,False,True,BEHAVIORAL_DEFAULT_SURPLUS_COLLATERAL,3.0,1,0,0,0.2295668026988248,3000.0,1.0,0.0,467.3331721117106,6254.764509256824,11871.787711264511,False,0.8,,150.0,0.05
sweep_02578,70,DAILY_0001,5,1000.0,1.0,0.2,True,False,,,0,2,2,0.6108407343567581,0.0,1.0,0.0,0.0,18008.300555488746,14361.792515085119,False,1.0,,150.0,0.05
sweep_02579,71,DAILY_0001,5,1000.0,1.0,0.2,True,False,,,0,2,2,0.6108407343567581,0.0,1.0,0.0,0.0,17077.07193201092,13950.896570774858,False,1.0,,150.0,0.05
sweep_02580,72,DAILY_0001,5,1000.0,1.0,0.2,False,True,BEHAVIORAL_DEFAULT_SURPLUS_COLLATERAL,5.0,1,2,2,0.6108407343567581,1000.0,1.0,0.0,126.08554575003814,12739.57666014175,13680.233149846403,False,0.8,,150.0,0.05
sweep_02581,73,DAILY_0001,5,1000.0,1.0,0.2,True,False,,,0,2,2,0.6108407343567581,0.0,1.0,0.0,0.0,16909.5959464029,13821.511580923538,False,1.0,,150.0,0.05
sweep_02582,74,DAILY_0001,5,1000.0,1.0,0.2,False,True,BEHAVIORAL_DEFAULT_SURPLUS_COLLATERAL,3.0,1,0,0,0.2295668026988248,3000.0,1.0,0.0,3066.9096853150622,6142.21535254676,11795.455160643534,False,0.8,,150.0,0.05
sweep_02583,75,DAILY_0001,5,1000.0,1.0,0.2,True,False,,,0,2,2,0.6108407343567581,0.0,1.0,0.0,0.0,16697.360309291158,13724.10012663199,False,1.0,,150.0,0.05
sweep_02584,76,DAILY_0001,5,1000.0,1.0,0.2,True,False,,,0,2,2,0.6108407343567581,0.0,1.0,0.0,0.0,16671.801168191498,13745.175822183945,False,1.0,,150.0,0.05
sweep_02585,77,DAILY_0001,5,1000.0,1.0,0.2,True,False,,,0,2,2,0.6108407343567581,0.0,1.0,0.0,0.0,16763.124564751575,13812.423886787205,False,1.0,,150.0,0.05
sweep_02586,78,DAILY_0001,5,1000.0,1.0,0.2,True,False,,,0,2,2,0.6108407343567581,0.0,1.0,0.0,0.0,16719.51222653161,13665.126380843523,False,1.0,,150.0,0.05
sweep_02587,79,DAILY_0001,5,1000.0,1.0,0.2,True,False,,,0,2,2,0.6108407343567581,0.0,1.0,0.0,0.0,16476.77247232043,13566.382487906467,False,1.0,,150.0,0.05
sweep_02588,80,DAILY_0001,5,1000.0,1.0,0.2,True,False,,,0,2,2,0.6108407343567581,0.0,1.0,0.0,0.0,16187.427798734678,13395.505368712455,False,1.0,,150.0,0.05
sweep_02589,81,DAILY_0001,5,1000.0,1.0,0.2,True,False,,,0,2,2,0.6108407343567581,0.0,1.0,0.0,0.0,17261.26216002694,13946.06475721598,False,1.0,,150.0,0.05
sweep_02590,82,DAILY_0001,5,1000.0,1.0,0.2,True,False,,,0,2,2,0.6108407343567581,0.0,1.0,0.0,0.0,17428.23657344996,14305.887131263953,False,1.0,,150.0,0.05
sweep_02591,83,DAILY_0001,5,1000.0,1.0,0.2,False,True,BEHAVIORAL_DEFAULT_SURPLUS_COLLATERAL,5.0,1,2,2,0.6108407343567581,1000.0,1.0,0.0,306.99365660785816,13023.010849409744,13882.458275914612,False,0.8,,150.0,0.05
sweep_02592,84,DAILY_0001,5,1000.0,1.0,0.2,False,True,BEHAVIORAL_DEFAULT_SURPLUS_COLLATERAL,3.0,1,0,0,0.2295668026988248,3000.0,1.0,0.0,483.3849292774107,6504.624246924773,12120.486285347914,False,0.8,,150.0,0.05
sweep_02593,85,DAILY_0001,5,1000.0,1.0,0.2,False,True,BEHAVIORAL_DEFAULT_SURPLUS_COLLATERAL,4.0,1,2,2,0.6108407343567581,2000.0,1.0,0.0,241.22368475700387,9644.511591981416,12579.066169661852,False,0.8,,150.0,0.05
sweep_02594,86,DAILY_0001,5,1000.0,1.0,0.2,True,False,,,0,2,2,0.6108407343567581,0.0,1.0,0.0,0.0,17346.9008892341,14146.024984955853,False,1.0,,150.0,0.05
sweep_02595,87,DAILY_0001,5,1000.0,1.0,0.2,True,False,,,0,2,2,0.6108407343567581,0.0,1.0,0.0,0.0,16887.21410701461,13814.194869395278,False,1.0,,150.0,0.05
sweep_02596,88,DAILY_0001,5,1000.0,1.0,0.2,False,True,BEHAVIORAL_DEFAULT_SURPLUS_COLLATERAL,3.0,1,0,0,0.2295668026988248,3000.0,1.0,0.0,3027.7518709050564,6598.059130640779,12024.160023729022,False,0.8,,150.0,0.05
sweep_02597,89,DAILY_0001,5,1000.0,1.0,0.2,True,False,,,0,2,2,0.6108407343567581,0.0,1.0,0.0,0.0,16483.760527058344,13596.03681569539,False,1.0,,150.0,0.05
sweep_02598,90,DAILY_0001,5,1000.0,1.0,0.2,False,True,BEHAVIORAL_DEFAULT_SURPLUS_COLLATERAL,4.0,1,2,2,0.6108407343567581,2000.0,1.0,0.0,2066.408150960478,9428.143344053857,12596.93495265497,False,0.8,,150.0,0.05
sweep_02599,91,DAILY_0001,5,1000.0,1.0,0.2,True,False,,,0,2,2,0.6108407343567581,0.0,1.0,0.0,0.0,16432.64453049189,13614.767826439136,False,1.0,,150.0,0.05
sweep_02600,92,DAILY_0001,5,1000.0,1.0,0.2,True,False,,,0,2,2,0.6108407343567581,0.0,1.0,0.0,0.0,16541.46983637411,13665.066015774219,False,1.0,,150.0,0.05
sweep_02601,93,DAILY_0001,5,1000.0,1.0,0.2,False,True,BEHAVIORAL_DEFAULT_SURPLUS_COLLATERAL,3.0,1,0,0,0.2295668026988248,3000.0,1.0,0.0,512.3358320928564,7022.911645595454,12648.373435796957,False,0.8,,150.0,0.05
sweep_02602,94,DAILY_0001,5,1000.0,1.0,0.2,True,False,,,0,2,2,0.6108407343567581,0.0,1.0,0.0,0.0,16816.49136159871,13839.855311676056,False,1.0,,150.0,0.05
sweep_02603,95,DAILY_0001,5,1000.0,1.0,0.2,True,False,,,0,2,2,0.6108407343567581,0.0,1.0,0.0,0.0,17545.744689882886,14188.363920437056,False,1.0,,150.0,0.05
sweep_02604,96,DAILY_0001,5,1000.0,1.0,0.2,True,False,,,0,2,2,0.6108407343567581,0.0,1.0,0.0,0.0,17272.505142960632,13888.807358488524,False,1.0,,150.0,0.05
sweep_02605,97,DAILY_0001,5,1000.0,1.0,0.2,True,False,,,0,2,2,0.6108407343567581,0.0,1.0,0.0,0.0,17205.00493267573,13957.426742749973,False,1.0,,150.0,0.05
sweep_02606,98,DAILY_0001,5,1000.0,1.0,0.2,True,False,,,0,2,2,0.6108407343567581,0.0,1.0,0.0,0.0,17117.740576801672,14045.997208442683,False,1.0,,150.0,0.05
sweep_02607,99,DAILY_0001,5,1000.0,1.0,0.2,False,True,BEHAVIORAL_DEFAULT_SURPLUS_COLLATERAL,4.0,1,2,2,0.6108407343567581,2000.0,1.0,0.0,2065.3408946720238,9546.407766635395,12601.058528711666,False,0.8,,150.0,0.05
sweep_02608,100,DAILY_0001,5,1000.0,1.0,0.2,True,False,,,0,2,2,0.6108407343567581,0.0,1.0,0.0,0.0,17296.288473944063,14147.756324456805,False,1.0,,150.0,0.05
sweep_02609,101,DAILY_0001,5,1000.0,1.0,0.2,False,True,BEHAVIORAL_DEFAULT_SURPLUS_COLLATERAL,5.0,1,2,2,0.6108407343567581,1000.0,1.0,0.0,2011.1311451688284,13094.897102232273,14035.360788649778,False,0.8,,150.0,0.05
sweep_02610,102,DAILY_0001,5,1000.0,1.0,0.2,False,True,BEHAVIORAL_DEFAULT_SURPLUS_COLLATERAL,5.0,1,2,2,0.6108407343567581,1000.0,1.0,0.0,4986.027300964035,13315.718463742422,14247.313243948758,False,0.8,,150.0,0.05
sweep_02611,103,DAILY_0001,5,1000.0,1.0,0.2,False,True,BEHAVIORAL_DEFAULT_SURPLUS_COLLATERAL,4.0,1,2,2,0.6108407343567581,2000.0,1.0,0.0,450.007539412165,9410.055771571677,12560.22177291126,False,0.8,,150.0,0.05
sweep_02612,104,DAILY_0001,5,1000.0,1.0,0.2,True,False,,,0,2,2,0.6108407343567581,0.0,1.0,0.0,0.0,16965.565545296653,13789.176302142108,False,1.0,,150.0,0.05
sweep_02613,105,DAILY_0001,5,1000.0,1.0,0.2,False,True,BEHAVIORAL_DEFAULT_SURPLUS_COLLATERAL,4.0,1,2,2,0.6108407343567581,2000.0,1.0,0.0,2068.9701915058786,10112.068977480729,12780.941951429393,False,0.8,,150.0,0.05
sweep_02614,106,DAILY_0001,5,1000.0,1.0,0.2,False,True,BEHAVIORAL_DEFAULT_SURPLUS_COLLATERAL,5.0,1,2,2,0.6108407343567581,1000.0,1.0,0.0,401.74228718154563,13317.118454353504,14053.00293878528,False,0.8,,150.0,0.05
sweep_02615,107,DAILY_0001,5,1000.0,1.0,0.2,False,True,BEHAVIORAL_DEFAULT_SURPLUS_COLLATERAL,4.0,1,2,2,0.6108407343567581,2000.0,1.0,0.0,458.9581046315584,9504.711727327722,12480.800589773628,False,0.8,,150.0,0.05
sweep_02616,108,DAILY_0001,5,1000.0,1.0,0.2,False,True,BEHAVIORAL_DEFAULT_SURPLUS_COLLATERAL,4.0,1,2,2,0.6108407343567581,2000.0,1.0,0.0,2067.1450771187074,9229.632260373746,12553.51659495959,False,0.8,,150.0,0.05
sweep_02617,109,DAILY_0001,5,1000.0,1.0,0.2,True,False,,,0,2,2,0.6108407343567581,0.0,1.0,0.0,0.0,17097.560018571552,13961.682553439774,False,1.0,,150.0,0.05
sweep_02618,110,DAILY_0001,5,1000.0,1.0,0.2,True,False,,,0,2,2,0.6108407343567581,0.0,1.0,0.0,0.0,17252.145983174083,14152.611121966991,False,1.0,,150.0,0.05
sweep_02619,111,DAILY_0001,5,1000.0,1.0,0.2,False,True,BEHAVIORAL_DEFAULT_SURPLUS_COLLATERAL,5.0,1,2,2,0.6108407343567581,1000.0,1.0,0.0,1902.0863702524343,13005.811951455453,13818.995433642442,False,0.8,,150.0,0.05
sweep_02620,112,DAILY_0001,5,1000.0,1.0,0.2,True,False,,,0,2,2,0.6108407343567581,0.0,1.0,0.0,0.0,16909.07625773677,13870.788877903138,False,1.0,,150.0,0.05
sweep_02621,113,DAILY_0001,5,1000.0,1.0,0.2,False,True,BEHAVIORAL_DEFAULT_SURPLUS_COLLATERAL,3.0,1,0,0,0.2295668026988248,3000.0,1.0,0.0,539.647251435932,6623.312533026473,12104.217317029714,False,0.8,,150.0,0.05
sweep_02622,114,DAILY_0001,5,1000.0,1.0,0.2,False,True,BEHAVIORAL_DEFAULT_SURPLUS_COLLATERAL,3.0,1,0,0,0.2295668026988248,3000.0,1.0,0.0,452.87542980377884,6121.454939968626,11755.38396067221,False,0.8,,150.0,0.05
sweep_02623,115,DAILY_0001,5,1000.0,1.0,0.2,True,False,,,0,2,2,0.6108407343567581,0.0,1.0,0.0,0.0,16756.555719327873,13581.204644175943,False,1.0,,150.0,0.05
sweep_02624,116,DAILY_0001,5,1000.0,1.0,0.2,False,True,BEHAVIORAL_DEFAULT_SURPLUS_COLLATERAL,3.0,1,0,0,0.2295668026988248,3000.0,1.0,0.0,3199.0418484198062,6397.070943819939,12059.348481121979,False,0.8,,150.0,0.05
sweep_02625,117,DAILY_0001,5,1000.0,1.0,0.2,False,True,BEHAVIORAL_DEFAULT_SURPLUS_COLLATERAL,2.0,1,0,0,0.0802993013430624,4000.0,1.0,0.0,1203.5376914456792,3189.4444401873525,5314.003529476667,False,0.8,,150.0,0.05
sweep_02626,118,DAILY_0001,5,1000.0,1.0,0.2,True,False,,,0,2,2,0.6108407343567581,0.0,1.0,0.0,0.0,16908.748437966286,13917.83616182298,False,1.0,,150.0,0.05
sweep_02627,119,DAILY_0001,5,1000.0,1.0,0.2,True,False,,,0,2,2,0.6108407343567581,0.0,1.0,0.0,0.0,16730.031620694273,13858.72882142514,False,1.0,,150.0,0.05
sweep_02628,120,DAILY_0001,5,1000.0,1.0,0.2,True,False,,,0,2,2,0.6108407343567581,0.0,1.0,0.0,0.0,17299.20314416707,14268.685784941046,False,1.0,,150.0,0.05
sweep_02629,121,DAILY_0001,5,1000.0,1.0,0.2,False,True,BEHAVIORAL_DEFAULT_SURPLUS_COLLATERAL,4.0,1,2,2,0.6108407343567581,2000.0,1.0,0.0,2065.345325522372,9287.607451281923,12487.036860563067,False,0.8,,150.0,0.05
sweep_02630,122,DAILY_0001,5,1000.0,1.0,0.2,True,False,,,0,2,2,0.6108407343567581,0.0,1.0,0.0,0.0,16786.425779314144,13877.227584655951,False,1.0,,150.0,0.05
sweep_02631,123,DAILY_0001,5,1000.0,1.0,0.2,False,True,BEHAVIORAL_DEFAULT_SURPLUS_COLLATERAL,4.0,1,2,2,0.6108407343567581,2000.0,1.0,0.0,2067.1824934019705,10213.097259473365,12806.629977391553,False,0.8,,150.0,0.05
sweep_02632,124,DAILY_0001,5,1000.0,1.0,0.2,True,False,,,0,2,2,0.6108407343567581,0.0,1.0,0.0,0.0,17378.096470344266,14120.918520852409,False,1.0,,150.0,0.05
sweep_02633,125,DAILY_0001,5,1000.0,1.0,0.2,True,False,,,0,2,2,0.6108407343567581,0.0,1.0,0.0,0.0,17222.14785778652,14059.01742715249,False,1.0,,150.0,0.05
sweep_02634,126,DAILY_0001,5,1000.0,1.0,0.2,False,True,BEHAVIORAL_DEFAULT_SURPLUS_COLLATERAL,3.0,1,0,0,0.2295668026988248,3000.0,1.0,0.0,3274.0955166352987,6608.331218475114,12247.652734067706,False,0.8,,150.0,0.05
sweep_02635,127,DAILY_0001,5,1000.0,1.0,0.2,True,False,,,0,2,2,0.6108407343567581,0.0,1.0,0.0,0.0,17068.994068195138,13963.576521940062,False,1.0,,150.0,0.05
sweep_02636,128,DAILY_0001,5,1000.0,1.0,0.2,True,False,,,0,2,2,0.6108407343567581,0.0,1.0,0.0,0.0,17380.160876094935,13998.51917399258,False,1.0,,150.0,0.05
sweep_02637,129,DAILY_0001,5,1000.0,1.0,0.2,True,False,,,0,2,2,0.6108407343567581,0.0,1.0,0.0,0.0,16680.988802965425,13687.570041533581,False,1.0,,150.0,0.05
sweep_02638,130,DAILY_0001,5,1000.0,1.0,0.2,False,True,BEHAVIORAL_DEFAULT_SURPLUS_COLLATERAL,5.0,1,2,2,0.6108407343567581,1000.0,1.0,0.0,2352.865066706175,12730.738840773127,13710.110401890224,False,0.8,,150.0,0.05
sweep_02639,131,DAILY_0001,5,1000.0,1.0,0.2,False,True,BEHAVIORAL_DEFAULT_SURPLUS_COLLATERAL,4.0,1,2,2,0.6108407343567581,2000.0,1.0,0.0,2066.25220525022,9894.940183776958,12646.478183272155,False,0.8,,150.0,0.05
sweep_02640,132,DAILY_0001,5,1000.0,1.0,0.2,False,True,BEHAVIORAL_DEFAULT_SURPLUS_COLLATERAL,4.0,1,2,2,0.6108407343567581,2000.0,1.0,0.0,212.3552953204303,9452.061028387478,12514.618826660066,False,0.8,,150.0,0.05
sweep_02641,133,DAILY_0001,5,1000.0,1.0,0.2,False,True,BEHAVIORAL_DEFAULT_SURPLUS_COLLATERAL,2.0,1,0,0,0.0802993013430624,4000.0,1.0,0.0,1150.8410967750924,3049.7954187370806,5256.470215912239,False,0.8,,150.0,0.05
sweep_02642,134,DAILY_0001,5,1000.0,1.0,0.2,False,True,BEHAVIORAL_DEFAULT_SURPLUS_COLLATERAL,3.0,1,0,0,0.2295668026988248,3000.0,1.0,0.0,528.6919776451832,6618.547990000483,12128.903098493529,False,0.8,,150.0,0.05
sweep_02643,135,DAILY_0001,5,1000.0,1.0,0.2,True,False,,,0,2,2,0.6108407343567581,0.0,1.0,0.0,0.0,17308.180105341366,14069.381090374554,False,1.0,,150.0,0.05
sweep_02644,136,DAILY_0001,5,1000.0,1.0,0.2,False,True,BEHAVIORAL_DEFAULT_SURPLUS_COLLATERAL,5.0,1,2,2,0.6108407343567581,1000.0,1.0,0.0,1971.7304867858393,12439.168673732074,13600.717548200435,False,0.8,,150.0,0.05
sweep_02645,137,DAILY_0001,5,1000.0,1.0,0.2,False,True,BEHAVIORAL_DEFAULT_SURPLUS_COLLATERAL,4.0,1,2,2,0.6108407343567581,2000.0,1.0,0.0,360.39886067480484,9538.559186760156,12603.65231429714,False,0.8,,150.0,0.05
sweep_02646,138,DAILY_0001,5,1000.0,1.0,0.2,False,True,BEHAVIORAL_DEFAULT_SURPLUS_COLLATERAL,5.0,1,2,2,0.6108407343567581,1000.0,1.0,0.0,66.22470407446781,12533.99100881035,13642.397854029627,False,0.8,,150.0,0.05
sweep_02647,139,DAILY_0001,5,1000.0,1.0,0.2,False,True,BEHAVIORAL_DEFAULT_SURPLUS_COLLATERAL,2.0,1,0,0,0.0802993013430624,4000.0,1.0,0.0,1173.991380864447,3111.145009532911,5281.745332111765,False,0.8,,150.0,0.05
sweep_02648,140,DAILY_0001,5,1000.0,1.0,0.2,False,True,BEHAVIORAL_DEFAULT_SURPLUS_COLLATERAL,2.0,1,0,0,0.0802993013430624,4000.0,1.0,0.0,1192.98394370799,3161.476398733924,5302.481113622891,False,0.8,,150.0,0.05
sweep_02649,141,DAILY_0001,5,1000.0,1.0,0.2,True,False,,,0,2,2,0.6108407343567581,0.0,1.0,0.0,0.0,17185.12705013151,13976.147704594256,False,1.0,,150.0,0.05
sweep_02650,142,DAILY_0001,5,1000.0,1.0,0.2,False,True,BEHAVIORAL_DEFAULT_SURPLUS_COLLATERAL,2.0,1,0,0,0.0802993013430624,4000.0,1.0,0.0,1194.8101250903255,3166.3158849403544,5304.474909744865,False,0.8,,150.0,0.05
sweep_02651,143,DAILY_0001,5,1000.0,1.0,0.2,True,False,,,0,2,2,0.6108407343567581,0.0,1.0,0.0,0.0,16445.290904199723,13595.792416600532,False,1.0,,150.0,0.05
sweep_02652,144,DAILY_0001,5,1000.0,1.0,0.2,True,False,,,0,2,2,0.6108407343567581,0.0,1.0,0.0,0.0,17343.411988435073,14183.262561202382,False,1.0,,150.0,0.05
sweep_02653,145,DAILY_0001,5,1000.0,1.0,0.2,True,False,,,0,2,2,0.6108407343567581,0.0,1.0,0.0,0.0,17193.72751399906,14121.256151118054,False,1.0,,150.0,0.05
sweep_02654,146,DAILY_0001,5,1000.0,1.0,0.2,True,False,,,0,2,2,0.6108407343567581,0.0,1.0,0.0,0.0,16193.924104929843,13419.754449173934,False,1.0,,150.0,0.05
sweep_02655,147,DAILY_0001,5,1000.0,1.0,0.2,False,True,BEHAVIORAL_DEFAULT_SURPLUS_COLLATERAL,4.0,1,2,2,0.6108407343567581,2000.0,1.0,0.0,272.5160449095465,9889.107754331599,12652.479050985916,False,0.8,,150.0,0.05
sweep_02656,148,DAILY_0001,5,1000.0,1.0,0.2,True,False,,,0,2,2,0.6108407343567581,0.0,1.0,0.0,0.0,17096.666287603017,14063.095218390707,False,1.0,,150.0,0.05
sweep_02657,149,DAILY_0001,5,1000.0,1.0,0.2,False,True,BEHAVIORAL_DEFAULT_SURPLUS_COLLATERAL,4.0,1,2,2,0.6108407343567581,2000.0,1.0,0.0,176.71981620734414,9814.02173860668,12780.514667600763,False,0.8,,150.0,0.05
sweep_02658,150,DAILY_0001,5,1000.0,1.0,0.2,True,False,,,0,2,2,0.6108407343567581,0.0,1.0,0.0,0.0,16546.279710931314,13656.966633750875,False,1.0,,150.0,0.05
sweep_02659,151,DAILY_0001,5,1000.0,1.0,0.2,False,True,BEHAVIORAL_DEFAULT_SURPLUS_COLLATERAL,5.0,1,2,2,0.6108407343567581,1000.0,1.0,0.0,2167.3350168139204,13335.570209326292,14160.025605164043,False,0.8,,150.0,0.05
sweep_02660,152,DAILY_0001,5,1000.0,1.0,0.2,True,False,,,0,2,2,0.6108407343567581,0.0,1.0,0.0,0.0,17093.36930493184,14042.616278913914,False,1.0,,150.0,0.05
sweep_02661,153,DAILY_0001,5,1000.0,1.0,0.2,True,False,,,0,2,2,0.6108407343567581,0.0,1.0,0.0,0.0,16508.84948067981,13556.591243817056,False,1.0,,150.0,0.05
sweep_02662,154,DAILY_0001,5,1000.0,1.0,0.2,True,False,,,0,2,2,0.6108407343567581,0.0,1.0,0.0,0.0,16928.440090342658,13831.003227134624,False,1.0,,150.0,0.05
sweep_02663,155,DAILY_0001,5,1000.0,1.0,0.2,False,True,BEHAVIORAL_DEFAULT_SURPLUS_COLLATERAL,3.0,1,0,0,0.2295668026988248,3000.0,1.0,0.0,3150.106079276584,6224.123226178908,11916.239048196643,False,0.8,,150.0,0.05
sweep_02664,156,DAILY_0001,5,1000.0,1.0,0.2,True,False,,,0,2,2,0.6108407343567581,0.0,1.0,0.0,0.0,16822.870383115638,13843.55703250689,False,1.0,,150.0,0.05
sweep_02665,157,DAILY_0001,5,1000.0,1.0,0.2,False,True,BEHAVIORAL_DEFAULT_SURPLUS_COLLATERAL,3.0,1,0,0,0.2295668026988248,3000.0,1.0,0.0,458.738777001799,6313.283449869156,11964.173538214116,False,0.8,,150.0,0.05
sweep_02666,158,DAILY_0001,5,1000.0,1.0,0.2,True,False,,,0,2,2,0.6108407343567581,0.0,1.0,0.0,0.0,17327.297792749472,14019.63082206774,False,1.0,,150.0,0.05
sweep_02667,159,DAILY_0001,5,1000.0,1.0,0.2,True,False,,,0,2,2,0.6108407343567581,0.0,1.0,0.0,0.0,17547.075472215663,14240.732907924372,False,1.0,,150.0,0.05
sweep_02668,160,DAILY_0001,5,1000.0,1.0,0.2,False,True,BEHAVIORAL_DEFAULT_SURPLUS_COLLATERAL,5.0,1,2,2,0.6108407343567581,1000.0,1.0,0.0,4867.502262542686,13559.294233579409,14104.32458952302,False,0.8,,150.0,0.05
sweep_02669,161,DAILY_0001,5,1000.0,1.0,0.2,True,False,,,0,2,2,0.6108407343567581,0.0,1.0,0.0,0.0,16722.38973114001,13681.290247237752,False,1.0,,150.0,0.05
sweep_02670,162,DAILY_0001,5,1000.0,1.0,0.2,False,True,BEHAVIORAL_DEFAULT_SURPLUS_COLLATERAL,3.0,1,0,0,0.2295668026988248,3000.0,1.0,0.0,3027.8801064393665,6099.333759251945,11736.21832568068,False,0.8,,150.0,0.05
sweep_02671,163,DAILY_0001,5,1000.0,1.0,0.2,True,False,,,0,2,2,0.6108407343567581,0.0,1.0,0.0,0.0,17276.966005569957,14152.341830202318,False,1.0,,150.0,0.05
sweep_02672,164,DAILY_0001,5,1000.0,1.0,0.2,True,False,,,0,2,2,0.6108407343567581,0.0,1.0,0.0,0.0,17233.351687522765,14014.09121436055,False,1.0,,150.0,0.05
sweep_02673,165,DAILY_0001,5,1000.0,1.0,0.2,True,False,,,0,2,2,0.6108407343567581,0.0,1.0,0.0,0.0,16913.7215097475,13787.961707848553,False,1.0,,150.0,0.05
sweep_02674,166,DAILY_0001,5,1000.0,1.0,0.2,False,True,BEHAVIORAL_DEFAULT_SURPLUS_COLLATERAL,5.0,1,2,2,0.6108407343567581,1000.0,1.0,0.0,2326.3569350606967,13275.843211445086,14180.737473014608,False,0.8,,150.0,0.05
sweep_02675,167,DAILY_0001,5,1000.0,1.0,0.2,True,False,,,0,2,2,0.6108407343567581,0.0,1.0,0.0,0.0,16859.790773916782,13847.827903808166,False,1.0,,150.0,0.05
sweep_02676,168,DAILY_0001,5,1000.0,1.0,0.2,False,True,BEHAVIORAL_DEFAULT_SURPLUS_COLLATERAL,5.0,1,2,2,0.6108407343567581,1000.0,1.0,0.0,4824.203452823524,12306.50352346156,13450.416102622909,False,0.8,,150.0,0.05
sweep_02677,169,DAILY_0001,5,1000.0,1.0,0.2,False,True,BEHAVIORAL_DEFAULT_SURPLUS_COLLATERAL,5.0,1,2,2,0.6108407343567581,1000.0,1.0,0.0,2350.647025842193,13383.861734067441,14091.08667268303,False,0.8,,150.0,0.05
sweep_02678,170,DAILY_0001,5,1000.0,1.0,0.2,True,False,,,0,2,2,0.6108407343567581,0.0,1.0,0.0,0.0,17232.159337492943,13932.505832923282,False,1.0,,150.0,0.05
sweep_02679,171,DAILY_0001,5,1000.0,1.0,0.2,True,False,,,0,2,2,0.6108407343567581,0.0,1.0,0.0,0.0,16487.879755940605,13565.559272474917,False,1.0,,150.0,0.05
sweep_02680,172,DAILY_0001,5,1000.0,1.0,0.2,False,True,BEHAVIORAL_DEFAULT_SURPLUS_COLLATERAL,5.0,1,2,2,0.6108407343567581,1000.0,1.0,0.0,308.89983775852716,12754.088913575759,13726.487354230252,False,0.8,,150.0,0.05
sweep_02681,173,DAILY_0001,5,1000.0,1.0,0.2,True,False,,,0,2,2,0.6108407343567581,0.0,1.0,0.0,0.0,16811.936915077735,13890.616191637002,False,1.0,,150.0,0.05
sweep_02682,174,DAILY_0001,5,1000.0,1.0,0.2,True,False,,,0,2,2,0.6108407343567581,0.0,1.0,0.0,0.0,16928.24289810534,13830.353246583585,False,1.0,,150.0,0.05
sweep_02683,175,DAILY_0001,5,1000.0,1.0,0.2,True,False,,,0,2,2,0.6108407343567581,0.0,1.0,0.0,0.0,16822.84112582361,13749.072143856318,False,1.0,,150.0,0.05
sweep_02684,176,DAILY_0001,5,1000.0,1.0,0.2,True,False,,,0,2,2,0.6108407343567581,0.0,1.0,0.0,0.0,16402.90381242599,13546.43333737637,False,1.0,,150.0,0.05
sweep_02685,177,DAILY_0001,5,1000.0,1.0,0.2,False,True,BEHAVIORAL_DEFAULT_SURPLUS_COLLATERAL,2.0,1,0,0,0.0802993013430624,4000.0,1.0,0.0,1192.4988624208154,3160.1909052878864,5301.9515095000115,False,0.8,,150.0,0.05
sweep_02686,178,DAILY_0001,5,1000.0,1.0,0.2,True,False,,,0,2,2,0.6108407343567581,0.0,1.0,0.0,0.0,16613.95277706074,13683.641644870148,False,1.0,,150.0,0.05
sweep_02687,179,DAILY_0001,5,1000.0,1.0,0.2,True,False,,,0,2,2,0.6108407343567581,0.0,1.0,0.0,0.0,16825.94357748756,13724.841184421552,False,1.0,,150.0,0.05
sweep_02688,180,DAILY_0001,5,1000.0,1.0,0.2,True,False,,,0,2,2,0.6108407343567581,0.0,1.0,0.0,0.0,17332.698660576734,13979.352267895028,False,1.0,,150.0,0.05
sweep_02689,181,DAILY_0001,5,1000.0,1.0,0.2,False,True,BEHAVIORAL_DEFAULT_SURPLUS_COLLATERAL,4.0,1,2,2,0.6108407343567581,2000.0,1.0,0.0,470.0931470119913,9381.7156603568,12644.814901295193,False,0.8,,150.0,0.05
sweep_02690,182,DAILY_0001,5,1000.0,1.0,0.2,False,True,BEHAVIORAL_DEFAULT_SURPLUS_COLLATERAL,4.0,1,2,2,0.6108407343567581,2000.0,1.0,0.0,420.8443380823328,9613.459796300805,12576.703573276882,False,0.8,,150.0,0.05
sweep_02691,183,DAILY_0001,5,1000.0,1.0,0.2,False,True,BEHAVIORAL_DEFAULT_SURPLUS_COLLATERAL,5.0,1,2,2,0.6108407343567581,1000.0,1.0,0.0,1839.1720312162556,12517.895991903359,13606.978854066636,False,0.8,,150.0,0.05
sweep_02692,184,DAILY_0001,5,1000.0,1.0,0.2,True,False,,,0,2,2,0.6108407343567581,0.0,1.0,0.0,0.0,17226.715015370733,14171.452550646023,False,1.0,,150.0,0.05
sweep_02693,185,DAILY_0001,5,1000.0,1.0,0.2,False,True,BEHAVIORAL_DEFAULT_SURPLUS_COLLATERAL,4.0,1,2,2,0.6108407343567581,2000.0,1.0,0.0,196.44432942654248,9321.804157226868,12525.688059742024,False,0.8,,150.0,0.05
sweep_02694,186,DAILY_0001,5,1000.0,1.0,0.2,False,True,BEHAVIORAL_DEFAULT_SURPLUS_COLLATERAL,3.0,1,0,0,0.2295668026988248,3000.0,1.0,0.0,545.0125375246039,6559.983069571281,12015.11269573529,False,0.8,,150.0,0.05
sweep_02695,187,DAILY_0001,5,1000.0,1.0,0.2,False,True,BEHAVIORAL_DEFAULT_SURPLUS_COLLATERAL,4.0,1,2,2,0.6108407343567581,2000.0,1.0,0.0,340.82534997533094,9703.856181907031,12618.917156229514,False,0.8,,150.0,0.05
sweep_02696,188,DAILY_0001,5,1000.0,1.0,0.2,False,True,BEHAVIORAL_DEFAULT_SURPLUS_COLLATERAL,5.0,1,2,2,0.6108407343567581,1000.0,1.0,0.0,2347.5712777740064,13167.848974053273,13950.964600180505,False,0.8,,150.0,0.05
sweep_02697,189,DAILY_0001,5,1000.0,1.0,0.2,True,False,,,0,2,2,0.6108407343567581,0.0,1.0,0.0,0.0,17458.454152212147,14184.700727287975,False,1.0,,150.0,0.05
sweep_02698,190,DAILY_0001,5,1000.0,1.0,0.2,False,True,BEHAVIORAL_DEFAULT_SURPLUS_COLLATERAL,4.0,1,2,2,0.6108407343567581,2000.0,1.0,0.0,2064.2450054772235,9384.639416814975,12467.161750175288,False,0.8,,150.0,0.05
sweep_02699,191,DAILY_0001,5,1000.0,1.0,0.2,True,False,,,0,2,2,0.6108407343567581,0.0,1.0,0.0,0.0,16741.237276910877,13687.336533788934,False,1.0,,150.0,0.05
sweep_02700,42,DAILY_0001,5,1000.0,1.1,0.2,True,False,,,0,2,2,0.6108407343567581,0.0,1.0,0.0,0.0,17143.15024973444,15464.6898518597,False,1.0,,50.0,0.05
sweep_02701,43,DAILY_0001,5,1000.0,1.1,0.2,True,False,,,0,2,2,0.6108407343567581,0.0,1.0,0.0,0.0,16683.664856290503,15270.708930987601,False,1.0,,50.0,0.05
sweep_02702,44,DAILY_0001,5,1000.0,1.1,0.2,True,False,,,0,2,2,0.6108407343567581,0.0,1.0,0.0,0.0,16963.961355801184,15557.60811983483,False,1.0,,50.0,0.05
sweep_02703,45,DAILY_0001,5,1000.0,1.1,0.2,False,True,BEHAVIORAL_DEFAULT_SURPLUS_COLLATERAL,5.0,1,2,2,0.6108407343567581,1000.0,1.0,0.0,5546.921434367745,12896.079661440042,15381.755266236536,False,0.8,,50.0,0.05
sweep_02704,46,DAILY_0001,5,1000.0,1.1,0.2,True,False,,,0,2,2,0.6108407343567581,0.0,1.0,0.0,0.0,16307.234970412434,14993.822190133147,False,1.0,,50.0,0.05
sweep_02705,47,DAILY_0001,5,1000.0,1.1,0.2,True,False,,,0,2,2,0.6108407343567581,0.0,1.0,0.0,0.0,17175.220923270765,15619.383693048245,False,1.0,,50.0,0.05
sweep_02706,48,DAILY_0001,5,1000.0,1.1,0.2,False,True,BEHAVIORAL_DEFAULT_SURPLUS_COLLATERAL,3.0,1,0,0,0.2295668026988248,3000.0,1.0,0.0,871.0149672826592,6384.596399760172,13258.567298951111,False,0.8,,50.0,0.05
sweep_02707,49,DAILY_0001,5,1000.0,1.1,0.2,True,False,,,0,2,2,0.6108407343567581,0.0,1.0,0.0,0.0,17411.6649980281,15806.228894190604,False,1.0,,50.0,0.05
sweep_02708,50,DAILY_0001,5,1000.0,1.1,0.2,True,False,,,0,2,2,0.6108407343567581,0.0,1.0,0.0,0.0,16470.071539501125,15150.722122997853,False,1.0,,50.0,0.05
sweep_02709,51,DAILY_0001,5,1000.0,1.1,0.2,True,False,,,0,2,2,0.6108407343567581,0.0,1.0,0.0,0.0,16553.917458671152,15049.056803581607,False,1.0,,50.0,0.05
sweep_02710,52,DAILY_0001,5,1000.0,1.1,0.2,False,True,BEHAVIORAL_DEFAULT_SURPLUS_COLLATERAL,5.0,1,2,2,0.6108407343567581,1000.0,1.0,0.0,5399.365792867565,13756.613367327447,15970.229909128191,False,0.8,,50.0,0.05
sweep_02711,53,DAILY_0001,5,1000.0,1.1,0.2,False,True,BEHAVIORAL_DEFAULT_SURPLUS_COLLATERAL,5.0,1,2,2,0.6108407343567581,1000.0,1.0,0.0,5479.5663422235175,12961.478326267516,15532.937704753047,False,0.8,,50.0,0.05
sweep_02712,54,DAILY_0001,5,1000.0,1.1,0.2,False,True,BEHAVIORAL_DEFAULT_SURPLUS_COLLATERAL,5.0,1,2,2,0.6108407343567581,1000.0,1.0,0.0,193.78329634116085,12569.941496225256,15324.234259642431,False,0.8,,50.0,0.05
sweep_02713,55,DAILY_0001,5,1000.0,1.1,0.2,False,True,BEHAVIORAL_DEFAULT_SURPLUS_COLLATERAL,5.0,1,2,2,0.6108407343567581,1000.0,1.0,0.0,2701.722810280283,13020.111295967612,15431.990588995239,False,0.8,,50.0,0.05
sweep_02714,56,DAILY_0001,5,1000.0,1.1,0.2,False,True,BEHAVIORAL_DEFAULT_SURPLUS_COLLATERAL,5.0,1,2,2,0.6108407343567581,1000.0,1.0,0.0,2651.4621204850932,12704.486967871519,15313.754684554586,False,0.8,,50.0,0.05
sweep_02715,57,DAILY_0001,5,1000.0,1.1,0.2,True,False,,,0,2,2,0.6108407343567581,0.0,1.0,0.0,0.0,16629.925622068513,15146.6027163683,False,1.0,,50.0,0.05
sweep_02716,58,DAILY_0001,5,1000.0,1.1,0.2,True,False,,,0,2,2,0.6108407343567581,0.0,1.0,0.0,0.0,17118.252725129587,15645.292280257385,False,1.0,,50.0,0.05
sweep_02717,59,DAILY_0001,5,1000.0,1.1,0.2,False,True,BEHAVIORAL_DEFAULT_SURPLUS_COLLATERAL,4.0,1,2,2,0.6108407343567581,2000.0,1.0,0.0,412.3034806788719,9396.14470761244,13993.054332930595,False,0.8,,50.0,0.05
sweep_02718,60,DAILY_0001,5,1000.0,1.1,0.2,True,False,,,0,2,2,0.6108407343567581,0.0,1.0,0.0,0.0,16890.892442598783,15388.503143081645,False,1.0,,50.0,0.05
sweep_02719,61,DAILY_0001,5,1000.0,1.1,0.2,True,False,,,0,2,2,0.6108407343567581,0.0,1.0,0.0,0.0,17049.548692196306,15580.457062969226,False,1.0,,50.0,0.05
sweep_02720,62,DAILY_0001,5,1000.0,1.1,0.2,True,False,,,0,2,2,0.6108407343567581,0.0,1.0,0.0,0.0,16688.163188009137,15344.683650824867,False,1.0,,50.0,0.05
sweep_02721,63,DAILY_0001,5,1000.0,1.1,0.2,False,True,BEHAVIORAL_DEFAULT_SURPLUS_COLLATERAL,5.0,1,2,2,0.6108407343567581,1000.0,1.0,0.0,2673.9424776709784,12560.781626539678,15186.672283462147,False,0.8,,50.0,0.05
sweep_02722,64,DAILY_0001,5,1000.0,1.1,0.2,False,True,BEHAVIORAL_DEFAULT_SURPLUS_COLLATERAL,3.0,1,0,0,0.2295668026988248,3000.0,1.0,0.0,3700.1603695599315,6151.058035452796,13110.866765698416,False,0.8,,50.0,0.05
sweep_02723,65,DAILY_0001,5,1000.0,1.1,0.2,False,True,BEHAVIORAL_DEFAULT_SURPLUS_COLLATERAL,2.0,1,0,0,0.0802993013430624,4000.0,1.0,0.0,1720.7116896052012,3099.9623073224475,5841.932258455283,False,0.8,,50.0,0.05
sweep_02724,66,DAILY_0001,5,1000.0,1.1,0.2,True,False,,,0,2,2,0.6108407343567581,0.0,1.0,0.0,0.0,17056.111050431617,15504.334227084775,False,1.0,,50.0,0.05
sweep_02725,67,DAILY_0001,5,1000.0,1.1,0.2,True,False,,,0,2,2,0.6108407343567581,0.0,1.0,0.0,0.0,17358.7323024141,15640.420716735764,False,1.0,,50.0,0.05
sweep_02726,68,DAILY_0001,5,1000.0,1.1,0.2,False,True,BEHAVIORAL_DEFAULT_SURPLUS_COLLATERAL,4.0,1,2,2,0.6108407343567581,2000.0,1.0,0.0,444.5948524803216,9384.172146377827,13927.613466626888,False,0.8,,50.0,0.05
sweep_02727,69,DAILY_0001,5,1000.0,1.1,0.2,False,True,BEHAVIORAL_DEFAULT_SURPLUS_COLLATERAL,3.0,1,0,0,0.2295668026988248,3000.0,1.0,0.0,831.9597060670158,6254.764509256824,13214.215763148319,False,0.8,,50.0,0.05
sweep_02728,70,DAILY_0001,5,1000.0,1.1,0.2,True,False,,,0,2,2,0.6108407343567581,0.0,1.0,0.0,0.0,18008.300555488746,15929.832463780473,False,1.0,,50.0,0.05
sweep_02729,71,DAILY_0001,5,1000.0,1.1,0.2,True,False,,,0,2,2,0.6108407343567581,0.0,1.0,0.0,0.0,17077.07193201092,15518.936519470211,False,1.0,,50.0,0.05
sweep_02730,72,DAILY_0001,5,1000.0,1.1,0.2,False,True,BEHAVIORAL_DEFAULT_SURPLUS_COLLATERAL,5.0,1,2,2,0.6108407343567581,1000.0,1.0,0.0,281.4837850568356,12739.57666014175,15248.273098541758,False,0.8,,50.0,0.05
sweep_02731,73,DAILY_0001,5,1000.0,1.1,0.2,True,False,,,0,2,2,0.6108407343567581,0.0,1.0,0.0,0.0,16909.5959464029,15389.551529618891,False,1.0,,50.0,0.05
sweep_02732,74,DAILY_0001,5,1000.0,1.1,0.2,False,True,BEHAVIORAL_DEFAULT_SURPLUS_COLLATERAL,3.0,1,0,0,0.2295668026988248,3000.0,1.0,0.0,3736.5342875193865,6142.21535254676,13137.883212527342,False,0.8,,50.0,0.05
sweep_02733,75,DAILY_0001,5,1000.0,1.1,0.2,True,False,,,0,2,2,0.6108407343567581,0.0,1.0,0.0,0.0,16697.360309291158,15292.140075327345,False,1.0,,50.0,0.05
sweep_02734,76,DAILY_0001,5,1000.0,1.1,0.2,True,False,,,0,2,2,0.6108407343567581,0.0,1.0,0.0,0.0,16671.801168191498,15313.215770879298,False,1.0,,50.0,0.05
sweep_02735,77,DAILY_0001,5,1000.0,1.1,0.2,True,False,,,0,2,2,0.6108407343567581,0.0,1.0,0.0,0.0,16763.124564751575,15380.463835482558,False,1.0,,50.0,0.05
sweep_02736,78,DAILY_0001,5,1000.0,1.1,0.2,True,False,,,0,2,2,0.6108407343567581,0.0,1.0,0.0,0.0,16719.51222653161,15233.166329538879,False,1.0,,50.0,0.05
sweep_02737,79,DAILY_0001,5,1000.0,1.1,0.2,True,False,,,0,2,2,0.6108407343567581,0.0,1.0,0.0,0.0,16476.77247232043,15134.42243660182,False,1.0,,50.0,0.05
sweep_02738,80,DAILY_0001,5,1000.0,1.1,0.2,True,False,,,0,2,2,0.6108407343567581,0.0,1.0,0.0,0.0,16187.427798734678,14963.54531740781,False,1.0,,50.0,0.05
sweep_02739,81,DAILY_0001,5,1000.0,1.1,0.2,True,False,,,0,2,2,0.6108407343567581,0.0,1.0,0.0,0.0,17261.26216002694,15514.104705911333,False,1.0,,50.0,0.05
sweep_02740,82,DAILY_0001,5,1000.0,1.1,0.2,True,False,,,0,2,2,0.6108407343567581,0.0,1.0,0.0,0.0,17428.23657344996,15873.927079959307,False,1.0,,50.0,0.05
sweep_02741,83,DAILY_0001,5,1000.0,1.1,0.2,False,True,BEHAVIORAL_DEFAULT_SURPLUS_COLLATERAL,5.0,1,2,2,0.6108407343567581,1000.0,1.0,0.0,462.3918959146554,13023.010849409744,15450.498224609968,False,0.8,,50.0,0.05
sweep_02742,84,DAILY_0001,5,1000.0,1.1,0.2,False,True,BEHAVIORAL_DEFAULT_SURPLUS_COLLATERAL,3.0,1,0,0,0.2295668026988248,3000.0,1.0,0.0,848.0114632327159,6504.624246924773,13462.91433723172,False,0.8,,50.0,0.05
sweep_02743,85,DAILY_0001,5,1000.0,1.1,0.2,False,True,BEHAVIORAL_DEFAULT_SURPLUS_COLLATERAL,4.0,1,2,2,0.6108407343567581,2000.0,1.0,0.0,475.7161259865052,9644.511591981416,13951.722508567107,False,0.8,,50.0,0.05
sweep_02744,86,DAILY_0001,5,1000.0,1.1,0.2,True,False,,,0,2,2,0.6108407343567581,0.0,1.0,0.0,0.0,17346.9008892341,15714.064933651209,False,1.0,,50.0,0.05
sweep_02745,87,DAILY_0001,5,1000.0,1.1,0.2,True,False,,,0,2,2,0.6108407343567581,0.0,1.0,0.0,0.0,16887.21410701461,15382.234818090634,False,1.0,,50.0,0.05
sweep_02746,88,DAILY_0001,5,1000.0,1.1,0.2,False,True,BEHAVIORAL_DEFAULT_SURPLUS_COLLATERAL,3.0,1,0,0,0.2295668026988248,3000.0,1.0,0.0,3697.3764731093815,6598.059130640779,13366.588075612832,False,0.8,,50.0,0.05
sweep_02747,89,DAILY_0001,5,1000.0,1.1,0.2,True,False,,,0,2,2,0.6108407343567581,0.0,1.0,0.0,0.0,16483.760527058344,15164.076764390746,False,1.0,,50.0,0.05
sweep_02748,90,DAILY_0001,5,1000.0,1.1,0.2,False,True,BEHAVIORAL_DEFAULT_SURPLUS_COLLATERAL,4.0,1,2,2,0.6108407343567581,2000.0,1.0,0.0,2474.9449161467073,9428.143344053857,13969.591291560228,False,0.8,,50.0,0.05
sweep_02749,91,DAILY_0001,5,1000.0,1.1,0.2,True,False,,,0,2,2,0.6108407343567581,0.0,1.0,0.0,0.0,16432.64453049189,15182.80777513449,False,1.0,,50.0,0.05
sweep_02750,92,DAILY_0001,5,1000.0,1.1,0.2,True,False,,,0,2,2,0.6108407343567581,0.0,1.0,0.0,0.0,16541.46983637411,15233.105964469572,False,1.0,,50.0,0.05
sweep_02751,93,DAILY_0001,5,1000.0,1.1,0.2,False,True,BEHAVIORAL_DEFAULT_SURPLUS_COLLATERAL,3.0,1,0,0,0.2295668026988248,3000.0,1.0,0.0,876.9623660481616,7022.911645595454,13990.801487680765,False,0.8,,50.0,0.05
sweep_02752,94,DAILY_0001,5,1000.0,1.1,0.2,True,False,,,0,2,2,0.6108407343567581,0.0,1.0,0.0,0.0,16816.49136159871,15407.895260371411,False,1.0,,50.0,0.05
sweep_02753,95,DAILY_0001,5,1000.0,1.1,0.2,True,False,,,0,2,2,0.6108407343567581,0.0,1.0,0.0,0.0,17545.744689882886,15756.40386913241,False,1.0,,50.0,0.05
sweep_02754,96,DAILY_0001,5,1000.0,1.1,0.2,True,False,,,0,2,2,0.6108407343567581,0.0,1.0,0.0,0.0,17272.505142960632,15456.847307183878,False,1.0,,50.0,0.05
sweep_02755,97,DAILY_0001,5,1000.0,1.1,0.2,True,False,,,0,2,2,0.6108407343567581,0.0,1.0,0.0,0.0,17205.00493267573,15525.466691445326,False,1.0,,50.0,0.05
sweep_02756,98,DAILY_0001,5,1000.0,1.1,0.2,True,False,,,0,2,2,0.6108407343567581,0.0,1.0,0.0,0.0,17117.740576801672,15614.037157138035,False,1.0,,50.0,0.05
sweep_02757,99,DAILY_0001,5,1000.0,1.1,0.2,False,True,BEHAVIORAL_DEFAULT_SURPLUS_COLLATERAL,4.0,1,2,2,0.6108407343567581,2000.0,1.0,0.0,2473.8776598582526,9546.407766635395,13973.714867616922,False,0.8,,50.0,0.05
sweep_02758,100,DAILY_0001,5,1000.0,1.1,0.2,True,False,,,0,2,2,0.6108407343567581,0.0,1.0,0.0,0.0,17296.288473944063,15715.796273152158,False,1.0,,50.0,0.05
sweep_02759,101,DAILY_0001,5,1000.0,1.1,0.2,False,True,BEHAVIORAL_DEFAULT_SURPLUS_COLLATERAL,5.0,1,2,2,0.6108407343567581,1000.0,1.0,0.0,2375.5282701469996,13094.897102232273,15603.400737345131,False,0.8,,50.0,0.05
sweep_02760,102,DAILY_0001,5,1000.0,1.1,0.2,False,True,BEHAVIORAL_DEFAULT_SURPLUS_COLLATERAL,5.0,1,2,2,0.6108407343567581,1000.0,1.0,0.0,5620.886240984379,13315.718463742422,15815.353192644114,False,0.8,,50.0,0.05
sweep_02761,103,DAILY_0001,5,1000.0,1.1,0.2,False,True,BEHAVIORAL_DEFAULT_SURPLUS_COLLATERAL,4.0,1,2,2,0.6108407343567581,2000.0,1.0,0.0,672.4655318347814,9410.055771571677,13932.878111816515,False,0.8,,50.0,0.05
sweep_02762,104,DAILY_0001,5,1000.0,1.1,0.2,True,False,,,0,2,2,0.6108407343567581,0.0,1.0,0.0,0.0,16965.565545296653,15357.216250837464,False,1.0,,50.0,0.05
sweep_02763,105,DAILY_0001,5,1000.0,1.1,0.2,False,True,BEHAVIORAL_DEFAULT_SURPLUS_COLLATERAL,4.0,1,2,2,0.6108407343567581,2000.0,1.0,0.0,2477.5069566921084,10112.068977480729,14153.59829033465,False,0.8,,50.0,0.05
sweep_02764,106,DAILY_0001,5,1000.0,1.1,0.2,False,True,BEHAVIORAL_DEFAULT_SURPLUS_COLLATERAL,5.0,1,2,2,0.6108407343567581,1000.0,1.0,0.0,557.1405264883429,13317.118454353504,15621.042887480635,False,0.8,,50.0,0.05
sweep_02765,107,DAILY_0001,5,1000.0,1.1,0.2,False,True,BEHAVIORAL_DEFAULT_SURPLUS_COLLATERAL,4.0,1,2,2,0.6108407343567581,2000.0,1.0,0.0,681.4160970541743,9504.711727327722,13853.456928678883,False,0.8,,50.0,0.05
sweep_02766,108,DAILY_0001,5,1000.0,1.1,0.2,False,True,BEHAVIORAL_DEFAULT_SURPLUS_COLLATERAL,4.0,1,2,2,0.6108407343567581,2000.0,1.0,0.0,2475.6818423049363,9229.632260373746,13926.172933864847,False,0.8,,50.0,0.05
sweep_02767,109,DAILY_0001,5,1000.0,1.1,0.2,True,False,,,0,2,2,0.6108407343567581,0.0,1.0,0.0,0.0,17097.560018571552,15529.72250213513,False,1.0,,50.0,0.05
sweep_02768,110,DAILY_0001,5,1000.0,1.1,0.2,True,False,,,0,2,2,0.6108407343567581,0.0,1.0,0.0,0.0,17252.145983174083,15720.651070662347,False,1.0,,50.0,0.05
sweep_02769,111,DAILY_0001,5,1000.0,1.1,0.2,False,True,BEHAVIORAL_DEFAULT_SURPLUS_COLLATERAL,5.0,1,2,2,0.6108407343567581,1000.0,1.0,0.0,2266.483495230606,13005.811951455453,15387.035382337797,False,0.8,,50.0,0.05
sweep_02770,112,DAILY_0001,5,1000.0,1.1,0.2,True,False,,,0,2,2,0.6108407343567581,0.0,1.0,0.0,0.0,16909.07625773677,15438.828826598494,False,1.0,,50.0,0.05
sweep_02771,113,DAILY_0001,5,1000.0,1.1,0.2,False,True,BEHAVIORAL_DEFAULT_SURPLUS_COLLATERAL,3.0,1,0,0,0.2295668026988248,3000.0,1.0,0.0,904.2737853912367,6623.312533026473,13446.64536891352,False,0.8,,50.0,0.05
sweep_02772,114,DAILY_0001,5,1000.0,1.1,0.2,False,True,BEHAVIORAL_DEFAULT_SURPLUS_COLLATERAL,3.0,1,0,0,0.2295668026988248,3000.0,1.0,0.0,817.501963759084,6121.454939968626,13097.812012556018,False,0.8,,50.0,0.05
sweep_02773,115,DAILY_0001,5,1000.0,1.1,0.2,True,False,,,0,2,2,0.6108407343567581,0.0,1.0,0.0,0.0,16756.555719327873,15149.244592871297,False,1.0,,50.0,0.05
sweep_02774,116,DAILY_0001,5,1000.0,1.1,0.2,False,True,BEHAVIORAL_DEFAULT_SURPLUS_COLLATERAL,3.0,1,0,0,0.2295668026988248,3000.0,1.0,0.0,3868.6664506241304,6397.070943819939,13401.776533005786,False,0.8,,50.0,0.05
sweep_02775,117,DAILY_0001,5,1000.0,1.1,0.2,False,True,BEHAVIORAL_DEFAULT_SURPLUS_COLLATERAL,2.0,1,0,0,0.0802993013430624,4000.0,1.0,0.0,1754.477795782469,3189.4444401873525,5878.797562308226,False,0.8,,50.0,0.05
sweep_02776,118,DAILY_0001,5,1000.0,1.1,0.2,True,False,,,0,2,2,0.6108407343567581,0.0,1.0,0.0,0.0,16908.748437966286,15485.876110518333,False,1.0,,50.0,0.05
sweep_02777,119,DAILY_0001,5,1000.0,1.1,0.2,True,False,,,0,2,2,0.6108407343567581,0.0,1.0,0.0,0.0,16730.031620694273,15426.768770120492,False,1.0,,50.0,0.05
sweep_02778,120,DAILY_0001,5,1000.0,1.1,0.2,True,False,,,0,2,2,0.6108407343567581,0.0,1.0,0.0,0.0,17299.20314416707,15836.725733636398,False,1.0,,50.0,0.05
sweep_02779,121,DAILY_0001,5,1000.0,1.1,0.2,False,True,BEHAVIORAL_DEFAULT_SURPLUS_COLLATERAL,4.0,1,2,2,0.6108407343567581,2000.0,1.0,0.0,2473.882090708601,9287.607451281923,13859.693199468324,False,0.8,,50.0,0.05
sweep_02780,122,DAILY_0001,5,1000.0,1.1,0.2,True,False,,,0,2,2,0.6108407343567581,0.0,1.0,0.0,0.0,16786.425779314144,15445.267533351305,False,1.0,,50.0,0.05
sweep_02781,123,DAILY_0001,5,1000.0,1.1,0.2,False,True,BEHAVIORAL_DEFAULT_SURPLUS_COLLATERAL,4.0,1,2,2,0.6108407343567581,2000.0,1.0,0.0,2475.7192585881994,10213.097259473365,14179.28631629681,False,0.8,,50.0,0.05
sweep_02782,124,DAILY_0001,5,1000.0,1.1,0.2,True,False,,,0,2,2,0.6108407343567581,0.0,1.0,0.0,0.0,17378.096470344266,15688.958469547762,False,1.0,,50.0,0.05
sweep_02783,125,DAILY_0001,5,1000.0,1.1,0.2,True,False,,,0,2,2,0.6108407343567581,0.0,1.0,0.0,0.0,17222.14785778652,15627.057375847844,False,1.0,,50.0,0.05
sweep_02784,126,DAILY_0001,5,1000.0,1.1,0.2,False,True,BEHAVIORAL_DEFAULT_SURPLUS_COLLATERAL,3.0,1,0,0,0.2295668026988248,3000.0,1.0,0.0,3943.720118839624,6608.331218475114,13590.080785951512,False,0.8,,50.0,0.05
sweep_02785,127,DAILY_0001,5,1000.0,1.1,0.2,True,False,,,0,2,2,0.6108407343567581,0.0,1.0,0.0,0.0,17068.994068195138,15531.616470635416,False,1.0,,50.0,0.05
sweep_02786,128,DAILY_0001,5,1000.0,1.1,0.2,True,False,,,0,2,2,0.6108407343567581,0.0,1.0,0.0,0.0,17380.160876094935,15566.559122687933,False,1.0,,50.0,0.05
sweep_02787,129,DAILY_0001,5,1000.0,1.1,0.2,True,False,,,0,2,2,0.6108407343567581,0.0,1.0,0.0,0.0,16680.988802965425,15255.609990228937,False,1.0,,50.0,0.05
sweep_02788,130,DAILY_0001,5,1000.0,1.1,0.2,False,True,BEHAVIORAL_DEFAULT_SURPLUS_COLLATERAL,5.0,1,2,2,0.6108407343567581,1000.0,1.0,0.0,2698.560870128169,12730.738840773127,15278.150350585578,False,0.8,,50.0,0.05
sweep_02789,131,DAILY_0001,5,1000.0,1.1,0.2,False,True,BEHAVIORAL_DEFAULT_SURPLUS_COLLATERAL,4.0,1,2,2,0.6108407343567581,2000.0,1.0,0.0,2474.788970436449,9894.940183776958,14019.13452217741,False,0.8,,50.0,0.05
sweep_02790,132,DAILY_0001,5,1000.0,1.1,0.2,False,True,BEHAVIORAL_DEFAULT_SURPLUS_COLLATERAL,4.0,1,2,2,0.6108407343567581,2000.0,1.0,0.0,446.8477365499316,9452.061028387478,13887.275165565321,False,0.8,,50.0,0.05
sweep_02791,133,DAILY_0001,5,1000.0,1.1,0.2,False,True,BEHAVIORAL_DEFAULT_SURPLUS_COLLATERAL,2.0,1,0,0,0.0802993013430624,4000.0,1.0,0.0,1701.7812011118822,3049.7954187370806,5821.264248743797,False,0.8,,50.0,0.05
sweep_02792,134,DAILY_0001,5,1000.0,1.1,0.2,False,True,BEHAVIORAL_DEFAULT_SURPLUS_COLLATERAL,3.0,1,0,0,0.2295668026988248,3000.0,1.0,0.0,893.3185116004884,6618.547990000483,13471.331150377337,False,0.8,,50.0,0.05
sweep_02793,135,DAILY_0001,5,1000.0,1.1,0.2,True,False,,,0,2,2,0.6108407343567581,0.0,1.0,0.0,0.0,17308.180105341366,15637.42103906991,False,1.0,,50.0,0.05
sweep_02794,136,DAILY_0001,5,1000.0,1.1,0.2,False,True,BEHAVIORAL_DEFAULT_SURPLUS_COLLATERAL,5.0,1,2,2,0.6108407343567581,1000.0,1.0,0.0,2336.127611764011,12439.168673732074,15168.75749689579,False,0.8,,50.0,0.05
sweep_02795,137,DAILY_0001,5,1000.0,1.1,0.2,False,True,BEHAVIORAL_DEFAULT_SURPLUS_COLLATERAL,4.0,1,2,2,0.6108407343567581,2000.0,1.0,0.0,582.8568530974212,9538.559186760156,13976.308653202395,False,0.8,,50.0,0.05
sweep_02796,138,DAILY_0001,5,1000.0,1.1,0.2,False,True,BEHAVIORAL_DEFAULT_SURPLUS_COLLATERAL,5.0,1,2,2,0.6108407343567581,1000.0,1.0,0.0,221.62294338126503,12533.99100881035,15210.43780272498,False,0.8,,50.0,0.05
sweep_02797,139,DAILY_0001,5,1000.0,1.1,0.2,False,True,BEHAVIORAL_DEFAULT_SURPLUS_COLLATERAL,2.0,1,0,0,0.0802993013430624,4000.0,1.0,0.0,1724.9314852012376,3111.145009532911,5846.5393649433245,False,0.8,,50.0,0.05
sweep_02798,140,DAILY_0001,5,1000.0,1.1,0.2,False,True,BEHAVIORAL_DEFAULT_SURPLUS_COLLATERAL,2.0,1,0,0,0.0802993013430624,4000.0,1.0,0.0,1743.9240480447788,3161.476398733924,5867.275146454449,False,0.8,,50.0,0.05
sweep_02799,141,DAILY_0001,5,1000.0,1.1,0.2,True,False,,,0,2,2,0.6108407343567581,0.0,1.0,0.0,0.0,17185.12705013151,15544.18765328961,False,1.0,,50.0,0.05
sweep_02800,142,DAILY_0001,5,1000.0,1.1,0.2,False,True,BEHAVIORAL_DEFAULT_SURPLUS_COLLATERAL,2.0,1,0,0,0.0802993013430624,4000.0,1.0,0.0,1745.7502294271153,3166.3158849403544,5869.268942576424,False,0.8,,50.0,0.05
sweep_02801,143,DAILY_0001,5,1000.0,1.1,0.2,True,False,,,0,2,2,0.6108407343567581,0.0,1.0,0.0,0.0,16445.290904199723,15163.832365295886,False,1.0,,50.0,0.05
sweep_02802,144,DAILY_0001,5,1000.0,1.1,0.2,True,False,,,0,2,2,0.6108407343567581,0.0,1.0,0.0,0.0,17343.411988435073,15751.302509897738,False,1.0,,50.0,0.05
sweep_02803,145,DAILY_0001,5,1000.0,1.1,0.2,True,False,,,0,2,2,0.6108407343567581,0.0,1.0,0.0,0.0,17193.72751399906,15689.296099813408,False,1.0,,50.0,0.05
sweep_02804,146,DAILY_0001,5,1000.0,1.1,0.2,True,False,,,0,2,2,0.6108407343567581,0.0,1.0,0.0,0.0,16193.924104929843,14987.794397869287,False,1.0,,50.0,0.05
sweep_02805,147,DAILY_0001,5,1000.0,1.1,0.2,False,True,BEHAVIORAL_DEFAULT_SURPLUS_COLLATERAL,4.0,1,2,2,0.6108407343567581,2000.0,1.0,0.0,507.0084861390478,9889.107754331599,14025.135389891171,False,0.8,,50.0,0.05
sweep_02806,148,DAILY_0001,5,1000.0,1.1,0.2,True,False,,,0,2,2,0.6108407343567581,0.0,1.0,0.0,0.0,17096.666287603017,15631.135167086059,False,1.0,,50.0,0.05
sweep_02807,149,DAILY_0001,5,1000.0,1.1,0.2,False,True,BEHAVIORAL_DEFAULT_SURPLUS_COLLATERAL,4.0,1,2,2,0.6108407343567581,2000.0,1.0,0.0,411.2122574368459,9814.02173860668,14153.171006506018,False,0.8,,50.0,0.05
sweep_02808,150,DAILY_0001,5,1000.0,1.1,0.2,True,False,,,0,2,2,0.6108407343567581,0.0,1.0,0.0,0.0,16546.279710931314,15225.006582446229,False,1.0,,50.0,0.05
sweep_02809,151,DAILY_0001,5,1000.0,1.1,0.2,False,True,BEHAVIORAL_DEFAULT_SURPLUS_COLLATERAL,5.0,1,2,2,0.6108407343567581,1000.0,1.0,0.0,2531.732141792092,13335.570209326292,15728.065553859396,False,0.8,,50.0,0.05
sweep_02810,152,DAILY_0001,5,1000.0,1.1,0.2,True,False,,,0,2,2,0.6108407343567581,0.0,1.0,0.0,0.0,17093.36930493184,15610.65622760927,False,1.0,,50.0,0.05
sweep_02811,153,DAILY_0001,5,1000.0,1.1,0.2,True,False,,,0,2,2,0.6108407343567581,0.0,1.0,0.0,0.0,16508.84948067981,15124.63119251241,False,1.0,,50.0,0.05
sweep_02812,154,DAILY_0001,5,1000.0,1.1,0.2,True,False,,,0,2,2,0.6108407343567581,0.0,1.0,0.0,0.0,16928.440090342658,15399.043175829978,False,1.0,,50.0,0.05
sweep_02813,155,DAILY_0001,5,1000.0,1.1,0.2,False,True,BEHAVIORAL_DEFAULT_SURPLUS_COLLATERAL,3.0,1,0,0,0.2295668026988248,3000.0,1.0,0.0,3819.730681480909,6224.123226178908,13258.66710008045,False,0.8,,50.0,0.05
sweep_02814,156,DAILY_0001,5,1000.0,1.1,0.2,True,False,,,0,2,2,0.6108407343567581,0.0,1.0,0.0,0.0,16822.870383115638,15411.596981202245,False,1.0,,50.0,0.05
sweep_02815,157,DAILY_0001,5,1000.0,1.1,0.2,False,True,BEHAVIORAL_DEFAULT_SURPLUS_COLLATERAL,3.0,1,0,0,0.2295668026988248,3000.0,1.0,0.0,823.3653109571046,6313.283449869156,13306.601590097922,False,0.8,,50.0,0.05
sweep_02816,158,DAILY_0001,5,1000.0,1.1,0.2,True,False,,,0,2,2,0.6108407343567581,0.0,1.0,0.0,0.0,17327.297792749472,15587.670770763094,False,1.0,,50.0,0.05
sweep_02817,159,DAILY_0001,5,1000.0,1.1,0.2,True,False,,,0,2,2,0.6108407343567581,0.0,1.0,0.0,0.0,17547.075472215663,15808.772856619727,False,1.0,,50.0,0.05
sweep_02818,160,DAILY_0001,5,1000.0,1.1,0.2,False,True,BEHAVIORAL_DEFAULT_SURPLUS_COLLATERAL,5.0,1,3,3,0.6108407343567581,1000.0,1.0,0.0,5502.361202563031,13559.294233579409,15690.981041655885,False,0.8,,50.0,0.05
sweep_02819,161,DAILY_0001,5,1000.0,1.1,0.2,True,False,,,0,2,2,0.6108407343567581,0.0,1.0,0.0,0.0,16722.38973114001,15249.330195933107,False,1.0,,50.0,0.05
sweep_02820,162,DAILY_0001,5,1000.0,1.1,0.2,False,True,BEHAVIORAL_DEFAULT_SURPLUS_COLLATERAL,3.0,1,0,0,0.2295668026988248,3000.0,1.0,0.0,3697.5047086436907,6099.333759251945,13078.646377564486,False,0.8,,50.0,0.05
sweep_02821,163,DAILY_0001,5,1000.0,1.1,0.2,True,False,,,0,2,2,0.6108407343567581,0.0,1.0,0.0,0.0,17276.966005569957,15720.381778897672,False,1.0,,50.0,0.05
sweep_02822,164,DAILY_0001,5,1000.0,1.1,0.2,True,False,,,0,2,2,0.6108407343567581,0.0,1.0,0.0,0.0,17233.351687522765,15582.131163055903,False,1.0,,50.0,0.05
sweep_02823,165,DAILY_0001,5,1000.0,1.1,0.2,True,False,,,0,2,2,0.6108407343567581,0.0,1.0,0.0,0.0,16913.7215097475,15356.001656543907,False,1.0,,50.0,0.05
sweep_02824,166,DAILY_0001,5,1000.0,1.1,0.2,False,True,BEHAVIORAL_DEFAULT_SURPLUS_COLLATERAL,5.0,1,2,2,0.6108407343567581,1000.0,1.0,0.0,2690.754060038868,13275.843211445086,15748.77742170996,False,0.8,,50.0,0.05
sweep_02825,167,DAILY_0001,5,1000.0,1.1,0.2,True,False,,,0,2,2,0.6108407343567581,0.0,1.0,0.0,0.0,16859.790773916782,15415.86785250352,False,1.0,,50.0,0.05
sweep_02826,168,DAILY_0001,5,1000.0,1.1,0.2,False,True,BEHAVIORAL_DEFAULT_SURPLUS_COLLATERAL,5.0,1,2,2,0.6108407343567581,1000.0,1.0,0.0,5459.062392843868,12306.50352346156,15018.456051318264,False,0.8,,50.0,0.05
sweep_02827,169,DAILY_0001,5,1000.0,1.1,0.2,False,True,BEHAVIORAL_DEFAULT_SURPLUS_COLLATERAL,5.0,1,2,2,0.6108407343567581,1000.0,1.0,0.0,2696.3428292641875,13383.861734067441,15659.126621378386,False,0.8,,50.0,0.05
sweep_02828,170,DAILY_0001,5,1000.0,1.1,0.2,True,False,,,0,2,2,0.6108407343567581,0.0,1.0,0.0,0.0,17232.159337492943,15500.545781618635,False,1.0,,50.0,0.05
sweep_02829,171,DAILY_0001,5,1000.0,1.1,0.2,True,False,,,0,2,2,0.6108407343567581,0.0,1.0,0.0,0.0,16487.879755940605,15133.599221170272,False,1.0,,50.0,0.05
sweep_02830,172,DAILY_0001,5,1000.0,1.1,0.2,False,True,BEHAVIORAL_DEFAULT_SURPLUS_COLLATERAL,5.0,1,2,2,0.6108407343567581,1000.0,1.0,0.0,464.2980770653244,12754.088913575759,15294.527302925606,False,0.8,,50.0,0.05
sweep_02831,173,DAILY_0001,5,1000.0,1.1,0.2,True,False,,,0,2,2,0.6108407343567581,0.0,1.0,0.0,0.0,16811.936915077735,15458.656140332358,False,1.0,,50.0,0.05
sweep_02832,174,DAILY_0001,5,1000.0,1.1,0.2,True,False,,,0,2,2,0.6108407343567581,0.0,1.0,0.0,0.0,16928.24289810534,15398.39319527894,False,1.0,,50.0,0.05
sweep_02833,175,DAILY_0001,5,1000.0,1.1,0.2,True,False,,,0,2,2,0.6108407343567581,0.0,1.0,0.0,0.0,16822.84112582361,15317.112092551673,False,1.0,,50.0,0.05
sweep_02834,176,DAILY_0001,5,1000.0,1.1,0.2,True,False,,,0,2,2,0.6108407343567581,0.0,1.0,0.0,0.0,16402.90381242599,15114.473286071723,False,1.0,,50.0,0.05
sweep_02835,177,DAILY_0001,5,1000.0,1.1,0.2,False,True,BEHAVIORAL_DEFAULT_SURPLUS_COLLATERAL,2.0,1,0,0,0.0802993013430624,4000.0,1.0,0.0,1743.4389667576052,3160.1909052878864,5866.7455423315705,False,0.8,,50.0,0.05
sweep_02836,178,DAILY_0001,5,1000.0,1.1,0.2,True,False,,,0,2,2,0.6108407343567581,0.0,1.0,0.0,0.0,16613.95277706074,15251.681593565501,False,1.0,,50.0,0.05
sweep_02837,179,DAILY_0001,5,1000.0,1.1,0.2,True,False,,,0,2,2,0.6108407343567581,0.0,1.0,0.0,0.0,16825.94357748756,15292.881133116907,False,1.0,,50.0,0.05
sweep_02838,180,DAILY_0001,5,1000.0,1.1,0.2,True,False,,,0,2,2,0.6108407343567581,0.0,1.0,0.0,0.0,17332.698660576734,15547.392216590382,False,1.0,,50.0,0.05
sweep_02839,181,DAILY_0001,5,1000.0,1.1,0.2,False,True,BEHAVIORAL_DEFAULT_SURPLUS_COLLATERAL,4.0,1,2,2,0.6108407343567581,2000.0,1.0,0.0,692.5511394346076,9381.7156603568,14017.47124020045,False,0.8,,50.0,0.05
sweep_02840,182,DAILY_0001,5,1000.0,1.1,0.2,False,True,BEHAVIORAL_DEFAULT_SURPLUS_COLLATERAL,4.0,1,2,2,0.6108407343567581,2000.0,1.0,0.0,643.3023305049487,9613.459796300805,13949.359912182137,False,0.8,,50.0,0.05
sweep_02841,183,DAILY_0001,5,1000.0,1.1,0.2,False,True,BEHAVIORAL_DEFAULT_SURPLUS_COLLATERAL,5.0,1,2,2,0.6108407343567581,1000.0,1.0,0.0,2203.5691561944277,12517.895991903359,15175.018802761992,False,0.8,,50.0,0.05
sweep_02842,184,DAILY_0001,5,1000.0,1.1,0.2,True,False,,,0,2,2,0.6108407343567581,0.0,1.0,0.0,0.0,17226.715015370733,15739.492499341379,False,1.0,,50.0,0.05
sweep_02843,185,DAILY_0001,5,1000.0,1.1,0.2,False,True,BEHAVIORAL_DEFAULT_SURPLUS_COLLATERAL,4.0,1,2,2,0.6108407343567581,2000.0,1.0,0.0,430.9367706560438,9321.804157226868,13898.344398647278,False,0.8,,50.0,0.05
sweep_02844,186,DAILY_0001,5,1000.0,1.1,0.2,False,True,BEHAVIORAL_DEFAULT_SURPLUS_COLLATERAL,3.0,1,0,0,0.2295668026988248,3000.0,1.0,0.0,909.639071479909,6559.983069571281,13357.540747619096,False,0.8,,50.0,0.05
sweep_02845,187,DAILY_0001,5,1000.0,1.1,0.2,False,True,BEHAVIORAL_DEFAULT_SURPLUS_COLLATERAL,4.0,1,2,2,0.6108407343567581,2000.0,1.0,0.0,563.2833423979473,9703.856181907031,13991.573495134771,False,0.8,,50.0,0.05
sweep_02846,188,DAILY_0001,5,1000.0,1.1,0.2,False,True,BEHAVIORAL_DEFAULT_SURPLUS_COLLATERAL,5.0,1,2,2,0.6108407343567581,1000.0,1.0,0.0,2693.2670811960015,13167.848974053273,15519.004548875862,False,0.8,,50.0,0.05
sweep_02847,189,DAILY_0001,5,1000.0,1.1,0.2,True,False,,,0,2,2,0.6108407343567581,0.0,1.0,0.0,0.0,17458.454152212147,15752.74067598333,False,1.0,,50.0,0.05
sweep_02848,190,DAILY_0001,5,1000.0,1.1,0.2,False,True,BEHAVIORAL_DEFAULT_SURPLUS_COLLATERAL,4.0,1,2,2,0.6108407343567581,2000.0,1.0,0.0,2472.7817706634523,9384.639416814975,13839.818089080545,False,0.8,,50.0,0.05
sweep_02849,191,DAILY_0001,5,1000.0,1.1,0.2,True,False,,,0,2,2,0.6108407343567581,0.0,1.0,0.0,0.0,16741.237276910877,15255.37648248429,False,1.0,,50.0,0.05
sweep_02850,42,DAILY_0001,5,1000.0,1.1,0.2,True,False,,,0,2,2,0.6108407343567581,0.0,1.0,0.0,0.0,17143.15024973444,15464.6898518597,False,1.0,,100.0,0.05
sweep_02851,43,DAILY_0001,5,1000.0,1.1,0.2,True,False,,,0,2,2,0.6108407343567581,0.0,1.0,0.0,0.0,16683.664856290503,15270.708930987601,False,1.0,,100.0,0.05
sweep_02852,44,DAILY_0001,5,1000.0,1.1,0.2,True,False,,,0,2,2,0.6108407343567581,0.0,1.0,0.0,0.0,16963.961355801184,15557.60811983483,False,1.0,,100.0,0.05
sweep_02853,45,DAILY_0001,5,1000.0,1.1,0.2,False,True,BEHAVIORAL_DEFAULT_SURPLUS_COLLATERAL,5.0,1,2,2,0.6108407343567581,1000.0,1.0,0.0,5546.921434367745,12896.079661440042,15381.755266236536,False,0.8,,100.0,0.05
sweep_02854,46,DAILY_0001,5,1000.0,1.1,0.2,True,False,,,0,2,2,0.6108407343567581,0.0,1.0,0.0,0.0,16307.234970412434,14993.822190133147,False,1.0,,100.0,0.05
sweep_02855,47,DAILY_0001,5,1000.0,1.1,0.2,True,False,,,0,2,2,0.6108407343567581,0.0,1.0,0.0,0.0,17175.220923270765,15619.383693048245,False,1.0,,100.0,0.05
sweep_02856,48,DAILY_0001,5,1000.0,1.1,0.2,False,True,BEHAVIORAL_DEFAULT_SURPLUS_COLLATERAL,3.0,1,0,0,0.2295668026988248,3000.0,1.0,0.0,871.0149672826592,6384.596399760172,13258.567298951111,False,0.8,,100.0,0.05
sweep_02857,49,DAILY_0001,5,1000.0,1.1,0.2,True,False,,,0,2,2,0.6108407343567581,0.0,1.0,0.0,0.0,17411.6649980281,15806.228894190604,False,1.0,,100.0,0.05
sweep_02858,50,DAILY_0001,5,1000.0,1.1,0.2,True,False,,,0,2,2,0.6108407343567581,0.0,1.0,0.0,0.0,16470.071539501125,15150.722122997853,False,1.0,,100.0,0.05
sweep_02859,51,DAILY_0001,5,1000.0,1.1,0.2,True,False,,,0,2,2,0.6108407343567581,0.0,1.0,0.0,0.0,16553.917458671152,15049.056803581607,False,1.0,,100.0,0.05
sweep_02860,52,DAILY_0001,5,1000.0,1.1,0.2,False,True,BEHAVIORAL_DEFAULT_SURPLUS_COLLATERAL,5.0,1,2,2,0.6108407343567581,1000.0,1.0,0.0,5399.365792867565,13756.613367327447,15970.229909128191,False,0.8,,100.0,0.05
sweep_02861,53,DAILY_0001,5,1000.0,1.1,0.2,False,True,BEHAVIORAL_DEFAULT_SURPLUS_COLLATERAL,5.0,1,2,2,0.6108407343567581,1000.0,1.0,0.0,5479.5663422235175,12961.478326267516,15532.937704753047,False,0.8,,100.0,0.05
sweep_02862,54,DAILY_0001,5,1000.0,1.1,0.2,False,True,BEHAVIORAL_DEFAULT_SURPLUS_COLLATERAL,5.0,1,2,2,0.6108407343567581,1000.0,1.0,0.0,193.78329634116085,12569.941496225256,15324.234259642431,False,0.8,,100.0,0.05
sweep_02863,55,DAILY_0001,5,1000.0,1.1,0.2,False,True,BEHAVIORAL_DEFAULT_SURPLUS_COLLATERAL,5.0,1,2,2,0.6108407343567581,1000.0,1.0,0.0,2701.722810280283,13020.111295967612,15431.990588995239,False,0.8,,100.0,0.05
sweep_02864,56,DAILY_0001,5,1000.0,1.1,0.2,False,True,BEHAVIORAL_DEFAULT_SURPLUS_COLLATERAL,5.0,1,2,2,0.6108407343567581,1000.0,1.0,0.0,2651.4621204850932,12704.486967871519,15313.754684554586,False,0.8,,100.0,0.05
sweep_02865,57,DAILY_0001,5,1000.0,1.1,0.2,True,False,,,0,2,2,0.6108407343567581,0.0,1.0,0.0,0.0,16629.925622068513,15146.6027163683,False,1.0,,100.0,0.05
sweep_02866,58,DAILY_0001,5,1000.0,1.1,0.2,True,False,,,0,2,2,0.6108407343567581,0.0,1.0,0.0,0.0,17118.252725129587,15645.292280257385,False,1.0,,100.0,0.05
sweep_02867,59,DAILY_0001,5,1000.0,1.1,0.2,False,True,BEHAVIORAL_DEFAULT_SURPLUS_COLLATERAL,4.0,1,2,2,0.6108407343567581,2000.0,1.0,0.0,412.3034806788719,9396.14470761244,13993.054332930595,False,0.8,,100.0,0.05
sweep_02868,60,DAILY_0001,5,1000.0,1.1,0.2,True,False,,,0,2,2,0.6108407343567581,0.0,1.0,0.0,0.0,16890.892442598783,15388.503143081645,False,1.0,,100.0,0.05
sweep_02869,61,DAILY_0001,5,1000.0,1.1,0.2,True,False,,,0,2,2,0.6108407343567581,0.0,1.0,0.0,0.0,17049.548692196306,15580.457062969226,False,1.0,,100.0,0.05
sweep_02870,62,DAILY_0001,5,1000.0,1.1,0.2,True,False,,,0,2,2,0.6108407343567581,0.0,1.0,0.0,0.0,16688.163188009137,15344.683650824867,False,1.0,,100.0,0.05
sweep_02871,63,DAILY_0001,5,1000.0,1.1,0.2,False,True,BEHAVIORAL_DEFAULT_SURPLUS_COLLATERAL,5.0,1,2,2,0.6108407343567581,1000.0,1.0,0.0,2673.9424776709784,12560.781626539678,15186.672283462147,False,0.8,,100.0,0.05
sweep_02872,64,DAILY_0001,5,1000.0,1.1,0.2,False,True,BEHAVIORAL_DEFAULT_SURPLUS_COLLATERAL,3.0,1,0,0,0.2295668026988248,3000.0,1.0,0.0,3700.1603695599315,6151.058035452796,13110.866765698416,False,0.8,,100.0,0.05
sweep_02873,65,DAILY_0001,5,1000.0,1.1,0.2,False,True,BEHAVIORAL_DEFAULT_SURPLUS_COLLATERAL,2.0,1,0,0,0.0802993013430624,4000.0,1.0,0.0,1720.7116896052012,3099.9623073224475,5841.932258455283,False,0.8,,100.0,0.05
sweep_02874,66,DAILY_0001,5,1000.0,1.1,0.2,True,False,,,0,2,2,0.6108407343567581,0.0,1.0,0.0,0.0,17056.111050431617,15504.334227084775,False,1.0,,100.0,0.05
sweep_02875,67,DAILY_0001,5,1000.0,1.1,0.2,True,False,,,0,2,2,0.6108407343567581,0.0,1.0,0.0,0.0,17358.7323024141,15640.420716735764,False,1.0,,100.0,0.05
sweep_02876,68,DAILY_0001,5,1000.0,1.1,0.2,False,True,BEHAVIORAL_DEFAULT_SURPLUS_COLLATERAL,4.0,1,2,2,0.6108407343567581,2000.0,1.0,0.0,444.5948524803216,9384.172146377827,13927.613466626888,False,0.8,,100.0,0.05
sweep_02877,69,DAILY_0001,5,1000.0,1.1,0.2,False,True,BEHAVIORAL_DEFAULT_SURPLUS_COLLATERAL,3.0,1,0,0,0.2295668026988248,3000.0,1.0,0.0,831.9597060670158,6254.764509256824,13214.215763148319,False,0.8,,100.0,0.05
sweep_02878,70,DAILY_0001,5,1000.0,1.1,0.2,True,False,,,0,2,2,0.6108407343567581,0.0,1.0,0.0,0.0,18008.300555488746,15929.832463780473,False,1.0,,100.0,0.05
sweep_02879,71,DAILY_0001,5,1000.0,1.1,0.2,True,False,,,0,2,2,0.6108407343567581,0.0,1.0,0.0,0.0,17077.07193201092,15518.936519470211,False,1.0,,100.0,0.05
sweep_02880,72,DAILY_0001,5,1000.0,1.1,0.2,False,True,BEHAVIORAL_DEFAULT_SURPLUS_COLLATERAL,5.0,1,2,2,0.6108407343567581,1000.0,1.0,0.0,281.4837850568356,12739.57666014175,15248.273098541758,False,0.8,,100.0,0.05
sweep_02881,73,DAILY_0001,5,1000.0,1.1,0.2,True,False,,,0,2,2,0.6108407343567581,0.0,1.0,0.0,0.0,16909.5959464029,15389.551529618891,False,1.0,,100.0,0.05
sweep_02882,74,DAILY_0001,5,1000.0,1.1,0.2,False,True,BEHAVIORAL_DEFAULT_SURPLUS_COLLATERAL,3.0,1,0,0,0.2295668026988248,3000.0,1.0,0.0,3736.5342875193865,6142.21535254676,13137.883212527342,False,0.8,,100.0,0.05
sweep_02883,75,DAILY_0001,5,1000.0,1.1,0.2,True,False,,,0,2,2,0.6108407343567581,0.0,1.0,0.0,0.0,16697.360309291158,15292.140075327345,False,1.0,,100.0,0.05
sweep_02884,76,DAILY_0001,5,1000.0,1.1,0.2,True,False,,,0,2,2,0.6108407343567581,0.0,1.0,0.0,0.0,16671.801168191498,15313.215770879298,False,1.0,,100.0,0.05
sweep_02885,77,DAILY_0001,5,1000.0,1.1,0.2,True,False,,,0,2,2,0.6108407343567581,0.0,1.0,0.0,0.0,16763.124564751575,15380.463835482558,False,1.0,,100.0,0.05
sweep_02886,78,DAILY_0001,5,1000.0,1.1,0.2,True,False,,,0,2,2,0.6108407343567581,0.0,1.0,0.0,0.0,16719.51222653161,15233.166329538879,False,1.0,,100.0,0.05
sweep_02887,79,DAILY_0001,5,1000.0,1.1,0.2,True,False,,,0,2,2,0.6108407343567581,0.0,1.0,0.0,0.0,16476.77247232043,15134.42243660182,False,1.0,,100.0,0.05
sweep_02888,80,DAILY_0001,5,1000.0,1.1,0.2,True,False,,,0,2,2,0.6108407343567581,0.0,1.0,0.0,0.0,16187.427798734678,14963.54531740781,False,1.0,,100.0,0.05
sweep_02889,81,DAILY_0001,5,1000.0,1.1,0.2,True,False,,,0,2,2,0.6108407343567581,0.0,1.0,0.0,0.0,17261.26216002694,15514.104705911333,False,1.0,,100.0,0.05
sweep_02890,82,DAILY_0001,5,1000.0,1.1,0.2,True,False,,,0,2,2,0.6108407343567581,0.0,1.0,0.0,0.0,17428.23657344996,15873.927079959307,False,1.0,,100.0,0.05
sweep_02891,83,DAILY_0001,5,1000.0,1.1,0.2,False,True,BEHAVIORAL_DEFAULT_SURPLUS_COLLATERAL,5.0,1,2,2,0.6108407343567581,1000.0,1.0,0.0,462.3918959146554,13023.010849409744,15450.498224609968,False,0.8,,100.0,0.05
sweep_02892,84,DAILY_0001,5,1000.0,1.1,0.2,False,True,BEHAVIORAL_DEFAULT_SURPLUS_COLLATERAL,3.0,1,0,0,0.2295668026988248,3000.0,1.0,0.0,848.0114632327159,6504.624246924773,13462.91433723172,False,0.8,,100.0,0.05
sweep_02893,85,DAILY_0001,5,1000.0,1.1,0.2,False,True,BEHAVIORAL_DEFAULT_SURPLUS_COLLATERAL,4.0,1,2,2,0.6108407343567581,2000.0,1.0,0.0,475.7161259865052,9644.511591981416,13951.722508567107,False,0.8,,100.0,0.05
sweep_02894,86,DAILY_0001,5,1000.0,1.1,0.2,True,False,,,0,2,2,0.6108407343567581,0.0,1.0,0.0,0.0,17346.9008892341,15714.064933651209,False,1.0,,100.0,0.05
sweep_02895,87,DAILY_0001,5,1000.0,1.1,0.2,True,False,,,0,2,2,0.6108407343567581,0.0,1.0,0.0,0.0,16887.21410701461,15382.234818090634,False,1.0,,100.0,0.05
sweep_02896,88,DAILY_0001,5,1000.0,1.1,0.2,False,True,BEHAVIORAL_DEFAULT_SURPLUS_COLLATERAL,3.0,1,0,0,0.2295668026988248,3000.0,1.0,0.0,3697.3764731093815,6598.059130640779,13366.588075612832,False,0.8,,100.0,0.05
sweep_02897,89,DAILY_0001,5,1000.0,1.1,0.2,True,False,,,0,2,2,0.6108407343567581,0.0,1.0,0.0,0.0,16483.760527058344,15164.076764390746,False,1.0,,100.0,0.05
sweep_02898,90,DAILY_0001,5,1000.0,1.1,0.2,False,True,BEHAVIORAL_DEFAULT_SURPLUS_COLLATERAL,4.0,1,2,2,0.6108407343567581,2000.0,1.0,0.0,2474.9449161467073,9428.143344053857,13969.591291560228,False,0.8,,100.0,0.05
sweep_02899,91,DAILY_0001,5,1000.0,1.1,0.2,True,False,,,0,2,2,0.6108407343567581,0.0,1.0,0.0,0.0,16432.64453049189,15182.80777513449,False,1.0,,100.0,0.05
sweep_02900,92,DAILY_0001,5,1000.0,1.1,0.2,True,False,,,0,2,2,0.6108407343567581,0.0,1.0,0.0,0.0,16541.46983637411,15233.105964469572,False,1.0,,100.0,0.05
sweep_02901,93,DAILY_0001,5,1000.0,1.1,0.2,False,True,BEHAVIORAL_DEFAULT_SURPLUS_COLLATERAL,3.0,1,0,0,0.2295668026988248,3000.0,1.0,0.0,876.9623660481616,7022.911645595454,13990.801487680765,False,0.8,,100.0,0.05
sweep_02902,94,DAILY_0001,5,1000.0,1.1,0.2,True,False,,,0,2,2,0.6108407343567581,0.0,1.0,0.0,0.0,16816.49136159871,15407.895260371411,False,1.0,,100.0,0.05
sweep_02903,95,DAILY_0001,5,1000.0,1.1,0.2,True,False,,,0,2,2,0.6108407343567581,0.0,1.0,0.0,0.0,17545.744689882886,15756.40386913241,False,1.0,,100.0,0.05
sweep_02904,96,DAILY_0001,5,1000.0,1.1,0.2,True,False,,,0,2,2,0.6108407343567581,0.0,1.0,0.0,0.0,17272.505142960632,15456.847307183878,False,1.0,,100.0,0.05
sweep_02905,97,DAILY_0001,5,1000.0,1.1,0.2,True,False,,,0,2,2,0.6108407343567581,0.0,1.0,0.0,0.0,17205.00493267573,15525.466691445326,False,1.0,,100.0,0.05
sweep_02906,98,DAILY_0001,5,1000.0,1.1,0.2,True,False,,,0,2,2,0.6108407343567581,0.0,1.0,0.0,0.0,17117.740576801672,15614.037157138035,False,1.0,,100.0,0.05
sweep_02907,99,DAILY_0001,5,1000.0,1.1,0.2,False,True,BEHAVIORAL_DEFAULT_SURPLUS_COLLATERAL,4.0,1,2,2,0.6108407343567581,2000.0,1.0,0.0,2473.8776598582526,9546.407766635395,13973.714867616922,False,0.8,,100.0,0.05
sweep_02908,100,DAILY_0001,5,1000.0,1.1,0.2,True,False,,,0,2,2,0.6108407343567581,0.0,1.0,0.0,0.0,17296.288473944063,15715.796273152158,False,1.0,,100.0,0.05
sweep_02909,101,DAILY_0001,5,1000.0,1.1,0.2,False,True,BEHAVIORAL_DEFAULT_SURPLUS_COLLATERAL,5.0,1,2,2,0.6108407343567581,1000.0,1.0,0.0,2375.5282701469996,13094.897102232273,15603.400737345131,False,0.8,,100.0,0.05
sweep_02910,102,DAILY_0001,5,1000.0,1.1,0.2,False,True,BEHAVIORAL_DEFAULT_SURPLUS_COLLATERAL,5.0,1,2,2,0.6108407343567581,1000.0,1.0,0.0,5620.886240984379,13315.718463742422,15815.353192644114,False,0.8,,100.0,0.05
sweep_02911,103,DAILY_0001,5,1000.0,1.1,0.2,False,True,BEHAVIORAL_DEFAULT_SURPLUS_COLLATERAL,4.0,1,2,2,0.6108407343567581,2000.0,1.0,0.0,672.4655318347814,9410.055771571677,13932.878111816515,False,0.8,,100.0,0.05
sweep_02912,104,DAILY_0001,5,1000.0,1.1,0.2,True,False,,,0,2,2,0.6108407343567581,0.0,1.0,0.0,0.0,16965.565545296653,15357.216250837464,False,1.0,,100.0,0.05
sweep_02913,105,DAILY_0001,5,1000.0,1.1,0.2,False,True,BEHAVIORAL_DEFAULT_SURPLUS_COLLATERAL,4.0,1,2,2,0.6108407343567581,2000.0,1.0,0.0,2477.5069566921084,10112.068977480729,14153.59829033465,False,0.8,,100.0,0.05
sweep_02914,106,DAILY_0001,5,1000.0,1.1,0.2,False,True,BEHAVIORAL_DEFAULT_SURPLUS_COLLATERAL,5.0,1,2,2,0.6108407343567581,1000.0,1.0,0.0,557.1405264883429,13317.118454353504,15621.042887480635,False,0.8,,100.0,0.05
sweep_02915,107,DAILY_0001,5,1000.0,1.1,0.2,False,True,BEHAVIORAL_DEFAULT_SURPLUS_COLLATERAL,4.0,1,2,2,0.6108407343567581,2000.0,1.0,0.0,681.4160970541743,9504.711727327722,13853.456928678883,False,0.8,,100.0,0.05
sweep_02916,108,DAILY_0001,5,1000.0,1.1,0.2,False,True,BEHAVIORAL_DEFAULT_SURPLUS_COLLATERAL,4.0,1,2,2,0.6108407343567581,2000.0,1.0,0.0,2475.6818423049363,9229.632260373746,13926.172933864847,False,0.8,,100.0,0.05
sweep_02917,109,DAILY_0001,5,1000.0,1.1,0.2,True,False,,,0,2,2,0.6108407343567581,0.0,1.0,0.0,0.0,17097.560018571552,15529.72250213513,False,1.0,,100.0,0.05
sweep_02918,110,DAILY_0001,5,1000.0,1.1,0.2,True,False,,,0,2,2,0.6108407343567581,0.0,1.0,0.0,0.0,17252.145983174083,15720.651070662347,False,1.0,,100.0,0.05
sweep_02919,111,DAILY_0001,5,1000.0,1.1,0.2,False,True,BEHAVIORAL_DEFAULT_SURPLUS_COLLATERAL,5.0,1,2,2,0.6108407343567581,1000.0,1.0,0.0,2266.483495230606,13005.811951455453,15387.035382337797,False,0.8,,100.0,0.05
sweep_02920,112,DAILY_0001,5,1000.0,1.1,0.2,True,False,,,0,2,2,0.6108407343567581,0.0,1.0,0.0,0.0,16909.07625773677,15438.828826598494,False,1.0,,100.0,0.05
sweep_02921,113,DAILY_0001,5,1000.0,1.1,0.2,False,True,BEHAVIORAL_DEFAULT_SURPLUS_COLLATERAL,3.0,1,0,0,0.2295668026988248,3000.0,1.0,0.0,904.2737853912367,6623.312533026473,13446.64536891352,False,0.8,,100.0,0.05
sweep_02922,114,DAILY_0001,5,1000.0,1.1,0.2,False,True,BEHAVIORAL_DEFAULT_SURPLUS_COLLATERAL,3.0,1,0,0,0.2295668026988248,3000.0,1.0,0.0,817.501963759084,6121.454939968626,13097.812012556018,False,0.8,,100.0,0.05
sweep_02923,115,DAILY_0001,5,1000.0,1.1,0.2,True,False,,,0,2,2,0.6108407343567581,0.0,1.0,0.0,0.0,16756.555719327873,15149.244592871297,False,1.0,,100.0,0.05
sweep_02924,116,DAILY_0001,5,1000.0,1.1,0.2,False,True,BEHAVIORAL_DEFAULT_SURPLUS_COLLATERAL,3.0,1,0,0,0.2295668026988248,3000.0,1.0,0.0,3868.6664506241304,6397.070943819939,13401.776533005786,False,0.8,,100.0,0.05
sweep_02925,117,DAILY_0001,5,1000.0,1.1,0.2,False,True,BEHAVIORAL_DEFAULT_SURPLUS_COLLATERAL,2.0,1,0,0,0.0802993013430624,4000.0,1.0,0.0,1754.477795782469,3189.4444401873525,5878.797562308226,False,0.8,,100.0,0.05
sweep_02926,118,DAILY_0001,5,1000.0,1.1,0.2,True,False,,,0,2,2,0.6108407343567581,0.0,1.0,0.0,0.0,16908.748437966286,15485.876110518333,False,1.0,,100.0,0.05
sweep_02927,119,DAILY_0001,5,1000.0,1.1,0.2,True,False,,,0,2,2,0.6108407343567581,0.0,1.0,0.0,0.0,16730.031620694273,15426.768770120492,False,1.0,,100.0,0.05
sweep_02928,120,DAILY_0001,5,1000.0,1.1,0.2,True,False,,,0,2,2,0.6108407343567581,0.0,1.0,0.0,0.0,17299.20314416707,15836.725733636398,False,1.0,,100.0,0.05
sweep_02929,121,DAILY_0001,5,1000.0,1.1,0.2,False,True,BEHAVIORAL_DEFAULT_SURPLUS_COLLATERAL,4.0,1,2,2,0.6108407343567581,2000.0,1.0,0.0,2473.882090708601,9287.607451281923,13859.693199468324,False,0.8,,100.0,0.05
sweep_02930,122,DAILY_0001,5,1000.0,1.1,0.2,True,False,,,0,2,2,0.6108407343567581,0.0,1.0,0.0,0.0,16786.425779314144,15445.267533351305,False,1.0,,100.0,0.05
sweep_02931,123,DAILY_0001,5,1000.0,1.1,0.2,False,True,BEHAVIORAL_DEFAULT_SURPLUS_COLLATERAL,4.0,1,2,2,0.6108407343567581,2000.0,1.0,0.0,2475.7192585881994,10213.097259473365,14179.28631629681,False,0.8,,100.0,0.05
sweep_02932,124,DAILY_0001,5,1000.0,1.1,0.2,True,False,,,0,2,2,0.6108407343567581,0.0,1.0,0.0,0.0,17378.096470344266,15688.958469547762,False,1.0,,100.0,0.05
sweep_02933,125,DAILY_0001,5,1000.0,1.1,0.2,True,False,,,0,2,2,0.6108407343567581,0.0,1.0,0.0,0.0,17222.14785778652,15627.057375847844,False,1.0,,100.0,0.05
sweep_02934,126,DAILY_0001,5,1000.0,1.1,0.2,False,True,BEHAVIORAL_DEFAULT_SURPLUS_COLLATERAL,3.0,1,0,0,0.2295668026988248,3000.0,1.0,0.0,3943.720118839624,6608.331218475114,13590.080785951512,False,0.8,,100.0,0.05
sweep_02935,127,DAILY_0001,5,1000.0,1.1,0.2,True,False,,,0,2,2,0.6108407343567581,0.0,1.0,0.0,0.0,17068.994068195138,15531.616470635416,False,1.0,,100.0,0.05
sweep_02936,128,DAILY_0001,5,1000.0,1.1,0.2,True,False,,,0,2,2,0.6108407343567581,0.0,1.0,0.0,0.0,17380.160876094935,15566.559122687933,False,1.0,,100.0,0.05
sweep_02937,129,DAILY_0001,5,1000.0,1.1,0.2,True,False,,,0,2,2,0.6108407343567581,0.0,1.0,0.0,0.0,16680.988802965425,15255.609990228937,False,1.0,,100.0,0.05
sweep_02938,130,DAILY_0001,5,1000.0,1.1,0.2,False,True,BEHAVIORAL_DEFAULT_SURPLUS_COLLATERAL,5.0,1,2,2,0.6108407343567581,1000.0,1.0,0.0,2698.560870128169,12730.738840773127,15278.150350585578,False,0.8,,100.0,0.05
sweep_02939,131,DAILY_0001,5,1000.0,1.1,0.2,False,True,BEHAVIORAL_DEFAULT_SURPLUS_COLLATERAL,4.0,1,2,2,0.6108407343567581,2000.0,1.0,0.0,2474.788970436449,9894.940183776958,14019.13452217741,False,0.8,,100.0,0.05
sweep_02940,132,DAILY_0001,5,1000.0,1.1,0.2,False,True,BEHAVIORAL_DEFAULT_SURPLUS_COLLATERAL,4.0,1,2,2,0.6108407343567581,2000.0,1.0,0.0,446.8477365499316,9452.061028387478,13887.275165565321,False,0.8,,100.0,0.05
sweep_02941,133,DAILY_0001,5,1000.0,1.1,0.2,False,True,BEHAVIORAL_DEFAULT_SURPLUS_COLLATERAL,2.0,1,0,0,0.0802993013430624,4000.0,1.0,0.0,1701.7812011118822,3049.7954187370806,5821.264248743797,False,0.8,,100.0,0.05
sweep_02942,134,DAILY_0001,5,1000.0,1.1,0.2,False,True,BEHAVIORAL_DEFAULT_SURPLUS_COLLATERAL,3.0,1,0,0,0.2295668026988248,3000.0,1.0,0.0,893.3185116004884,6618.547990000483,13471.331150377337,False,0.8,,100.0,0.05
sweep_02943,135,DAILY_0001,5,1000.0,1.1,0.2,True,False,,,0,2,2,0.6108407343567581,0.0,1.0,0.0,0.0,17308.180105341366,15637.42103906991,False,1.0,,100.0,0.05
sweep_02944,136,DAILY_0001,5,1000.0,1.1,0.2,False,True,BEHAVIORAL_DEFAULT_SURPLUS_COLLATERAL,5.0,1,2,2,0.6108407343567581,1000.0,1.0,0.0,2336.127611764011,12439.168673732074,15168.75749689579,False,0.8,,100.0,0.05
sweep_02945,137,DAILY_0001,5,1000.0,1.1,0.2,False,True,BEHAVIORAL_DEFAULT_SURPLUS_COLLATERAL,4.0,1,2,2,0.6108407343567581,2000.0,1.0,0.0,582.8568530974212,9538.559186760156,13976.308653202395,False,0.8,,100.0,0.05
sweep_02946,138,DAILY_0001,5,1000.0,1.1,0.2,False,True,BEHAVIORAL_DEFAULT_SURPLUS_COLLATERAL,5.0,1,2,2,0.6108407343567581,1000.0,1.0,0.0,221.62294338126503,12533.99100881035,15210.43780272498,False,0.8,,100.0,0.05
sweep_02947,139,DAILY_0001,5,1000.0,1.1,0.2,False,True,BEHAVIORAL_DEFAULT_SURPLUS_COLLATERAL,2.0,1,0,0,0.0802993013430624,4000.0,1.0,0.0,1724.9314852012376,3111.145009532911,5846.5393649433245,False,0.8,,100.0,0.05
sweep_02948,140,DAILY_0001,5,1000.0,1.1,0.2,False,True,BEHAVIORAL_DEFAULT_SURPLUS_COLLATERAL,2.0,1,0,0,0.0802993013430624,4000.0,1.0,0.0,1743.9240480447788,3161.476398733924,5867.275146454449,False,0.8,,100.0,0.05
sweep_02949,141,DAILY_0001,5,1000.0,1.1,0.2,True,False,,,0,2,2,0.6108407343567581,0.0,1.0,0.0,0.0,17185.12705013151,15544.18765328961,False,1.0,,100.0,0.05
sweep_02950,142,DAILY_0001,5,1000.0,1.1,0.2,False,True,BEHAVIORAL_DEFAULT_SURPLUS_COLLATERAL,2.0,1,0,0,0.0802993013430624,4000.0,1.0,0.0,1745.7502294271153,3166.3158849403544,5869.268942576424,False,0.8,,100.0,0.05
sweep_02951,143,DAILY_0001,5,1000.0,1.1,0.2,True,False,,,0,2,2,0.6108407343567581,0.0,1.0,0.0,0.0,16445.290904199723,15163.832365295886,False,1.0,,100.0,0.05
sweep_02952,144,DAILY_0001,5,1000.0,1.1,0.2,True,False,,,0,2,2,0.6108407343567581,0.0,1.0,0.0,0.0,17343.411988435073,15751.302509897738,False,1.0,,100.0,0.05
sweep_02953,145,DAILY_0001,5,1000.0,1.1,0.2,True,False,,,0,2,2,0.6108407343567581,0.0,1.0,0.0,0.0,17193.72751399906,15689.296099813408,False,1.0,,100.0,0.05
sweep_02954,146,DAILY_0001,5,1000.0,1.1,0.2,True,False,,,0,2,2,0.6108407343567581,0.0,1.0,0.0,0.0,16193.924104929843,14987.794397869287,False,1.0,,100.0,0.05
sweep_02955,147,DAILY_0001,5,1000.0,1.1,0.2,False,True,BEHAVIORAL_DEFAULT_SURPLUS_COLLATERAL,4.0,1,2,2,0.6108407343567581,2000.0,1.0,0.0,507.0084861390478,9889.107754331599,14025.135389891171,False,0.8,,100.0,0.05
sweep_02956,148,DAILY_0001,5,1000.0,1.1,0.2,True,False,,,0,2,2,0.6108407343567581,0.0,1.0,0.0,0.0,17096.666287603017,15631.135167086059,False,1.0,,100.0,0.05
sweep_02957,149,DAILY_0001,5,1000.0,1.1,0.2,False,True,BEHAVIORAL_DEFAULT_SURPLUS_COLLATERAL,4.0,1,2,2,0.6108407343567581,2000.0,1.0,0.0,411.2122574368459,9814.02173860668,14153.171006506018,False,0.8,,100.0,0.05
sweep_02958,150,DAILY_0001,5,1000.0,1.1,0.2,True,False,,,0,2,2,0.6108407343567581,0.0,1.0,0.0,0.0,16546.279710931314,15225.006582446229,False,1.0,,100.0,0.05
sweep_02959,151,DAILY_0001,5,1000.0,1.1,0.2,False,True,BEHAVIORAL_DEFAULT_SURPLUS_COLLATERAL,5.0,1,2,2,0.6108407343567581,1000.0,1.0,0.0,2531.732141792092,13335.570209326292,15728.065553859396,False,0.8,,100.0,0.05
sweep_02960,152,DAILY_0001,5,1000.0,1.1,0.2,True,False,,,0,2,2,0.6108407343567581,0.0,1.0,0.0,0.0,17093.36930493184,15610.65622760927,False,1.0,,100.0,0.05
sweep_02961,153,DAILY_0001,5,1000.0,1.1,0.2,True,False,,,0,2,2,0.6108407343567581,0.0,1.0,0.0,0.0,16508.84948067981,15124.63119251241,False,1.0,,100.0,0.05
sweep_02962,154,DAILY_0001,5,1000.0,1.1,0.2,True,False,,,0,2,2,0.6108407343567581,0.0,1.0,0.0,0.0,16928.440090342658,15399.043175829978,False,1.0,,100.0,0.05
sweep_02963,155,DAILY_0001,5,1000.0,1.1,0.2,False,True,BEHAVIORAL_DEFAULT_SURPLUS_COLLATERAL,3.0,1,0,0,0.2295668026988248,3000.0,1.0,0.0,3819.730681480909,6224.123226178908,13258.66710008045,False,0.8,,100.0,0.05
sweep_02964,156,DAILY_0001,5,1000.0,1.1,0.2,True,False,,,0,2,2,0.6108407343567581,0.0,1.0,0.0,0.0,16822.870383115638,15411.596981202245,False,1.0,,100.0,0.05
sweep_02965,157,DAILY_0001,5,1000.0,1.1,0.2,False,True,BEHAVIORAL_DEFAULT_SURPLUS_COLLATERAL,3.0,1,0,0,0.2295668026988248,3000.0,1.0,0.0,823.3653109571046,6313.283449869156,13306.601590097922,False,0.8,,100.0,0.05
sweep_02966,158,DAILY_0001,5,1000.0,1.1,0.2,True,False,,,0,2,2,0.6108407343567581,0.0,1.0,0.0,0.0,17327.297792749472,15587.670770763094,False,1.0,,100.0,0.05
sweep_02967,159,DAILY_0001,5,1000.0,1.1,0.2,True,False,,,0,2,2,0.6108407343567581,0.0,1.0,0.0,0.0,17547.075472215663,15808.772856619727,False,1.0,,100.0,0.05
sweep_02968,160,DAILY_0001,5,1000.0,1.1,0.2,False,True,BEHAVIORAL_DEFAULT_SURPLUS_COLLATERAL,5.0,1,3,3,0.6108407343567581,1000.0,1.0,0.0,5502.361202563031,13559.294233579409,15690.981041655885,False,0.8,,100.0,0.05
sweep_02969,161,DAILY_0001,5,1000.0,1.1,0.2,True,False,,,0,2,2,0.6108407343567581,0.0,1.0,0.0,0.0,16722.38973114001,15249.330195933107,False,1.0,,100.0,0.05
sweep_02970,162,DAILY_0001,5,1000.0,1.1,0.2,False,True,BEHAVIORAL_DEFAULT_SURPLUS_COLLATERAL,3.0,1,0,0,0.2295668026988248,3000.0,1.0,0.0,3697.5047086436907,6099.333759251945,13078.646377564486,False,0.8,,100.0,0.05
sweep_02971,163,DAILY_0001,5,1000.0,1.1,0.2,True,False,,,0,2,2,0.6108407343567581,0.0,1.0,0.0,0.0,17276.966005569957,15720.381778897672,False,1.0,,100.0,0.05
sweep_02972,164,DAILY_0001,5,1000.0,1.1,0.2,True,False,,,0,2,2,0.6108407343567581,0.0,1.0,0.0,0.0,17233.351687522765,15582.131163055903,False,1.0,,100.0,0.05
sweep_02973,165,DAILY_0001,5,1000.0,1.1,0.2,True,False,,,0,2,2,0.6108407343567581,0.0,1.0,0.0,0.0,16913.7215097475,15356.001656543907,False,1.0,,100.0,0.05
sweep_02974,166,DAILY_0001,5,1000.0,1.1,0.2,False,True,BEHAVIORAL_DEFAULT_SURPLUS_COLLATERAL,5.0,1,2,2,0.6108407343567581,1000.0,1.0,0.0,2690.754060038868,13275.843211445086,15748.77742170996,False,0.8,,100.0,0.05
sweep_02975,167,DAILY_0001,5,1000.0,1.1,0.2,True,False,,,0,2,2,0.6108407343567581,0.0,1.0,0.0,0.0,16859.790773916782,15415.86785250352,False,1.0,,100.0,0.05
sweep_02976,168,DAILY_0001,5,1000.0,1.1,0.2,False,True,BEHAVIORAL_DEFAULT_SURPLUS_COLLATERAL,5.0,1,2,2,0.6108407343567581,1000.0,1.0,0.0,5459.062392843868,12306.50352346156,15018.456051318264,False,0.8,,100.0,0.05
sweep_02977,169,DAILY_0001,5,1000.0,1.1,0.2,False,True,BEHAVIORAL_DEFAULT_SURPLUS_COLLATERAL,5.0,1,2,2,0.6108407343567581,1000.0,1.0,0.0,2696.3428292641875,13383.861734067441,15659.126621378386,False,0.8,,100.0,0.05
sweep_02978,170,DAILY_0001,5,1000.0,1.1,0.2,True,False,,,0,2,2,0.6108407343567581,0.0,1.0,0.0,0.0,17232.159337492943,15500.545781618635,False,1.0,,100.0,0.05
sweep_02979,171,DAILY_0001,5,1000.0,1.1,0.2,True,False,,,0,2,2,0.6108407343567581,0.0,1.0,0.0,0.0,16487.879755940605,15133.599221170272,False,1.0,,100.0,0.05
sweep_02980,172,DAILY_0001,5,1000.0,1.1,0.2,False,True,BEHAVIORAL_DEFAULT_SURPLUS_COLLATERAL,5.0,1,2,2,0.6108407343567581,1000.0,1.0,0.0,464.2980770653244,12754.088913575759,15294.527302925606,False,0.8,,100.0,0.05
sweep_02981,173,DAILY_0001,5,1000.0,1.1,0.2,True,False,,,0,2,2,0.6108407343567581,0.0,1.0,0.0,0.0,16811.936915077735,15458.656140332358,False,1.0,,100.0,0.05
sweep_02982,174,DAILY_0001,5,1000.0,1.1,0.2,True,False,,,0,2,2,0.6108407343567581,0.0,1.0,0.0,0.0,16928.24289810534,15398.39319527894,False,1.0,,100.0,0.05
sweep_02983,175,DAILY_0001,5,1000.0,1.1,0.2,True,False,,,0,2,2,0.6108407343567581,0.0,1.0,0.0,0.0,16822.84112582361,15317.112092551673,False,1.0,,100.0,0.05
sweep_02984,176,DAILY_0001,5,1000.0,1.1,0.2,True,False,,,0,2,2,0.6108407343567581,0.0,1.0,0.0,0.0,16402.90381242599,15114.473286071723,False,1.0,,100.0,0.05
sweep_02985,177,DAILY_0001,5,1000.0,1.1,0.2,False,True,BEHAVIORAL_DEFAULT_SURPLUS_COLLATERAL,2.0,1,0,0,0.0802993013430624,4000.0,1.0,0.0,1743.4389667576052,3160.1909052878864,5866.7455423315705,False,0.8,,100.0,0.05
sweep_02986,178,DAILY_0001,5,1000.0,1.1,0.2,True,False,,,0,2,2,0.6108407343567581,0.0,1.0,0.0,0.0,16613.95277706074,15251.681593565501,False,1.0,,100.0,0.05
sweep_02987,179,DAILY_0001,5,1000.0,1.1,0.2,True,False,,,0,2,2,0.6108407343567581,0.0,1.0,0.0,0.0,16825.94357748756,15292.881133116907,False,1.0,,100.0,0.05
sweep_02988,180,DAILY_0001,5,1000.0,1.1,0.2,True,False,,,0,2,2,0.6108407343567581,0.0,1.0,0.0,0.0,17332.698660576734,15547.392216590382,False,1.0,,100.0,0.05
sweep_02989,181,DAILY_0001,5,1000.0,1.1,0.2,False,True,BEHAVIORAL_DEFAULT_SURPLUS_COLLATERAL,4.0,1,2,2,0.6108407343567581,2000.0,1.0,0.0,692.5511394346076,9381.7156603568,14017.47124020045,False,0.8,,100.0,0.05
sweep_02990,182,DAILY_0001,5,1000.0,1.1,0.2,False,True,BEHAVIORAL_DEFAULT_SURPLUS_COLLATERAL,4.0,1,2,2,0.6108407343567581,2000.0,1.0,0.0,643.3023305049487,9613.459796300805,13949.359912182137,False,0.8,,100.0,0.05
sweep_02991,183,DAILY_0001,5,1000.0,1.1,0.2,False,True,BEHAVIORAL_DEFAULT_SURPLUS_COLLATERAL,5.0,1,2,2,0.6108407343567581,1000.0,1.0,0.0,2203.5691561944277,12517.895991903359,15175.018802761992,False,0.8,,100.0,0.05
sweep_02992,184,DAILY_0001,5,1000.0,1.1,0.2,True,False,,,0,2,2,0.6108407343567581,0.0,1.0,0.0,0.0,17226.715015370733,15739.492499341379,False,1.0,,100.0,0.05
sweep_02993,185,DAILY_0001,5,1000.0,1.1,0.2,False,True,BEHAVIORAL_DEFAULT_SURPLUS_COLLATERAL,4.0,1,2,2,0.6108407343567581,2000.0,1.0,0.0,430.9367706560438,9321.804157226868,13898.344398647278,False,0.8,,100.0,0.05
sweep_02994,186,DAILY_0001,5,1000.0,1.1,0.2,False,True,BEHAVIORAL_DEFAULT_SURPLUS_COLLATERAL,3.0,1,0,0,0.2295668026988248,3000.0,1.0,0.0,909.639071479909,6559.983069571281,13357.540747619096,False,0.8,,100.0,0.05
sweep_02995,187,DAILY_0001,5,1000.0,1.1,0.2,False,True,BEHAVIORAL_DEFAULT_SURPLUS_COLLATERAL,4.0,1,2,2,0.6108407343567581,2000.0,1.0,0.0,563.2833423979473,9703.856181907031,13991.573495134771,False,0.8,,100.0,0.05
sweep_02996,188,DAILY_0001,5,1000.0,1.1,0.2,False,True,BEHAVIORAL_DEFAULT_SURPLUS_COLLATERAL,5.0,1,2,2,0.6108407343567581,1000.0,1.0,0.0,2693.2670811960015,13167.848974053273,15519.004548875862,False,0.8,,100.0,0.05
sweep_02997,189,DAILY_0001,5,1000.0,1.1,0.2,True,False,,,0,2,2,0.6108407343567581,0.0,1.0,0.0,0.0,17458.454152212147,15752.74067598333,False,1.0,,100.0,0.05
sweep_02998,190,DAILY_0001,5,1000.0,1.1,0.2,False,True,BEHAVIORAL_DEFAULT_SURPLUS_COLLATERAL,4.0,1,2,2,0.6108407343567581,2000.0,1.0,0.0,2472.7817706634523,9384.639416814975,13839.818089080545,False,0.8,,100.0,0.05
sweep_02999,191,DAILY_0001,5,1000.0,1.1,0.2,True,False,,,0,2,2,0.6108407343567581,0.0,1.0,0.0,0.0,16741.237276910877,15255.37648248429,False,1.0,,100.0,0.05
sweep_03000,42,DAILY_0001,5,1000.0,1.1,0.2,True,False,,,0,2,2,0.6108407343567581,0.0,1.0,0.0,0.0,17143.15024973444,15464.6898518597,False,1.0,,150.0,0.05
sweep_03001,43,DAILY_0001,5,1000.0,1.1,0.2,True,False,,,0,2,2,0.6108407343567581,0.0,1.0,0.0,0.0,16683.664856290503,15270.708930987601,False,1.0,,150.0,0.05
sweep_03002,44,DAILY_0001,5,1000.0,1.1,0.2,True,False,,,0,2,2,0.6108407343567581,0.0,1.0,0.0,0.0,16963.961355801184,15557.60811983483,False,1.0,,150.0,0.05
sweep_03003,45,DAILY_0001,5,1000.0,1.1,0.2,False,True,BEHAVIORAL_DEFAULT_SURPLUS_COLLATERAL,5.0,1,2,2,0.6108407343567581,1000.0,1.0,0.0,5546.921434367745,12896.079661440042,15381.755266236536,False,0.8,,150.0,0.05
sweep_03004,46,DAILY_0001,5,1000.0,1.1,0.2,True,False,,,0,2,2,0.6108407343567581,0.0,1.0,0.0,0.0,16307.234970412434,14993.822190133147,False,1.0,,150.0,0.05
sweep_03005,47,DAILY_0001,5,1000.0,1.1,0.2,True,False,,,0,2,2,0.6108407343567581,0.0,1.0,0.0,0.0,17175.220923270765,15619.383693048245,False,1.0,,150.0,0.05
sweep_03006,48,DAILY_0001,5,1000.0,1.1,0.2,False,True,BEHAVIORAL_DEFAULT_SURPLUS_COLLATERAL,3.0,1,0,0,0.2295668026988248,3000.0,1.0,0.0,871.0149672826592,6384.596399760172,13258.567298951111,False,0.8,,150.0,0.05
sweep_03007,49,DAILY_0001,5,1000.0,1.1,0.2,True,False,,,0,2,2,0.6108407343567581,0.0,1.0,0.0,0.0,17411.6649980281,15806.228894190604,False,1.0,,150.0,0.05
sweep_03008,50,DAILY_0001,5,1000.0,1.1,0.2,True,False,,,0,2,2,0.6108407343567581,0.0,1.0,0.0,0.0,16470.071539501125,15150.722122997853,False,1.0,,150.0,0.05
sweep_03009,51,DAILY_0001,5,1000.0,1.1,0.2,True,False,,,0,2,2,0.6108407343567581,0.0,1.0,0.0,0.0,16553.917458671152,15049.056803581607,False,1.0,,150.0,0.05
sweep_03010,52,DAILY_0001,5,1000.0,1.1,0.2,False,True,BEHAVIORAL_DEFAULT_SURPLUS_COLLATERAL,5.0,1,2,2,0.6108407343567581,1000.0,1.0,0.0,5399.365792867565,13756.613367327447,15970.229909128191,False,0.8,,150.0,0.05
sweep_03011,53,DAILY_0001,5,1000.0,1.1,0.2,False,True,BEHAVIORAL_DEFAULT_SURPLUS_COLLATERAL,5.0,1,2,2,0.6108407343567581,1000.0,1.0,0.0,5479.5663422235175,12961.478326267516,15532.937704753047,False,0.8,,150.0,0.05
sweep_03012,54,DAILY_0001,5,1000.0,1.1,0.2,False,True,BEHAVIORAL_DEFAULT_SURPLUS_COLLATERAL,5.0,1,2,2,0.6108407343567581,1000.0,1.0,0.0,193.78329634116085,12569.941496225256,15324.234259642431,False,0.8,,150.0,0.05
sweep_03013,55,DAILY_0001,5,1000.0,1.1,0.2,False,True,BEHAVIORAL_DEFAULT_SURPLUS_COLLATERAL,5.0,1,2,2,0.6108407343567581,1000.0,1.0,0.0,2701.722810280283,13020.111295967612,15431.990588995239,False,0.8,,150.0,0.05
sweep_03014,56,DAILY_0001,5,1000.0,1.1,0.2,False,True,BEHAVIORAL_DEFAULT_SURPLUS_COLLATERAL,5.0,1,2,2,0.6108407343567581,1000.0,1.0,0.0,2651.4621204850932,12704.486967871519,15313.754684554586,False,0.8,,150.0,0.05
sweep_03015,57,DAILY_0001,5,1000.0,1.1,0.2,True,False,,,0,2,2,0.6108407343567581,0.0,1.0,0.0,0.0,16629.925622068513,15146.6027163683,False,1.0,,150.0,0.05
sweep_03016,58,DAILY_0001,5,1000.0,1.1,0.2,True,False,,,0,2,2,0.6108407343567581,0.0,1.0,0.0,0.0,17118.252725129587,15645.292280257385,False,1.0,,150.0,0.05
sweep_03017,59,DAILY_0001,5,1000.0,1.1,0.2,False,True,BEHAVIORAL_DEFAULT_SURPLUS_COLLATERAL,4.0,1,2,2,0.6108407343567581,2000.0,1.0,0.0,412.3034806788719,9396.14470761244,13993.054332930595,False,0.8,,150.0,0.05
sweep_03018,60,DAILY_0001,5,1000.0,1.1,0.2,True,False,,,0,2,2,0.6108407343567581,0.0,1.0,0.0,0.0,16890.892442598783,15388.503143081645,False,1.0,,150.0,0.05
sweep_03019,61,DAILY_0001,5,1000.0,1.1,0.2,True,False,,,0,2,2,0.6108407343567581,0.0,1.0,0.0,0.0,17049.548692196306,15580.457062969226,False,1.0,,150.0,0.05
sweep_03020,62,DAILY_0001,5,1000.0,1.1,0.2,True,False,,,0,2,2,0.6108407343567581,0.0,1.0,0.0,0.0,16688.163188009137,15344.683650824867,False,1.0,,150.0,0.05
sweep_03021,63,DAILY_0001,5,1000.0,1.1,0.2,False,True,BEHAVIORAL_DEFAULT_SURPLUS_COLLATERAL,5.0,1,2,2,0.6108407343567581,1000.0,1.0,0.0,2673.9424776709784,12560.781626539678,15186.672283462147,False,0.8,,150.0,0.05
sweep_03022,64,DAILY_0001,5,1000.0,1.1,0.2,False,True,BEHAVIORAL_DEFAULT_SURPLUS_COLLATERAL,3.0,1,0,0,0.2295668026988248,3000.0,1.0,0.0,3700.1603695599315,6151.058035452796,13110.866765698416,False,0.8,,150.0,0.05
sweep_03023,65,DAILY_0001,5,1000.0,1.1,0.2,False,True,BEHAVIORAL_DEFAULT_SURPLUS_COLLATERAL,2.0,1,0,0,0.0802993013430624,4000.0,1.0,0.0,1720.7116896052012,3099.9623073224475,5841.932258455283,False,0.8,,150.0,0.05
sweep_03024,66,DAILY_0001,5,1000.0,1.1,0.2,True,False,,,0,2,2,0.6108407343567581,0.0,1.0,0.0,0.0,17056.111050431617,15504.334227084775,False,1.0,,150.0,0.05
sweep_03025,67,DAILY_0001,5,1000.0,1.1,0.2,True,False,,,0,2,2,0.6108407343567581,0.0,1.0,0.0,0.0,17358.7323024141,15640.420716735764,False,1.0,,150.0,0.05
sweep_03026,68,DAILY_0001,5,1000.0,1.1,0.2,False,True,BEHAVIORAL_DEFAULT_SURPLUS_COLLATERAL,4.0,1,2,2,0.6108407343567581,2000.0,1.0,0.0,444.5948524803216,9384.172146377827,13927.613466626888,False,0.8,,150.0,0.05
sweep_03027,69,DAILY_0001,5,1000.0,1.1,0.2,False,True,BEHAVIORAL_DEFAULT_SURPLUS_COLLATERAL,3.0,1,0,0,0.2295668026988248,3000.0,1.0,0.0,831.9597060670158,6254.764509256824,13214.215763148319,False,0.8,,150.0,0.05
sweep_03028,70,DAILY_0001,5,1000.0,1.1,0.2,True,False,,,0,2,2,0.6108407343567581,0.0,1.0,0.0,0.0,18008.300555488746,15929.832463780473,False,1.0,,150.0,0.05
sweep_03029,71,DAILY_0001,5,1000.0,1.1,0.2,True,False,,,0,2,2,0.6108407343567581,0.0,1.0,0.0,0.0,17077.07193201092,15518.936519470211,False,1.0,,150.0,0.05
sweep_03030,72,DAILY_0001,5,1000.0,1.1,0.2,False,True,BEHAVIORAL_DEFAULT_SURPLUS_COLLATERAL,5.0,1,2,2,0.6108407343567581,1000.0,1.0,0.0,281.4837850568356,12739.57666014175,15248.273098541758,False,0.8,,150.0,0.05
sweep_03031,73,DAILY_0001,5,1000.0,1.1,0.2,True,False,,,0,2,2,0.6108407343567581,0.0,1.0,0.0,0.0,16909.5959464029,15389.551529618891,False,1.0,,150.0,0.05
sweep_03032,74,DAILY_0001,5,1000.0,1.1,0.2,False,True,BEHAVIORAL_DEFAULT_SURPLUS_COLLATERAL,3.0,1,0,0,0.2295668026988248,3000.0,1.0,0.0,3736.5342875193865,6142.21535254676,13137.883212527342,False,0.8,,150.0,0.05
sweep_03033,75,DAILY_0001,5,1000.0,1.1,0.2,True,False,,,0,2,2,0.6108407343567581,0.0,1.0,0.0,0.0,16697.360309291158,15292.140075327345,False,1.0,,150.0,0.05
sweep_03034,76,DAILY_0001,5,1000.0,1.1,0.2,True,False,,,0,2,2,0.6108407343567581,0.0,1.0,0.0,0.0,16671.801168191498,15313.215770879298,False,1.0,,150.0,0.05
sweep_03035,77,DAILY_0001,5,1000.0,1.1,0.2,True,False,,,0,2,2,0.6108407343567581,0.0,1.0,0.0,0.0,16763.124564751575,15380.463835482558,False,1.0,,150.0,0.05
sweep_03036,78,DAILY_0001,5,1000.0,1.1,0.2,True,False,,,0,2,2,0.6108407343567581,0.0,1.0,0.0,0.0,16719.51222653161,15233.166329538879,False,1.0,,150.0,0.05
sweep_03037,79,DAILY_0001,5,1000.0,1.1,0.2,True,False,,,0,2,2,0.6108407343567581,0.0,1.0,0.0,0.0,16476.77247232043,15134.42243660182,False,1.0,,150.0,0.05
sweep_03038,80,DAILY_0001,5,1000.0,1.1,0.2,True,False,,,0,2,2,0.6108407343567581,0.0,1.0,0.0,0.0,16187.427798734678,14963.54531740781,False,1.0,,150.0,0.05
sweep_03039,81,DAILY_0001,5,1000.0,1.1,0.2,True,False,,,0,2,2,0.6108407343567581,0.0,1.0,0.0,0.0,17261.26216002694,15514.104705911333,False,1.0,,150.0,0.05
sweep_03040,82,DAILY_0001,5,1000.0,1.1,0.2,True,False,,,0,2,2,0.6108407343567581,0.0,1.0,0.0,0.0,17428.23657344996,15873.927079959307,False,1.0,,150.0,0.05
sweep_03041,83,DAILY_0001,5,1000.0,1.1,0.2,False,True,BEHAVIORAL_DEFAULT_SURPLUS_COLLATERAL,5.0,1,2,2,0.6108407343567581,1000.0,1.0,0.0,462.3918959146554,13023.010849409744,15450.498224609968,False,0.8,,150.0,0.05
sweep_03042,84,DAILY_0001,5,1000.0,1.1,0.2,False,True,BEHAVIORAL_DEFAULT_SURPLUS_COLLATERAL,3.0,1,0,0,0.2295668026988248,3000.0,1.0,0.0,848.0114632327159,6504.624246924773,13462.91433723172,False,0.8,,150.0,0.05
sweep_03043,85,DAILY_0001,5,1000.0,1.1,0.2,False,True,BEHAVIORAL_DEFAULT_SURPLUS_COLLATERAL,4.0,1,2,2,0.6108407343567581,2000.0,1.0,0.0,475.7161259865052,9644.511591981416,13951.722508567107,False,0.8,,150.0,0.05
sweep_03044,86,DAILY_0001,5,1000.0,1.1,0.2,True,False,,,0,2,2,0.6108407343567581,0.0,1.0,0.0,0.0,17346.9008892341,15714.064933651209,False,1.0,,150.0,0.05
sweep_03045,87,DAILY_0001,5,1000.0,1.1,0.2,True,False,,,0,2,2,0.6108407343567581,0.0,1.0,0.0,0.0,16887.21410701461,15382.234818090634,False,1.0,,150.0,0.05
sweep_03046,88,DAILY_0001,5,1000.0,1.1,0.2,False,True,BEHAVIORAL_DEFAULT_SURPLUS_COLLATERAL,3.0,1,0,0,0.2295668026988248,3000.0,1.0,0.0,3697.3764731093815,6598.059130640779,13366.588075612832,False,0.8,,150.0,0.05
sweep_03047,89,DAILY_0001,5,1000.0,1.1,0.2,True,False,,,0,2,2,0.6108407343567581,0.0,1.0,0.0,0.0,16483.760527058344,15164.076764390746,False,1.0,,150.0,0.05
sweep_03048,90,DAILY_0001,5,1000.0,1.1,0.2,False,True,BEHAVIORAL_DEFAULT_SURPLUS_COLLATERAL,4.0,1,2,2,0.6108407343567581,2000.0,1.0,0.0,2474.9449161467073,9428.143344053857,13969.591291560228,False,0.8,,150.0,0.05
sweep_03049,91,DAILY_0001,5,1000.0,1.1,0.2,True,False,,,0,2,2,0.6108407343567581,0.0,1.0,0.0,0.0,16432.64453049189,15182.80777513449,False,1.0,,150.0,0.05
sweep_03050,92,DAILY_0001,5,1000.0,1.1,0.2,True,False,,,0,2,2,0.6108407343567581,0.0,1.0,0.0,0.0,16541.46983637411,15233.105964469572,False,1.0,,150.0,0.05
sweep_03051,93,DAILY_0001,5,1000.0,1.1,0.2,False,True,BEHAVIORAL_DEFAULT_SURPLUS_COLLATERAL,3.0,1,0,0,0.2295668026988248,3000.0,1.0,0.0,876.9623660481616,7022.911645595454,13990.801487680765,False,0.8,,150.0,0.05
sweep_03052,94,DAILY_0001,5,1000.0,1.1,0.2,True,False,,,0,2,2,0.6108407343567581,0.0,1.0,0.0,0.0,16816.49136159871,15407.895260371411,False,1.0,,150.0,0.05
sweep_03053,95,DAILY_0001,5,1000.0,1.1,0.2,True,False,,,0,2,2,0.6108407343567581,0.0,1.0,0.0,0.0,17545.744689882886,15756.40386913241,False,1.0,,150.0,0.05
sweep_03054,96,DAILY_0001,5,1000.0,1.1,0.2,True,False,,,0,2,2,0.6108407343567581,0.0,1.0,0.0,0.0,17272.505142960632,15456.847307183878,False,1.0,,150.0,0.05
sweep_03055,97,DAILY_0001,5,1000.0,1.1,0.2,True,False,,,0,2,2,0.6108407343567581,0.0,1.0,0.0,0.0,17205.00493267573,15525.466691445326,False,1.0,,150.0,0.05
sweep_03056,98,DAILY_0001,5,1000.0,1.1,0.2,True,False,,,0,2,2,0.6108407343567581,0.0,1.0,0.0,0.0,17117.740576801672,15614.037157138035,False,1.0,,150.0,0.05
sweep_03057,99,DAILY_0001,5,1000.0,1.1,0.2,False,True,BEHAVIORAL_DEFAULT_SURPLUS_COLLATERAL,4.0,1,2,2,0.6108407343567581,2000.0,1.0,0.0,2473.8776598582526,9546.407766635395,13973.714867616922,False,0.8,,150.0,0.05
sweep_03058,100,DAILY_0001,5,1000.0,1.1,0.2,True,False,,,0,2,2,0.6108407343567581,0.0,1.0,0.0,0.0,17296.288473944063,15715.796273152158,False,1.0,,150.0,0.05
sweep_03059,101,DAILY_0001,5,1000.0,1.1,0.2,False,True,BEHAVIORAL_DEFAULT_SURPLUS_COLLATERAL,5.0,1,2,2,0.6108407343567581,1000.0,1.0,0.0,2375.5282701469996,13094.897102232273,15603.400737345131,False,0.8,,150.0,0.05
sweep_03060,102,DAILY_0001,5,1000.0,1.1,0.2,False,True,BEHAVIORAL_DEFAULT_SURPLUS_COLLATERAL,5.0,1,2,2,0.6108407343567581,1000.0,1.0,0.0,5620.886240984379,13315.718463742422,15815.353192644114,False,0.8,,150.0,0.05
sweep_03061,103,DAILY_0001,5,1000.0,1.1,0.2,False,True,BEHAVIORAL_DEFAULT_SURPLUS_COLLATERAL,4.0,1,2,2,0.6108407343567581,2000.0,1.0,0.0,672.4655318347814,9410.055771571677,13932.878111816515,False,0.8,,150.0,0.05
sweep_03062,104,DAILY_0001,5,1000.0,1.1,0.2,True,False,,,0,2,2,0.6108407343567581,0.0,1.0,0.0,0.0,16965.565545296653,15357.216250837464,False,1.0,,150.0,0.05
sweep_03063,105,DAILY_0001,5,1000.0,1.1,0.2,False,True,BEHAVIORAL_DEFAULT_SURPLUS_COLLATERAL,4.0,1,2,2,0.6108407343567581,2000.0,1.0,0.0,2477.5069566921084,10112.068977480729,14153.59829033465,False,0.8,,150.0,0.05
sweep_03064,106,DAILY_0001,5,1000.0,1.1,0.2,False,True,BEHAVIORAL_DEFAULT_SURPLUS_COLLATERAL,5.0,1,2,2,0.6108407343567581,1000.0,1.0,0.0,557.1405264883429,13317.118454353504,15621.042887480635,False,0.8,,150.0,0.05
sweep_03065,107,DAILY_0001,5,1000.0,1.1,0.2,False,True,BEHAVIORAL_DEFAULT_SURPLUS_COLLATERAL,4.0,1,2,2,0.6108407343567581,2000.0,1.0,0.0,681.4160970541743,9504.711727327722,13853.456928678883,False,0.8,,150.0,0.05
sweep_03066,108,DAILY_0001,5,1000.0,1.1,0.2,False,True,BEHAVIORAL_DEFAULT_SURPLUS_COLLATERAL,4.0,1,2,2,0.6108407343567581,2000.0,1.0,0.0,2475.6818423049363,9229.632260373746,13926.172933864847,False,0.8,,150.0,0.05
sweep_03067,109,DAILY_0001,5,1000.0,1.1,0.2,True,False,,,0,2,2,0.6108407343567581,0.0,1.0,0.0,0.0,17097.560018571552,15529.72250213513,False,1.0,,150.0,0.05
sweep_03068,110,DAILY_0001,5,1000.0,1.1,0.2,True,False,,,0,2,2,0.6108407343567581,0.0,1.0,0.0,0.0,17252.145983174083,15720.651070662347,False,1.0,,150.0,0.05
sweep_03069,111,DAILY_0001,5,1000.0,1.1,0.2,False,True,BEHAVIORAL_DEFAULT_SURPLUS_COLLATERAL,5.0,1,2,2,0.6108407343567581,1000.0,1.0,0.0,2266.483495230606,13005.811951455453,15387.035382337797,False,0.8,,150.0,0.05
sweep_03070,112,DAILY_0001,5,1000.0,1.1,0.2,True,False,,,0,2,2,0.6108407343567581,0.0,1.0,0.0,0.0,16909.07625773677,15438.828826598494,False,1.0,,150.0,0.05
sweep_03071,113,DAILY_0001,5,1000.0,1.1,0.2,False,True,BEHAVIORAL_DEFAULT_SURPLUS_COLLATERAL,3.0,1,0,0,0.2295668026988248,3000.0,1.0,0.0,904.2737853912367,6623.312533026473,13446.64536891352,False,0.8,,150.0,0.05
sweep_03072,114,DAILY_0001,5,1000.0,1.1,0.2,False,True,BEHAVIORAL_DEFAULT_SURPLUS_COLLATERAL,3.0,1,0,0,0.2295668026988248,3000.0,1.0,0.0,817.501963759084,6121.454939968626,13097.812012556018,False,0.8,,150.0,0.05
sweep_03073,115,DAILY_0001,5,1000.0,1.1,0.2,True,False,,,0,2,2,0.6108407343567581,0.0,1.0,0.0,0.0,16756.555719327873,15149.244592871297,False,1.0,,150.0,0.05
sweep_03074,116,DAILY_0001,5,1000.0,1.1,0.2,False,True,BEHAVIORAL_DEFAULT_SURPLUS_COLLATERAL,3.0,1,0,0,0.2295668026988248,3000.0,1.0,0.0,3868.6664506241304,6397.070943819939,13401.776533005786,False,0.8,,150.0,0.05
sweep_03075,117,DAILY_0001,5,1000.0,1.1,0.2,False,True,BEHAVIORAL_DEFAULT_SURPLUS_COLLATERAL,2.0,1,0,0,0.0802993013430624,4000.0,1.0,0.0,1754.477795782469,3189.4444401873525,5878.797562308226,False,0.8,,150.0,0.05
sweep_03076,118,DAILY_0001,5,1000.0,1.1,0.2,True,False,,,0,2,2,0.6108407343567581,0.0,1.0,0.0,0.0,16908.748437966286,15485.876110518333,False,1.0,,150.0,0.05
sweep_03077,119,DAILY_0001,5,1000.0,1.1,0.2,True,False,,,0,2,2,0.6108407343567581,0.0,1.0,0.0,0.0,16730.031620694273,15426.768770120492,False,1.0,,150.0,0.05
sweep_03078,120,DAILY_0001,5,1000.0,1.1,0.2,True,False,,,0,2,2,0.6108407343567581,0.0,1.0,0.0,0.0,17299.20314416707,15836.725733636398,False,1.0,,150.0,0.05
sweep_03079,121,DAILY_0001,5,1000.0,1.1,0.2,False,True,BEHAVIORAL_DEFAULT_SURPLUS_COLLATERAL,4.0,1,2,2,0.6108407343567581,2000.0,1.0,0.0,2473.882090708601,9287.607451281923,13859.693199468324,False,0.8,,150.0,0.05
sweep_03080,122,DAILY_0001,5,1000.0,1.1,0.2,True,False,,,0,2,2,0.6108407343567581,0.0,1.0,0.0,0.0,16786.425779314144,15445.267533351305,False,1.0,,150.0,0.05
sweep_03081,123,DAILY_0001,5,1000.0,1.1,0.2,False,True,BEHAVIORAL_DEFAULT_SURPLUS_COLLATERAL,4.0,1,2,2,0.6108407343567581,2000.0,1.0,0.0,2475.7192585881994,10213.097259473365,14179.28631629681,False,0.8,,150.0,0.05
sweep_03082,124,DAILY_0001,5,1000.0,1.1,0.2,True,False,,,0,2,2,0.6108407343567581,0.0,1.0,0.0,0.0,17378.096470344266,15688.958469547762,False,1.0,,150.0,0.05
sweep_03083,125,DAILY_0001,5,1000.0,1.1,0.2,True,False,,,0,2,2,0.6108407343567581,0.0,1.0,0.0,0.0,17222.14785778652,15627.057375847844,False,1.0,,150.0,0.05
sweep_03084,126,DAILY_0001,5,1000.0,1.1,0.2,False,True,BEHAVIORAL_DEFAULT_SURPLUS_COLLATERAL,3.0,1,0,0,0.2295668026988248,3000.0,1.0,0.0,3943.720118839624,6608.331218475114,13590.080785951512,False,0.8,,150.0,0.05
sweep_03085,127,DAILY_0001,5,1000.0,1.1,0.2,True,False,,,0,2,2,0.6108407343567581,0.0,1.0,0.0,0.0,17068.994068195138,15531.616470635416,False,1.0,,150.0,0.05
sweep_03086,128,DAILY_0001,5,1000.0,1.1,0.2,True,False,,,0,2,2,0.6108407343567581,0.0,1.0,0.0,0.0,17380.160876094935,15566.559122687933,False,1.0,,150.0,0.05
sweep_03087,129,DAILY_0001,5,1000.0,1.1,0.2,True,False,,,0,2,2,0.6108407343567581,0.0,1.0,0.0,0.0,16680.988802965425,15255.609990228937,False,1.0,,150.0,0.05
sweep_03088,130,DAILY_0001,5,1000.0,1.1,0.2,False,True,BEHAVIORAL_DEFAULT_SURPLUS_COLLATERAL,5.0,1,2,2,0.6108407343567581,1000.0,1.0,0.0,2698.560870128169,12730.738840773127,15278.150350585578,False,0.8,,150.0,0.05
sweep_03089,131,DAILY_0001,5,1000.0,1.1,0.2,False,True,BEHAVIORAL_DEFAULT_SURPLUS_COLLATERAL,4.0,1,2,2,0.6108407343567581,2000.0,1.0,0.0,2474.788970436449,9894.940183776958,14019.13452217741,False,0.8,,150.0,0.05
sweep_03090,132,DAILY_0001,5,1000.0,1.1,0.2,False,True,BEHAVIORAL_DEFAULT_SURPLUS_COLLATERAL,4.0,1,2,2,0.6108407343567581,2000.0,1.0,0.0,446.8477365499316,9452.061028387478,13887.275165565321,False,0.8,,150.0,0.05
sweep_03091,133,DAILY_0001,5,1000.0,1.1,0.2,False,True,BEHAVIORAL_DEFAULT_SURPLUS_COLLATERAL,2.0,1,0,0,0.0802993013430624,4000.0,1.0,0.0,1701.7812011118822,3049.7954187370806,5821.264248743797,False,0.8,,150.0,0.05
sweep_03092,134,DAILY_0001,5,1000.0,1.1,0.2,False,True,BEHAVIORAL_DEFAULT_SURPLUS_COLLATERAL,3.0,1,0,0,0.2295668026988248,3000.0,1.0,0.0,893.3185116004884,6618.547990000483,13471.331150377337,False,0.8,,150.0,0.05
sweep_03093,135,DAILY_0001,5,1000.0,1.1,0.2,True,False,,,0,2,2,0.6108407343567581,0.0,1.0,0.0,0.0,17308.180105341366,15637.42103906991,False,1.0,,150.0,0.05
sweep_03094,136,DAILY_0001,5,1000.0,1.1,0.2,False,True,BEHAVIORAL_DEFAULT_SURPLUS_COLLATERAL,5.0,1,2,2,0.6108407343567581,1000.0,1.0,0.0,2336.127611764011,12439.168673732074,15168.75749689579,False,0.8,,150.0,0.05
sweep_03095,137,DAILY_0001,5,1000.0,1.1,0.2,False,True,BEHAVIORAL_DEFAULT_SURPLUS_COLLATERAL,4.0,1,2,2,0.6108407343567581,2000.0,1.0,0.0,582.8568530974212,9538.559186760156,13976.308653202395,False,0.8,,150.0,0.05
sweep_03096,138,DAILY_0001,5,1000.0,1.1,0.2,False,True,BEHAVIORAL_DEFAULT_SURPLUS_COLLATERAL,5.0,1,2,2,0.6108407343567581,1000.0,1.0,0.0,221.62294338126503,12533.99100881035,15210.43780272498,False,0.8,,150.0,0.05
sweep_03097,139,DAILY_0001,5,1000.0,1.1,0.2,False,True,BEHAVIORAL_DEFAULT_SURPLUS_COLLATERAL,2.0,1,0,0,0.0802993013430624,4000.0,1.0,0.0,1724.9314852012376,3111.145009532911,5846.5393649433245,False,0.8,,150.0,0.05
sweep_03098,140,DAILY_0001,5,1000.0,1.1,0.2,False,True,BEHAVIORAL_DEFAULT_SURPLUS_COLLATERAL,2.0,1,0,0,0.0802993013430624,4000.0,1.0,0.0,1743.9240480447788,3161.476398733924,5867.275146454449,False,0.8,,150.0,0.05
sweep_03099,141,DAILY_0001,5,1000.0,1.1,0.2,True,False,,,0,2,2,0.6108407343567581,0.0,1.0,0.0,0.0,17185.12705013151,15544.18765328961,False,1.0,,150.0,0.05
sweep_03100,142,DAILY_0001,5,1000.0,1.1,0.2,False,True,BEHAVIORAL_DEFAULT_SURPLUS_COLLATERAL,2.0,1,0,0,0.0802993013430624,4000.0,1.0,0.0,1745.7502294271153,3166.3158849403544,5869.268942576424,False,0.8,,150.0,0.05
sweep_03101,143,DAILY_0001,5,1000.0,1.1,0.2,True,False,,,0,2,2,0.6108407343567581,0.0,1.0,0.0,0.0,16445.290904199723,15163.832365295886,False,1.0,,150.0,0.05
sweep_03102,144,DAILY_0001,5,1000.0,1.1,0.2,True,False,,,0,2,2,0.6108407343567581,0.0,1.0,0.0,0.0,17343.411988435073,15751.302509897738,False,1.0,,150.0,0.05
sweep_03103,145,DAILY_0001,5,1000.0,1.1,0.2,True,False,,,0,2,2,0.6108407343567581,0.0,1.0,0.0,0.0,17193.72751399906,15689.296099813408,False,1.0,,150.0,0.05
sweep_03104,146,DAILY_0001,5,1000.0,1.1,0.2,True,False,,,0,2,2,0.6108407343567581,0.0,1.0,0.0,0.0,16193.924104929843,14987.794397869287,False,1.0,,150.0,0.05
sweep_03105,147,DAILY_0001,5,1000.0,1.1,0.2,False,True,BEHAVIORAL_DEFAULT_SURPLUS_COLLATERAL,4.0,1,2,2,0.6108407343567581,2000.0,1.0,0.0,507.0084861390478,9889.107754331599,14025.135389891171,False,0.8,,150.0,0.05
sweep_03106,148,DAILY_0001,5,1000.0,1.1,0.2,True,False,,,0,2,2,0.6108407343567581,0.0,1.0,0.0,0.0,17096.666287603017,15631.135167086059,False,1.0,,150.0,0.05
sweep_03107,149,DAILY_0001,5,1000.0,1.1,0.2,False,True,BEHAVIORAL_DEFAULT_SURPLUS_COLLATERAL,4.0,1,2,2,0.6108407343567581,2000.0,1.0,0.0,411.2122574368459,9814.02173860668,14153.171006506018,False,0.8,,150.0,0.05
sweep_03108,150,DAILY_0001,5,1000.0,1.1,0.2,True,False,,,0,2,2,0.6108407343567581,0.0,1.0,0.0,0.0,16546.279710931314,15225.006582446229,False,1.0,,150.0,0.05
sweep_03109,151,DAILY_0001,5,1000.0,1.1,0.2,False,True,BEHAVIORAL_DEFAULT_SURPLUS_COLLATERAL,5.0,1,2,2,0.6108407343567581,1000.0,1.0,0.0,2531.732141792092,13335.570209326292,15728.065553859396,False,0.8,,150.0,0.05
sweep_03110,152,DAILY_0001,5,1000.0,1.1,0.2,True,False,,,0,2,2,0.6108407343567581,0.0,1.0,0.0,0.0,17093.36930493184,15610.65622760927,False,1.0,,150.0,0.05
sweep_03111,153,DAILY_0001,5,1000.0,1.1,0.2,True,False,,,0,2,2,0.6108407343567581,0.0,1.0,0.0,0.0,16508.84948067981,15124.63119251241,False,1.0,,150.0,0.05
sweep_03112,154,DAILY_0001,5,1000.0,1.1,0.2,True,False,,,0,2,2,0.6108407343567581,0.0,1.0,0.0,0.0,16928.440090342658,15399.043175829978,False,1.0,,150.0,0.05
sweep_03113,155,DAILY_0001,5,1000.0,1.1,0.2,False,True,BEHAVIORAL_DEFAULT_SURPLUS_COLLATERAL,3.0,1,0,0,0.2295668026988248,3000.0,1.0,0.0,3819.730681480909,6224.123226178908,13258.66710008045,False,0.8,,150.0,0.05
sweep_03114,156,DAILY_0001,5,1000.0,1.1,0.2,True,False,,,0,2,2,0.6108407343567581,0.0,1.0,0.0,0.0,16822.870383115638,15411.596981202245,False,1.0,,150.0,0.05
sweep_03115,157,DAILY_0001,5,1000.0,1.1,0.2,False,True,BEHAVIORAL_DEFAULT_SURPLUS_COLLATERAL,3.0,1,0,0,0.2295668026988248,3000.0,1.0,0.0,823.3653109571046,6313.283449869156,13306.601590097922,False,0.8,,150.0,0.05
sweep_03116,158,DAILY_0001,5,1000.0,1.1,0.2,True,False,,,0,2,2,0.6108407343567581,0.0,1.0,0.0,0.0,17327.297792749472,15587.670770763094,False,1.0,,150.0,0.05
sweep_03117,159,DAILY_0001,5,1000.0,1.1,0.2,True,False,,,0,2,2,0.6108407343567581,0.0,1.0,0.0,0.0,17547.075472215663,15808.772856619727,False,1.0,,150.0,0.05
sweep_03118,160,DAILY_0001,5,1000.0,1.1,0.2,False,True,BEHAVIORAL_DEFAULT_SURPLUS_COLLATERAL,5.0,1,3,3,0.6108407343567581,1000.0,1.0,0.0,5502.361202563031,13559.294233579409,15690.981041655885,False,0.8,,150.0,0.05
sweep_03119,161,DAILY_0001,5,1000.0,1.1,0.2,True,False,,,0,2,2,0.6108407343567581,0.0,1.0,0.0,0.0,16722.38973114001,15249.330195933107,False,1.0,,150.0,0.05
sweep_03120,162,DAILY_0001,5,1000.0,1.1,0.2,False,True,BEHAVIORAL_DEFAULT_SURPLUS_COLLATERAL,3.0,1,0,0,0.2295668026988248,3000.0,1.0,0.0,3697.5047086436907,6099.333759251945,13078.646377564486,False,0.8,,150.0,0.05
sweep_03121,163,DAILY_0001,5,1000.0,1.1,0.2,True,False,,,0,2,2,0.6108407343567581,0.0,1.0,0.0,0.0,17276.966005569957,15720.381778897672,False,1.0,,150.0,0.05
sweep_03122,164,DAILY_0001,5,1000.0,1.1,0.2,True,False,,,0,2,2,0.6108407343567581,0.0,1.0,0.0,0.0,17233.351687522765,15582.131163055903,False,1.0,,150.0,0.05
sweep_03123,165,DAILY_0001,5,1000.0,1.1,0.2,True,False,,,0,2,2,0.6108407343567581,0.0,1.0,0.0,0.0,16913.7215097475,15356.001656543907,False,1.0,,150.0,0.05
sweep_03124,166,DAILY_0001,5,1000.0,1.1,0.2,False,True,BEHAVIORAL_DEFAULT_SURPLUS_COLLATERAL,5.0,1,2,2,0.6108407343567581,1000.0,1.0,0.0,2690.754060038868,13275.843211445086,15748.77742170996,False,0.8,,150.0,0.05
sweep_03125,167,DAILY_0001,5,1000.0,1.1,0.2,True,False,,,0,2,2,0.6108407343567581,0.0,1.0,0.0,0.0,16859.790773916782,15415.86785250352,False,1.0,,150.0,0.05
sweep_03126,168,DAILY_0001,5,1000.0,1.1,0.2,False,True,BEHAVIORAL_DEFAULT_SURPLUS_COLLATERAL,5.0,1,2,2,0.6108407343567581,1000.0,1.0,0.0,5459.062392843868,12306.50352346156,15018.456051318264,False,0.8,,150.0,0.05
sweep_03127,169,DAILY_0001,5,1000.0,1.1,0.2,False,True,BEHAVIORAL_DEFAULT_SURPLUS_COLLATERAL,5.0,1,2,2,0.6108407343567581,1000.0,1.0,0.0,2696.3428292641875,13383.861734067441,15659.126621378386,False,0.8,,150.0,0.05
sweep_03128,170,DAILY_0001,5,1000.0,1.1,0.2,True,False,,,0,2,2,0.6108407343567581,0.0,1.0,0.0,0.0,17232.159337492943,15500.545781618635,False,1.0,,150.0,0.05
sweep_03129,171,DAILY_0001,5,1000.0,1.1,0.2,True,False,,,0,2,2,0.6108407343567581,0.0,1.0,0.0,0.0,16487.879755940605,15133.599221170272,False,1.0,,150.0,0.05
sweep_03130,172,DAILY_0001,5,1000.0,1.1,0.2,False,True,BEHAVIORAL_DEFAULT_SURPLUS_COLLATERAL,5.0,1,2,2,0.6108407343567581,1000.0,1.0,0.0,464.2980770653244,12754.088913575759,15294.527302925606,False,0.8,,150.0,0.05
sweep_03131,173,DAILY_0001,5,1000.0,1.1,0.2,True,False,,,0,2,2,0.6108407343567581,0.0,1.0,0.0,0.0,16811.936915077735,15458.656140332358,False,1.0,,150.0,0.05
sweep_03132,174,DAILY_0001,5,1000.0,1.1,0.2,True,False,,,0,2,2,0.6108407343567581,0.0,1.0,0.0,0.0,16928.24289810534,15398.39319527894,False,1.0,,150.0,0.05
sweep_03133,175,DAILY_0001,5,1000.0,1.1,0.2,True,False,,,0,2,2,0.6108407343567581,0.0,1.0,0.0,0.0,16822.84112582361,15317.112092551673,False,1.0,,150.0,0.05
sweep_03134,176,DAILY_0001,5,1000.0,1.1,0.2,True,False,,,0,2,2,0.6108407343567581,0.0,1.0,0.0,0.0,16402.90381242599,15114.473286071723,False,1.0,,150.0,0.05
sweep_03135,177,DAILY_0001,5,1000.0,1.1,0.2,False,True,BEHAVIORAL_DEFAULT_SURPLUS_COLLATERAL,2.0,1,0,0,0.0802993013430624,4000.0,1.0,0.0,1743.4389667576052,3160.1909052878864,5866.7455423315705,False,0.8,,150.0,0.05
sweep_03136,178,DAILY_0001,5,1000.0,1.1,0.2,True,False,,,0,2,2,0.6108407343567581,0.0,1.0,0.0,0.0,16613.95277706074,15251.681593565501,False,1.0,,150.0,0.05
sweep_03137,179,DAILY_0001,5,1000.0,1.1,0.2,True,False,,,0,2,2,0.6108407343567581,0.0,1.0,0.0,0.0,16825.94357748756,15292.881133116907,False,1.0,,150.0,0.05
sweep_03138,180,DAILY_0001,5,1000.0,1.1,0.2,True,False,,,0,2,2,0.6108407343567581,0.0,1.0,0.0,0.0,17332.698660576734,15547.392216590382,False,1.0,,150.0,0.05
sweep_03139,181,DAILY_0001,5,1000.0,1.1,0.2,False,True,BEHAVIORAL_DEFAULT_SURPLUS_COLLATERAL,4.0,1,2,2,0.6108407343567581,2000.0,1.0,0.0,692.5511394346076,9381.7156603568,14017.47124020045,False,0.8,,150.0,0.05
sweep_03140,182,DAILY_0001,5,1000.0,1.1,0.2,False,True,BEHAVIORAL_DEFAULT_SURPLUS_COLLATERAL,4.0,1,2,2,0.6108407343567581,2000.0,1.0,0.0,643.3023305049487,9613.459796300805,13949.359912182137,False,0.8,,150.0,0.05
sweep_03141,183,DAILY_0001,5,1000.0,1.1,0.2,False,True,BEHAVIORAL_DEFAULT_SURPLUS_COLLATERAL,5.0,1,2,2,0.6108407343567581,1000.0,1.0,0.0,2203.5691561944277,12517.895991903359,15175.018802761992,False,0.8,,150.0,0.05
sweep_03142,184,DAILY_0001,5,1000.0,1.1,0.2,True,False,,,0,2,2,0.6108407343567581,0.0,1.0,0.0,0.0,17226.715015370733,15739.492499341379,False,1.0,,150.0,0.05
sweep_03143,185,DAILY_0001,5,1000.0,1.1,0.2,False,True,BEHAVIORAL_DEFAULT_SURPLUS_COLLATERAL,4.0,1,2,2,0.6108407343567581,2000.0,1.0,0.0,430.9367706560438,9321.804157226868,13898.344398647278,False,0.8,,150.0,0.05
sweep_03144,186,DAILY_0001,5,1000.0,1.1,0.2,False,True,BEHAVIORAL_DEFAULT_SURPLUS_COLLATERAL,3.0,1,0,0,0.2295668026988248,3000.0,1.0,0.0,909.639071479909,6559.983069571281,13357.540747619096,False,0.8,,150.0,0.05
sweep_03145,187,DAILY_0001,5,1000.0,1.1,0.2,False,True,BEHAVIORAL_DEFAULT_SURPLUS_COLLATERAL,4.0,1,2,2,0.6108407343567581,2000.0,1.0,0.0,563.2833423979473,9703.856181907031,13991.573495134771,False,0.8,,150.0,0.05
sweep_03146,188,DAILY_0001,5,1000.0,1.1,0.2,False,True,BEHAVIORAL_DEFAULT_SURPLUS_COLLATERAL,5.0,1,2,2,0.6108407343567581,1000.0,1.0,0.0,2693.2670811960015,13167.848974053273,15519.004548875862,False,0.8,,150.0,0.05
sweep_03147,189,DAILY_0001,5,1000.0,1.1,0.2,True,False,,,0,2,2,0.6108407343567581,0.0,1.0,0.0,0.0,17458.454152212147,15752.74067598333,False,1.0,,150.0,0.05
sweep_03148,190,DAILY_0001,5,1000.0,1.1,0.2,False,True,BEHAVIORAL_DEFAULT_SURPLUS_COLLATERAL,4.0,1,2,2,0.6108407343567581,2000.0,1.0,0.0,2472.7817706634523,9384.639416814975,13839.818089080545,False,0.8,,150.0,0.05
sweep_03149,191,DAILY_0001,5,1000.0,1.1,0.2,True,False,,,0,2,2,0.6108407343567581,0.0,1.0,0.0,0.0,16741.237276910877,15255.37648248429,False,1.0,,150.0,0.05
sweep_03150,42,DAILY_0001,5,1000.0,1.2,0.2,True,False,,,0,2,2,0.6108407343567581,0.0,1.0,0.0,0.0,17143.15024973444,17032.729800555055,False,1.0,,50.0,0.05
sweep_03151,43,DAILY_0001,5,1000.0,1.2,0.2,True,False,,,0,2,2,0.6108407343567581,0.0,1.0,0.0,0.0,16683.664856290503,16838.748879682957,False,1.0,,50.0,0.05
sweep_03152,44,DAILY_0001,5,1000.0,1.2,0.2,True,False,,,0,2,2,0.6108407343567581,0.0,1.0,0.0,0.0,16963.961355801184,17125.64806853018,False,1.0,,50.0,0.05
sweep_03153,45,DAILY_0001,5,1000.0,1.2,0.2,False,True,BEHAVIORAL_DEFAULT_SURPLUS_COLLATERAL,5.0,1,2,2,0.6108407343567581,1000.0,1.0,0.0,6181.78037438809,12896.079661440042,16949.795214931888,False,0.8,,50.0,0.05
sweep_03154,46,DAILY_0001,5,1000.0,1.2,0.2,True,False,,,0,2,2,0.6108407343567581,0.0,1.0,0.0,0.0,16307.234970412434,16561.8621388285,False,1.0,,50.0,0.05
sweep_03155,47,DAILY_0001,5,1000.0,1.2,0.2,True,False,,,0,2,2,0.6108407343567581,0.0,1.0,0.0,0.0,17175.220923270765,17187.423641743597,False,1.0,,50.0,0.05
sweep_03156,48,DAILY_0001,5,1000.0,1.2,0.2,False,True,BEHAVIORAL_DEFAULT_SURPLUS_COLLATERAL,3.0,1,0,0,0.2295668026988248,3000.0,1.0,0.0,1235.641501237962,6384.596399760172,14600.995350834917,False,0.8,,50.0,0.05
sweep_03157,49,DAILY_0001,5,1000.0,1.2,0.2,True,False,,,0,2,2,0.6108407343567581,0.0,1.0,0.0,0.0,17411.6649980281,17374.26884288596,False,1.0,,50.0,0.05
sweep_03158,50,DAILY_0001,5,1000.0,1.2,0.2,True,False,,,0,2,2,0.6108407343567581,0.0,1.0,0.0,0.0,16470.071539501125,16718.76207169321,False,1.0,,50.0,0.05
sweep_03159,51,DAILY_0001,5,1000.0,1.2,0.2,True,False,,,0,2,2,0.6108407343567581,0.0,1.0,0.0,0.0,16553.917458671152,16617.09675227696,False,1.0,,50.0,0.05
sweep_03160,52,DAILY_0001,5,1000.0,1.2,0.2,False,True,BEHAVIORAL_DEFAULT_SURPLUS_COLLATERAL,5.0,1,2,2,0.6108407343567581,1000.0,1.0,0.0,6034.224732887909,13756.613367327447,17538.269857823543,False,0.8,,50.0,0.05
sweep_03161,53,DAILY_0001,5,1000.0,1.2,0.2,False,True,BEHAVIORAL_DEFAULT_SURPLUS_COLLATERAL,5.0,1,2,2,0.6108407343567581,1000.0,1.0,0.0,6114.425282243862,12961.478326267516,17100.9776534484,False,0.8,,50.0,0.05
sweep_03162,54,DAILY_0001,5,1000.0,1.2,0.2,False,True,BEHAVIORAL_DEFAULT_SURPLUS_COLLATERAL,5.0,1,2,2,0.6108407343567581,1000.0,1.0,0.0,349.18153564795807,12569.941496225256,16892.27420833778,False,0.8,,50.0,0.05
sweep_03163,55,DAILY_0001,5,1000.0,1.2,0.2,False,True,BEHAVIORAL_DEFAULT_SURPLUS_COLLATERAL,5.0,1,2,2,0.6108407343567581,1000.0,1.0,0.0,3047.4186137022757,13020.111295967612,17000.030537690593,False,0.8,,50.0,0.05
sweep_03164,56,DAILY_0001,5,1000.0,1.2,0.2,False,True,BEHAVIORAL_DEFAULT_SURPLUS_COLLATERAL,5.0,1,2,2,0.6108407343567581,1000.0,1.0,0.0,2997.1579239070866,12704.486967871519,16881.794633249938,False,0.8,,50.0,0.05
sweep_03165,57,DAILY_0001,5,1000.0,1.2,0.2,True,False,,,0,2,2,0.6108407343567581,0.0,1.0,0.0,0.0,16629.925622068513,16714.642665063653,False,1.0,,50.0,0.05
sweep_03166,58,DAILY_0001,5,1000.0,1.2,0.2,True,False,,,0,2,2,0.6108407343567581,0.0,1.0,0.0,0.0,17118.252725129587,17213.33222895274,False,1.0,,50.0,0.05
sweep_03167,59,DAILY_0001,5,1000.0,1.2,0.2,False,True,BEHAVIORAL_DEFAULT_SURPLUS_COLLATERAL,4.0,1,2,2,0.6108407343567581,2000.0,1.0,0.0,646.7959219083737,9396.14470761244,15365.710671835848,False,0.8,,50.0,0.05
sweep_03168,60,DAILY_0001,5,1000.0,1.2,0.2,True,False,,,0,2,2,0.6108407343567581,0.0,1.0,0.0,0.0,16890.892442598783,16956.543091777,False,1.0,,50.0,0.05
sweep_03169,61,DAILY_0001,5,1000.0,1.2,0.2,True,False,,,0,2,2,0.6108407343567581,0.0,1.0,0.0,0.0,17049.548692196306,17148.49701166458,False,1.0,,50.0,0.05
sweep_03170,62,DAILY_0001,5,1000.0,1.2,0.2,True,False,,,0,2,2,0.6108407343567581,0.0,1.0,0.0,0.0,16688.163188009137,16912.72359952022,False,1.0,,50.0,0.05
sweep_03171,63,DAILY_0001,5,1000.0,1.2,0.2,False,True,BEHAVIORAL_DEFAULT_SURPLUS_COLLATERAL,5.0,1,2,2,0.6108407343567581,1000.0,1.0,0.0,3019.6382810929717,12560.781626539678,16754.7122321575,False,0.8,,50.0,0.05
sweep_03172,64,DAILY_0001,5,1000.0,1.2,0.2,False,True,BEHAVIORAL_DEFAULT_SURPLUS_COLLATERAL,3.0,1,0,0,0.2295668026988248,3000.0,1.0,0.0,4369.784971764256,6151.058035452796,14453.294817582224,False,0.8,,50.0,0.05
sweep_03173,65,DAILY_0001,5,1000.0,1.2,0.2,False,True,BEHAVIORAL_DEFAULT_SURPLUS_COLLATERAL,2.0,1,0,0,0.0802993013430624,4000.0,1.0,0.0,2271.65179394199,3099.9623073224475,6406.726291286842,False,0.8,,50.0,0.05
sweep_03174,66,DAILY_0001,5,1000.0,1.2,0.2,True,False,,,0,2,2,0.6108407343567581,0.0,1.0,0.0,0.0,17056.111050431617,17072.37417578013,False,1.0,,50.0,0.05
sweep_03175,67,DAILY_0001,5,1000.0,1.2,0.2,True,False,,,0,2,2,0.6108407343567581,0.0,1.0,0.0,0.0,17358.7323024141,17208.460665431114,False,1.0,,50.0,0.05
sweep_03176,68,DAILY_0001,5,1000.0,1.2,0.2,False,True,BEHAVIORAL_DEFAULT_SURPLUS_COLLATERAL,4.0,1,2,2,0.6108407343567581,2000.0,1.0,0.0,679.0872937098229,9384.172146377827,15300.269805532143,False,0.8,,50.0,0.05
sweep_03177,69,DAILY_0001,5,1000.0,1.2,0.2,False,True,BEHAVIORAL_DEFAULT_SURPLUS_COLLATERAL,3.0,1,0,0,0.2295668026988248,3000.0,1.0,0.0,1196.5862400223195,6254.764509256824,14556.643815032123,False,0.8,,50.0,0.05
sweep_03178,70,DAILY_0001,5,1000.0,1.2,0.2,True,False,,,0,2,2,0.6108407343567581,0.0,1.0,0.0,0.0,18008.300555488746,17497.872412475826,False,1.0,,50.0,0.05
sweep_03179,71,DAILY_0001,5,1000.0,1.2,0.2,True,False,,,0,2,2,0.6108407343567581,0.0,1.0,0.0,0.0,17077.07193201092,17086.976468165565,False,1.0,,50.0,0.05
sweep_03180,72,DAILY_0001,5,1000.0,1.2,0.2,False,True,BEHAVIORAL_DEFAULT_SURPLUS_COLLATERAL,5.0,1,2,2,0.6108407343567581,1000.0,1.0,0.0,436.8820243636328,12739.57666014175,16816.313047237112,False,0.8,,50.0,0.05
sweep_03181,73,DAILY_0001,5,1000.0,1.2,0.2,True,False,,,0,2,2,0.6108407343567581,0.0,1.0,0.0,0.0,16909.5959464029,16957.591478314243,False,1.0,,50.0,0.05
sweep_03182,74,DAILY_0001,5,1000.0,1.2,0.2,False,True,BEHAVIORAL_DEFAULT_SURPLUS_COLLATERAL,3.0,1,0,0,0.2295668026988248,3000.0,1.0,0.0,4406.158889723712,6142.21535254676,14480.311264411146,False,0.8,,50.0,0.05
sweep_03183,75,DAILY_0001,5,1000.0,1.2,0.2,True,False,,,0,2,2,0.6108407343567581,0.0,1.0,0.0,0.0,16697.360309291158,16860.1800240227,False,1.0,,50.0,0.05
sweep_03184,76,DAILY_0001,5,1000.0,1.2,0.2,True,False,,,0,2,2,0.6108407343567581,0.0,1.0,0.0,0.0,16671.801168191498,16881.255719574652,False,1.0,,50.0,0.05
sweep_03185,77,DAILY_0001,5,1000.0,1.2,0.2,True,False,,,0,2,2,0.6108407343567581,0.0,1.0,0.0,0.0,16763.124564751575,16948.503784177912,False,1.0,,50.0,0.05
sweep_03186,78,DAILY_0001,5,1000.0,1.2,0.2,True,False,,,0,2,2,0.6108407343567581,0.0,1.0,0.0,0.0,16719.51222653161,16801.206278234233,False,1.0,,50.0,0.05
sweep_03187,79,DAILY_0001,5,1000.0,1.2,0.2,True,False,,,0,2,2,0.6108407343567581,0.0,1.0,0.0,0.0,16476.77247232043,16702.462385297174,False,1.0,,50.0,0.05
sweep_03188,80,DAILY_0001,5,1000.0,1.2,0.2,True,False,,,0,2,2,0.6108407343567581,0.0,1.0,0.0,0.0,16187.427798734678,16531.58526610316,False,1.0,,50.0,0.05
sweep_03189,81,DAILY_0001,5,1000.0,1.2,0.2,True,False,,,0,2,2,0.6108407343567581,0.0,1.0,0.0,0.0,17261.26216002694,17082.144654606687,False,1.0,,50.0,0.05
sweep_03190,82,DAILY_0001,5,1000.0,1.2,0.2,True,False,,,0,2,2,0.6108407343567581,0.0,1.0,0.0,0.0,17428.23657344996,17441.96702865466,False,1.0,,50.0,0.05
sweep_03191,83,DAILY_0001,5,1000.0,1.2,0.2,False,True,BEHAVIORAL_DEFAULT_SURPLUS_COLLATERAL,5.0,1,2,2,0.6108407343567581,1000.0,1.0,0.0,617.7901352214526,13023.010849409744,17018.538173305322,False,0.8,,50.0,0.05
sweep_03192,84,DAILY_0001,5,1000.0,1.2,0.2,False,True,BEHAVIORAL_DEFAULT_SURPLUS_COLLATERAL,3.0,1,0,0,0.2295668026988248,3000.0,1.0,0.0,1212.6379971880197,6504.624246924773,14805.342389115527,False,0.8,,50.0,0.05
sweep_03193,85,DAILY_0001,5,1000.0,1.2,0.2,False,True,BEHAVIORAL_DEFAULT_SURPLUS_COLLATERAL,4.0,1,2,2,0.6108407343567581,2000.0,1.0,0.0,710.2085672160065,9644.511591981416,15324.378847472362,False,0.8,,50.0,0.05
sweep_03194,86,DAILY_0001,5,1000.0,1.2,0.2,True,False,,,0,2,2,0.6108407343567581,0.0,1.0,0.0,0.0,17346.9008892341,17282.10488234656,False,1.0,,50.0,0.05
sweep_03195,87,DAILY_0001,5,1000.0,1.2,0.2,True,False,,,0,2,2,0.6108407343567581,0.0,1.0,0.0,0.0,16887.21410701461,16950.274766785988,False,1.0,,50.0,0.05
sweep_03196,88,DAILY_0001,5,1000.0,1.2,0.2,False,True,BEHAVIORAL_DEFAULT_SURPLUS_COLLATERAL,3.0,1,0,0,0.2295668026988248,3000.0,1.0,0.0,4367.001075313706,6598.059130640779,14709.016127496638,False,0.8,,50.0,0.05
sweep_03197,89,DAILY_0001,5,1000.0,1.2,0.2,True,False,,,0,2,2,0.6108407343567581,0.0,1.0,0.0,0.0,16483.760527058344,16732.1167130861,False,1.0,,50.0,0.05
sweep_03198,90,DAILY_0001,5,1000.0,1.2,0.2,False,True,BEHAVIORAL_DEFAULT_SURPLUS_COLLATERAL,4.0,1,2,2,0.6108407343567581,2000.0,1.0,0.0,2883.481681332936,9428.143344053857,15342.247630465481,False,0.8,,50.0,0.05
sweep_03199,91,DAILY_0001,5,1000.0,1.2,0.2,True,False,,,0,2,2,0.6108407343567581,0.0,1.0,0.0,0.0,16432.64453049189,16750.847723829844,False,1.0,,50.0,0.05
sweep_03200,92,DAILY_0001,5,1000.0,1.2,0.2,True,False,,,0,2,2,0.6108407343567581,0.0,1.0,0.0,0.0,16541.46983637411,16801.145913164928,False,1.0,,50.0,0.05
sweep_03201,93,DAILY_0001,5,1000.0,1.2,0.2,False,True,BEHAVIORAL_DEFAULT_SURPLUS_COLLATERAL,3.0,1,0,0,0.2295668026988248,3000.0,1.0,0.0,1241.5889000034658,7022.911645595454,15333.22953956457,False,0.8,,50.0,0.05
sweep_03202,94,DAILY_0001,5,1000.0,1.2,0.2,True,False,,,0,2,2,0.6108407343567581,0.0,1.0,0.0,0.0,16816.49136159871,16975.935209066767,False,1.0,,50.0,0.05
sweep_03203,95,DAILY_0001,5,1000.0,1.2,0.2,True,False,,,0,2,2,0.6108407343567581,0.0,1.0,0.0,0.0,17545.744689882886,17324.443817827763,False,1.0,,50.0,0.05
sweep_03204,96,DAILY_0001,5,1000.0,1.2,0.2,True,False,,,0,2,2,0.6108407343567581,0.0,1.0,0.0,0.0,17272.505142960632,17024.88725587923,False,1.0,,50.0,0.05
sweep_03205,97,DAILY_0001,5,1000.0,1.2,0.2,True,False,,,0,2,2,0.6108407343567581,0.0,1.0,0.0,0.0,17205.00493267573,17093.50664014068,False,1.0,,50.0,0.05
sweep_03206,98,DAILY_0001,5,1000.0,1.2,0.2,True,False,,,0,2,2,0.6108407343567581,0.0,1.0,0.0,0.0,17117.740576801672,17182.077105833392,False,1.0,,50.0,0.05
sweep_03207,99,DAILY_0001,5,1000.0,1.2,0.2,False,True,BEHAVIORAL_DEFAULT_SURPLUS_COLLATERAL,4.0,1,2,2,0.6108407343567581,2000.0,1.0,0.0,2882.4144250444815,9546.407766635395,15346.371206522177,False,0.8,,50.0,0.05
sweep_03208,100,DAILY_0001,5,1000.0,1.2,0.2,True,False,,,0,2,2,0.6108407343567581,0.0,1.0,0.0,0.0,17296.288473944063,17283.836221847512,False,1.0,,50.0,0.05
sweep_03209,101,DAILY_0001,5,1000.0,1.2,0.2,False,True,BEHAVIORAL_DEFAULT_SURPLUS_COLLATERAL,5.0,1,2,2,0.6108407343567581,1000.0,1.0,0.0,2739.9253951251717,13094.897102232273,17171.440686040485,False,0.8,,50.0,0.05
sweep_03210,102,DAILY_0001,5,1000.0,1.2,0.2,False,True,BEHAVIORAL_DEFAULT_SURPLUS_COLLATERAL,5.0,1,2,2,0.6108407343567581,1000.0,1.0,0.0,6255.745181004724,13315.718463742422,17383.393141339468,False,0.8,,50.0,0.05
sweep_03211,103,DAILY_0001,5,1000.0,1.2,0.2,False,True,BEHAVIORAL_DEFAULT_SURPLUS_COLLATERAL,4.0,1,2,2,0.6108407343567581,2000.0,1.0,0.0,894.9235242573968,9410.055771571677,15305.53445072177,False,0.8,,50.0,0.05
sweep_03212,104,DAILY_0001,5,1000.0,1.2,0.2,True,False,,,0,2,2,0.6108407343567581,0.0,1.0,0.0,0.0,16965.565545296653,16925.256199532814,False,1.0,,50.0,0.05
sweep_03213,105,DAILY_0001,5,1000.0,1.2,0.2,False,True,BEHAVIORAL_DEFAULT_SURPLUS_COLLATERAL,4.0,1,2,2,0.6108407343567581,2000.0,1.0,0.0,2886.0437218783372,10112.068977480729,15526.254629239902,False,0.8,,50.0,0.05
sweep_03214,106,DAILY_0001,5,1000.0,1.2,0.2,False,True,BEHAVIORAL_DEFAULT_SURPLUS_COLLATERAL,5.0,1,2,2,0.6108407343567581,1000.0,1.0,0.0,712.5387657951401,13317.118454353504,17189.08283617599,False,0.8,,50.0,0.05
sweep_03215,107,DAILY_0001,5,1000.0,1.2,0.2,False,True,BEHAVIORAL_DEFAULT_SURPLUS_COLLATERAL,4.0,1,2,2,0.6108407343567581,2000.0,1.0,0.0,903.8740894767902,9504.711727327722,15226.113267584138,False,0.8,,50.0,0.05
sweep_03216,108,DAILY_0001,5,1000.0,1.2,0.2,False,True,BEHAVIORAL_DEFAULT_SURPLUS_COLLATERAL,4.0,1,2,2,0.6108407343567581,2000.0,1.0,0.0,2884.218607491165,9229.632260373746,15298.829272770101,False,0.8,,50.0,0.05
sweep_03217,109,DAILY_0001,5,1000.0,1.2,0.2,True,False,,,0,2,2,0.6108407343567581,0.0,1.0,0.0,0.0,17097.560018571552,17097.762450830483,False,1.0,,50.0,0.05
sweep_03218,110,DAILY_0001,5,1000.0,1.2,0.2,True,False,,,0,2,2,0.6108407343567581,0.0,1.0,0.0,0.0,17252.145983174083,17288.6910193577,False,1.0,,50.0,0.05
sweep_03219,111,DAILY_0001,5,1000.0,1.2,0.2,False,True,BEHAVIORAL_DEFAULT_SURPLUS_COLLATERAL,5.0,1,2,2,0.6108407343567581,1000.0,1.0,0.0,2630.880620208777,13005.811951455453,16955.07533103315,False,0.8,,50.0,0.05
sweep_03220,112,DAILY_0001,5,1000.0,1.2,0.2,True,False,,,0,2,2,0.6108407343567581,0.0,1.0,0.0,0.0,16909.07625773677,17006.868775293846,False,1.0,,50.0,0.05
sweep_03221,113,DAILY_0001,5,1000.0,1.2,0.2,False,True,BEHAVIORAL_DEFAULT_SURPLUS_COLLATERAL,3.0,1,0,0,0.2295668026988248,3000.0,1.0,0.0,1268.9003193465414,6623.312533026473,14789.07342079733,False,0.8,,50.0,0.05
sweep_03222,114,DAILY_0001,5,1000.0,1.2,0.2,False,True,BEHAVIORAL_DEFAULT_SURPLUS_COLLATERAL,3.0,1,0,0,0.2295668026988248,3000.0,1.0,0.0,1182.1284977143878,6121.454939968626,14440.240064439826,False,0.8,,50.0,0.05
sweep_03223,115,DAILY_0001,5,1000.0,1.2,0.2,True,False,,,0,2,2,0.6108407343567581,0.0,1.0,0.0,0.0,16756.555719327873,16717.28454156665,False,1.0,,50.0,0.05
sweep_03224,116,DAILY_0001,5,1000.0,1.2,0.2,False,True,BEHAVIORAL_DEFAULT_SURPLUS_COLLATERAL,3.0,1,0,0,0.2295668026988248,3000.0,1.0,0.0,4538.291052828456,6397.070943819939,14744.20458488959,False,0.8,,50.0,0.05
sweep_03225,117,DAILY_0001,5,1000.0,1.2,0.2,False,True,BEHAVIORAL_DEFAULT_SURPLUS_COLLATERAL,2.0,1,0,0,0.0802993013430624,4000.0,1.0,0.0,2305.417900119258,3189.4444401873525,6443.591595139784,False,0.8,,50.0,0.05
sweep_03226,118,DAILY_0001,5,1000.0,1.2,0.2,True,False,,,0,2,2,0.6108407343567581,0.0,1.0,0.0,0.0,16908.748437966286,17053.91605921369,False,1.0,,50.0,0.05
sweep_03227,119,DAILY_0001,5,1000.0,1.2,0.2,True,False,,,0,2,2,0.6108407343567581,0.0,1.0,0.0,0.0,16730.031620694273,16994.808718815846,False,1.0,,50.0,0.05
sweep_03228,120,DAILY_0001,5,1000.0,1.2,0.2,True,False,,,0,2,2,0.6108407343567581,0.0,1.0,0.0,0.0,17299.20314416707,17404.765682331752,False,1.0,,50.0,0.05
sweep_03229,121,DAILY_0001,5,1000.0,1.2,0.2,False,True,BEHAVIORAL_DEFAULT_SURPLUS_COLLATERAL,4.0,1,2,2,0.6108407343567581,2000.0,1.0,0.0,2882.41885589483,9287.607451281923,15232.349538373579,False,0.8,,50.0,0.05
sweep_03230,122,DAILY_0001,5,1000.0,1.2,0.2,True,False,,,0,2,2,0.6108407343567581,0.0,1.0,0.0,0.0,16786.425779314144,17013.307482046657,False,1.0,,50.0,0.05
sweep_03231,123,DAILY_0001,5,1000.0,1.2,0.2,False,True,BEHAVIORAL_DEFAULT_SURPLUS_COLLATERAL,4.0,1,2,2,0.6108407343567581,2000.0,1.0,0.0,2884.2560237744283,10213.097259473365,15551.942655202063,False,0.8,,50.0,0.05
sweep_03232,124,DAILY_0001,5,1000.0,1.2,0.2,True,False,,,0,2,2,0.6108407343567581,0.0,1.0,0.0,0.0,17378.096470344266,17256.998418243114,False,1.0,,50.0,0.05
sweep_03233,125,DAILY_0001,5,1000.0,1.2,0.2,True,False,,,0,2,2,0.6108407343567581,0.0,1.0,0.0,0.0,17222.14785778652,17195.0973245432,False,1.0,,50.0,0.05
sweep_03234,126,DAILY_0001,5,1000.0,1.2,0.2,False,True,BEHAVIORAL_DEFAULT_SURPLUS_COLLATERAL,3.0,1,0,0,0.2295668026988248,3000.0,1.0,0.0,4613.344721043948,6608.331218475114,14932.50883783532,False,0.8,,50.0,0.05
sweep_03235,127,DAILY_0001,5,1000.0,1.2,0.2,True,False,,,0,2,2,0.6108407343567581,0.0,1.0,0.0,0.0,17068.994068195138,17099.65641933077,False,1.0,,50.0,0.05
sweep_03236,128,DAILY_0001,5,1000.0,1.2,0.2,True,False,,,0,3,3,0.6108407343567581,0.0,1.0,0.0,0.0,17380.160876094935,17134.599071383287,False,1.0,,50.0,0.05
sweep_03237,129,DAILY_0001,5,1000.0,1.2,0.2,True,False,,,0,2,2,0.6108407343567581,0.0,1.0,0.0,0.0,16680.988802965425,16823.64993892429,False,1.0,,50.0,0.05
sweep_03238,130,DAILY_0001,5,1000.0,1.2,0.2,False,True,BEHAVIORAL_DEFAULT_SURPLUS_COLLATERAL,5.0,1,2,2,0.6108407343567581,1000.0,1.0,0.0,3044.2566735501623,12730.738840773127,16846.19029928093,False,0.8,,50.0,0.05
sweep_03239,131,DAILY_0001,5,1000.0,1.2,0.2,False,True,BEHAVIORAL_DEFAULT_SURPLUS_COLLATERAL,4.0,1,2,2,0.6108407343567581,2000.0,1.0,0.0,2883.3257356226777,9894.940183776958,15391.790861082665,False,0.8,,50.0,0.05
sweep_03240,132,DAILY_0001,5,1000.0,1.2,0.2,False,True,BEHAVIORAL_DEFAULT_SURPLUS_COLLATERAL,4.0,1,2,2,0.6108407343567581,2000.0,1.0,0.0,681.3401777794334,9452.061028387478,15259.931504470576,False,0.8,,50.0,0.05
sweep_03241,133,DAILY_0001,5,1000.0,1.2,0.2,False,True,BEHAVIORAL_DEFAULT_SURPLUS_COLLATERAL,2.0,1,0,0,0.0802993013430624,4000.0,1.0,0.0,2252.721305448671,3049.7954187370806,6386.058281575356,False,0.8,,50.0,0.05
sweep_03242,134,DAILY_0001,5,1000.0,1.2,0.2,False,True,BEHAVIORAL_DEFAULT_SURPLUS_COLLATERAL,3.0,1,0,0,0.2295668026988248,3000.0,1.0,0.0,1257.9450455557926,6618.547990000483,14813.759202261142,False,0.8,,50.0,0.05
sweep_03243,135,DAILY_0001,5,1000.0,1.2,0.2,True,False,,,0,2,2,0.6108407343567581,0.0,1.0,0.0,0.0,17308.180105341366,17205.460987765262,False,1.0,,50.0,0.05
sweep_03244,136,DAILY_0001,5,1000.0,1.2,0.2,False,True,BEHAVIORAL_DEFAULT_SURPLUS_COLLATERAL,5.0,1,2,2,0.6108407343567581,1000.0,1.0,0.0,2700.5247367421825,12439.168673732074,16736.797445591143,False,0.8,,50.0,0.05
sweep_03245,137,DAILY_0001,5,1000.0,1.2,0.2,False,True,BEHAVIORAL_DEFAULT_SURPLUS_COLLATERAL,4.0,1,2,2,0.6108407343567581,2000.0,1.0,0.0,805.3148455200367,9538.559186760156,15348.96499210765,False,0.8,,50.0,0.05
sweep_03246,138,DAILY_0001,5,1000.0,1.2,0.2,False,True,BEHAVIORAL_DEFAULT_SURPLUS_COLLATERAL,5.0,1,2,2,0.6108407343567581,1000.0,1.0,0.0,377.0211826880625,12533.99100881035,16778.477751420334,False,0.8,,50.0,0.05
sweep_03247,139,DAILY_0001,5,1000.0,1.2,0.2,False,True,BEHAVIORAL_DEFAULT_SURPLUS_COLLATERAL,2.0,1,0,0,0.0802993013430624,4000.0,1.0,0.0,2275.8715895380265,3111.145009532911,6411.3333977748825,False,0.8,,50.0,0.05
sweep_03248,140,DAILY_0001,5,1000.0,1.2,0.2,False,True,BEHAVIORAL_DEFAULT_SURPLUS_COLLATERAL,2.0,1,0,0,0.0802993013430624,4000.0,1.0,0.0,2294.8641523815677,3161.476398733924,6432.069179286007,False,0.8,,50.0,0.05
sweep_03249,141,DAILY_0001,5,1000.0,1.2,0.2,True,False,,,0,2,2,0.6108407343567581,0.0,1.0,0.0,0.0,17185.12705013151,17112.227601984963,False,1.0,,50.0,0.05
sweep_03250,142,DAILY_0001,5,1000.0,1.2,0.2,False,True,BEHAVIORAL_DEFAULT_SURPLUS_COLLATERAL,2.0,1,0,0,0.0802993013430624,4000.0,1.0,0.0,2296.690333763904,3166.3158849403544,6434.062975407982,False,0.8,,50.0,0.05
sweep_03251,143,DAILY_0001,5,1000.0,1.2,0.2,True,False,,,0,2,2,0.6108407343567581,0.0,1.0,0.0,0.0,16445.290904199723,16731.87231399124,False,1.0,,50.0,0.05
sweep_03252,144,DAILY_0001,5,1000.0,1.2,0.2,True,False,,,0,2,2,0.6108407343567581,0.0,1.0,0.0,0.0,17343.411988435073,17319.34245859309,False,1.0,,50.0,0.05
sweep_03253,145,DAILY_0001,5,1000.0,1.2,0.2,True,False,,,0,2,2,0.6108407343567581,0.0,1.0,0.0,0.0,17193.72751399906,17257.33604850876,False,1.0,,50.0,0.05
sweep_03254,146,DAILY_0001,5,1000.0,1.2,0.2,True,False,,,0,2,2,0.6108407343567581,0.0,1.0,0.0,0.0,16193.924104929843,16555.834346564643,False,1.0,,50.0,0.05
sweep_03255,147,DAILY_0001,5,1000.0,1.2,0.2,False,True,BEHAVIORAL_DEFAULT_SURPLUS_COLLATERAL,4.0,1,2,2,0.6108407343567581,2000.0,1.0,0.0,741.5009273685491,9889.107754331599,15397.791728796426,False,0.8,,50.0,0.05
sweep_03256,148,DAILY_0001,5,1000.0,1.2,0.2,True,False,,,0,2,2,0.6108407343567581,0.0,1.0,0.0,0.0,17096.666287603017,17199.175115781414,False,1.0,,50.0,0.05
sweep_03257,149,DAILY_0001,5,1000.0,1.2,0.2,False,True,BEHAVIORAL_DEFAULT_SURPLUS_COLLATERAL,4.0,1,2,2,0.6108407343567581,2000.0,1.0,0.0,645.7046986663472,9814.02173860668,15525.827345411273,False,0.8,,50.0,0.05
sweep_03258,150,DAILY_0001,5,1000.0,1.2,0.2,True,False,,,0,2,2,0.6108407343567581,0.0,1.0,0.0,0.0,16546.279710931314,16793.046531141583,False,1.0,,50.0,0.05
sweep_03259,151,DAILY_0001,5,1000.0,1.2,0.2,False,True,BEHAVIORAL_DEFAULT_SURPLUS_COLLATERAL,5.0,1,2,2,0.6108407343567581,1000.0,1.0,0.0,2896.129266770264,13335.570209326292,17296.10550255475,False,0.8,,50.0,0.05
sweep_03260,152,DAILY_0001,5,1000.0,1.2,0.2,True,False,,,0,2,2,0.6108407343567581,0.0,1.0,0.0,0.0,17093.36930493184,17178.696176304624,False,1.0,,50.0,0.05
sweep_03261,153,DAILY_0001,5,1000.0,1.2,0.2,True,False,,,0,2,2,0.6108407343567581,0.0,1.0,0.0,0.0,16508.84948067981,16692.671141207764,False,1.0,,50.0,0.05
sweep_03262,154,DAILY_0001,5,1000.0,1.2,0.2,True,False,,,0,2,2,0.6108407343567581,0.0,1.0,0.0,0.0,16928.440090342658,16967.083124525332,False,1.0,,50.0,0.05
sweep_03263,155,DAILY_0001,5,1000.0,1.2,0.2,False,True,BEHAVIORAL_DEFAULT_SURPLUS_COLLATERAL,3.0,1,0,0,0.2295668026988248,3000.0,1.0,0.0,4489.355283685233,6224.123226178908,14601.095151964255,False,0.8,,50.0,0.05
sweep_03264,156,DAILY_0001,5,1000.0,1.2,0.2,True,False,,,0,2,2,0.6108407343567581,0.0,1.0,0.0,0.0,16822.870383115638,16979.6369298976,False,1.0,,50.0,0.05
sweep_03265,157,DAILY_0001,5,1000.0,1.2,0.2,False,True,BEHAVIORAL_DEFAULT_SURPLUS_COLLATERAL,3.0,1,0,0,0.2295668026988248,3000.0,1.0,0.0,1187.9918449124089,6313.283449869156,14649.029641981728,False,0.8,,50.0,0.05
sweep_03266,158,DAILY_0001,5,1000.0,1.2,0.2,True,False,,,0,2,2,0.6108407343567581,0.0,1.0,0.0,0.0,17327.297792749472,17155.71071945845,False,1.0,,50.0,0.05
sweep_03267,159,DAILY_0001,5,1000.0,1.2,0.2,True,False,,,0,2,2,0.6108407343567581,0.0,1.0,0.0,0.0,17547.075472215663,17376.81280531508,False,1.0,,50.0,0.05
sweep_03268,160,DAILY_0001,5,1000.0,1.2,0.2,False,True,BEHAVIORAL_DEFAULT_SURPLUS_COLLATERAL,5.0,1,3,3,0.6108407343567581,1000.0,1.0,0.0,6137.2201425833755,13559.294233579409,17278.566041297985,False,0.8,,50.0,0.05
sweep_03269,161,DAILY_0001,5,1000.0,1.2,0.2,True,False,,,0,2,2,0.6108407343567581,0.0,1.0,0.0,0.0,16722.38973114001,16817.37014462846,False,1.0,,50.0,0.05
sweep_03270,162,DAILY_0001,5,1000.0,1.2,0.2,False,True,BEHAVIORAL_DEFAULT_SURPLUS_COLLATERAL,3.0,1,0,0,0.2295668026988248,3000.0,1.0,0.0,4367.129310848016,6099.333759251945,14421.074429448292,False,0.8,,50.0,0.05
sweep_03271,163,DAILY_0001,5,1000.0,1.2,0.2,True,False,,,0,2,2,0.6108407343567581,0.0,1.0,0.0,0.0,17276.966005569957,17288.421727593028,False,1.0,,50.0,0.05
sweep_03272,164,DAILY_0001,5,1000.0,1.2,0.2,True,False,,,0,2,2,0.6108407343567581,0.0,1.0,0.0,0.0,17233.351687522765,17150.171111751257,False,1.0,,50.0,0.05
sweep_03273,165,DAILY_0001,5,1000.0,1.2,0.2,True,False,,,0,2,2,0.6108407343567581,0.0,1.0,0.0,0.0,16913.7215097475,16924.04160523926,False,1.0,,50.0,0.05
sweep_03274,166,DAILY_0001,5,1000.0,1.2,0.2,False,True,BEHAVIORAL_DEFAULT_SURPLUS_COLLATERAL,5.0,1,2,2,0.6108407343567581,1000.0,1.0,0.0,3055.15118501704,13275.843211445086,17316.817370405315,False,0.8,,50.0,0.05
sweep_03275,167,DAILY_0001,5,1000.0,1.2,0.2,True,False,,,0,2,2,0.6108407343567581,0.0,1.0,0.0,0.0,16859.790773916782,16983.907801198875,False,1.0,,50.0,0.05
sweep_03276,168,DAILY_0001,5,1000.0,1.2,0.2,False,True,BEHAVIORAL_DEFAULT_SURPLUS_COLLATERAL,5.0,1,2,2,0.6108407343567581,1000.0,1.0,0.0,6093.921332864213,12306.50352346156,16586.496000013616,False,0.8,,50.0,0.05
sweep_03277,169,DAILY_0001,5,1000.0,1.2,0.2,False,True,BEHAVIORAL_DEFAULT_SURPLUS_COLLATERAL,5.0,1,2,2,0.6108407343567581,1000.0,1.0,0.0,3042.038632686181,13383.861734067441,17227.16657007374,False,0.8,,50.0,0.05
sweep_03278,170,DAILY_0001,5,1000.0,1.2,0.2,True,False,,,0,2,2,0.6108407343567581,0.0,1.0,0.0,0.0,17232.159337492943,17068.58573031399,False,1.0,,50.0,0.05
sweep_03279,171,DAILY_0001,5,1000.0,1.2,0.2,True,False,,,0,2,2,0.6108407343567581,0.0,1.0,0.0,0.0,16487.879755940605,16701.639169865626,False,1.0,,50.0,0.05
sweep_03280,172,DAILY_0001,5,1000.0,1.2,0.2,False,True,BEHAVIORAL_DEFAULT_SURPLUS_COLLATERAL,5.0,1,2,2,0.6108407343567581,1000.0,1.0,0.0,619.696316372122,12754.088913575759,16862.56725162096,False,0.8,,50.0,0.05
sweep_03281,173,DAILY_0001,5,1000.0,1.2,0.2,True,False,,,0,2,2,0.6108407343567581,0.0,1.0,0.0,0.0,16811.936915077735,17026.69608902771,False,1.0,,50.0,0.05
sweep_03282,174,DAILY_0001,5,1000.0,1.2,0.2,True,False,,,0,2,2,0.6108407343567581,0.0,1.0,0.0,0.0,16928.24289810534,16966.433143974293,False,1.0,,50.0,0.05
sweep_03283,175,DAILY_0001,5,1000.0,1.2,0.2,True,False,,,0,2,2,0.6108407343567581,0.0,1.0,0.0,0.0,16822.84112582361,16885.152041247027,False,1.0,,50.0,0.05
sweep_03284,176,DAILY_0001,5,1000.0,1.2,0.2,True,False,,,0,2,2,0.6108407343567581,0.0,1.0,0.0,0.0,16402.90381242599,16682.513234767077,False,1.0,,50.0,0.05
sweep_03285,177,DAILY_0001,5,1000.0,1.2,0.2,False,True,BEHAVIORAL_DEFAULT_SURPLUS_COLLATERAL,2.0,1,0,0,0.0802993013430624,4000.0,1.0,0.0,2294.379071094395,3160.1909052878864,6431.5395751631295,False,0.8,,50.0,0.05
sweep_03286,178,DAILY_0001,5,1000.0,1.2,0.2,True,False,,,0,2,2,0.6108407343567581,0.0,1.0,0.0,0.0,16613.95277706074,16819.721542260857,False,1.0,,50.0,0.05
sweep_03287,179,DAILY_0001,5,1000.0,1.2,0.2,True,False,,,0,2,2,0.6108407343567581,0.0,1.0,0.0,0.0,16825.94357748756,16860.92108181226,False,1.0,,50.0,0.05
sweep_03288,180,DAILY_0001,5,1000.0,1.2,0.2,True,False,,,0,2,2,0.6108407343567581,0.0,1.0,0.0,0.0,17332.698660576734,17115.432165285732,False,1.0,,50.0,0.05
sweep_03289,181,DAILY_0001,5,1000.0,1.2,0.2,False,True,BEHAVIORAL_DEFAULT_SURPLUS_COLLATERAL,4.0,1,2,2,0.6108407343567581,2000.0,1.0,0.0,915.0091318572231,9381.7156603568,15390.127579105703,False,0.8,,50.0,0.05
sweep_03290,182,DAILY_0001,5,1000.0,1.2,0.2,False,True,BEHAVIORAL_DEFAULT_SURPLUS_COLLATERAL,4.0,1,2,2,0.6108407343567581,2000.0,1.0,0.0,865.7603229275646,9613.459796300805,15322.016251087392,False,0.8,,50.0,0.05
sweep_03291,183,DAILY_0001,5,1000.0,1.2,0.2,False,True,BEHAVIORAL_DEFAULT_SURPLUS_COLLATERAL,5.0,1,2,2,0.6108407343567581,1000.0,1.0,0.0,2567.966281172599,12517.895991903359,16743.05875145734,False,0.8,,50.0,0.05
sweep_03292,184,DAILY_0001,5,1000.0,1.2,0.2,True,False,,,0,2,2,0.6108407343567581,0.0,1.0,0.0,0.0,17226.715015370733,17307.53244803673,False,1.0,,50.0,0.05
sweep_03293,185,DAILY_0001,5,1000.0,1.2,0.2,False,True,BEHAVIORAL_DEFAULT_SURPLUS_COLLATERAL,4.0,1,2,2,0.6108407343567581,2000.0,1.0,0.0,665.4292118855451,9321.804157226868,15271.000737552533,False,0.8,,50.0,0.05
sweep_03294,186,DAILY_0001,5,1000.0,1.2,0.2,False,True,BEHAVIORAL_DEFAULT_SURPLUS_COLLATERAL,3.0,1,0,0,0.2295668026988248,3000.0,1.0,0.0,1274.2656054352128,6559.983069571281,14699.968799502902,False,0.8,,50.0,0.05
sweep_03295,187,DAILY_0001,5,1000.0,1.2,0.2,False,True,BEHAVIORAL_DEFAULT_SURPLUS_COLLATERAL,4.0,1,2,2,0.6108407343567581,2000.0,1.0,0.0,785.7413348205628,9703.856181907031,15364.229834040025,False,0.8,,50.0,0.05
sweep_03296,188,DAILY_0001,5,1000.0,1.2,0.2,False,True,BEHAVIORAL_DEFAULT_SURPLUS_COLLATERAL,5.0,1,2,2,0.6108407343567581,1000.0,1.0,0.0,3038.962884617994,13167.848974053273,17087.044497571216,False,0.8,,50.0,0.05
sweep_03297,189,DAILY_0001,5,1000.0,1.2,0.2,True,False,,,0,2,2,0.6108407343567581,0.0,1.0,0.0,0.0,17458.454152212147,17320.780624678682,False,1.0,,50.0,0.05
sweep_03298,190,DAILY_0001,5,1000.0,1.2,0.2,False,True,BEHAVIORAL_DEFAULT_SURPLUS_COLLATERAL,4.0,1,2,2,0.6108407343567581,2000.0,1.0,0.0,2881.318535849681,9384.639416814975,15212.474427985799,False,0.8,,50.0,0.05
sweep_03299,191,DAILY_0001,5,1000.0,1.2,0.2,True,False,,,0,2,2,0.6108407343567581,0.0,1.0,0.0,0.0,16741.237276910877,16823.41643117964,False,1.0,,50.0,0.05
sweep_03300,42,DAILY_0001,5,1000.0,1.2,0.2,True,False,,,0,2,2,0.6108407343567581,0.0,1.0,0.0,0.0,17143.15024973444,17032.729800555055,False,1.0,,100.0,0.05
sweep_03301,43,DAILY_0001,5,1000.0,1.2,0.2,True,False,,,0,2,2,0.6108407343567581,0.0,1.0,0.0,0.0,16683.664856290503,16838.748879682957,False,1.0,,100.0,0.05
sweep_03302,44,DAILY_0001,5,1000.0,1.2,0.2,True,False,,,0,2,2,0.6108407343567581,0.0,1.0,0.0,0.0,16963.961355801184,17125.64806853018,False,1.0,,100.0,0.05
sweep_03303,45,DAILY_0001,5,1000.0,1.2,0.2,False,True,BEHAVIORAL_DEFAULT_SURPLUS_COLLATERAL,5.0,1,2,2,0.6108407343567581,1000.0,1.0,0.0,6181.78037438809,12896.079661440042,16949.795214931888,False,0.8,,100.0,0.05
sweep_03304,46,DAILY_0001,5,1000.0,1.2,0.2,True,False,,,0,2,2,0.6108407343567581,0.0,1.0,0.0,0.0,16307.234970412434,16561.8621388285,False,1.0,,100.0,0.05
sweep_03305,47,DAILY_0001,5,1000.0,1.2,0.2,True,False,,,0,2,2,0.6108407343567581,0.0,1.0,0.0,0.0,17175.220923270765,17187.423641743597,False,1.0,,100.0,0.05
sweep_03306,48,DAILY_0001,5,1000.0,1.2,0.2,False,True,BEHAVIORAL_DEFAULT_SURPLUS_COLLATERAL,3.0,1,0,0,0.2295668026988248,3000.0,1.0,0.0,1235.641501237962,6384.596399760172,14600.995350834917,False,0.8,,100.0,0.05
sweep_03307,49,DAILY_0001,5,1000.0,1.2,0.2,True,False,,,0,2,2,0.6108407343567581,0.0,1.0,0.0,0.0,17411.6649980281,17374.26884288596,False,1.0,,100.0,0.05
sweep_03308,50,DAILY_0001,5,1000.0,1.2,0.2,True,False,,,0,2,2,0.6108407343567581,0.0,1.0,0.0,0.0,16470.071539501125,16718.76207169321,False,1.0,,100.0,0.05
sweep_03309,51,DAILY_0001,5,1000.0,1.2,0.2,True,False,,,0,2,2,0.6108407343567581,0.0,1.0,0.0,0.0,16553.917458671152,16617.09675227696,False,1.0,,100.0,0.05
sweep_03310,52,DAILY_0001,5,1000.0,1.2,0.2,False,True,BEHAVIORAL_DEFAULT_SURPLUS_COLLATERAL,5.0,1,2,2,0.6108407343567581,1000.0,1.0,0.0,6034.224732887909,13756.613367327447,17538.269857823543,False,0.8,,100.0,0.05
sweep_03311,53,DAILY_0001,5,1000.0,1.2,0.2,False,True,BEHAVIORAL_DEFAULT_SURPLUS_COLLATERAL,5.0,1,2,2,0.6108407343567581,1000.0,1.0,0.0,6114.425282243862,12961.478326267516,17100.9776534484,False,0.8,,100.0,0.05
sweep_03312,54,DAILY_0001,5,1000.0,1.2,0.2,False,True,BEHAVIORAL_DEFAULT_SURPLUS_COLLATERAL,5.0,1,2,2,0.6108407343567581,1000.0,1.0,0.0,349.18153564795807,12569.941496225256,16892.27420833778,False,0.8,,100.0,0.05
sweep_03313,55,DAILY_0001,5,1000.0,1.2,0.2,False,True,BEHAVIORAL_DEFAULT_SURPLUS_COLLATERAL,5.0,1,2,2,0.6108407343567581,1000.0,1.0,0.0,3047.4186137022757,13020.111295967612,17000.030537690593,False,0.8,,100.0,0.05
sweep_03314,56,DAILY_0001,5,1000.0,1.2,0.2,False,True,BEHAVIORAL_DEFAULT_SURPLUS_COLLATERAL,5.0,1,2,2,0.6108407343567581,1000.0,1.0,0.0,2997.1579239070866,12704.486967871519,16881.794633249938,False,0.8,,100.0,0.05
sweep_03315,57,DAILY_0001,5,1000.0,1.2,0.2,True,False,,,0,2,2,0.6108407343567581,0.0,1.0,0.0,0.0,16629.925622068513,16714.642665063653,False,1.0,,100.0,0.05
sweep_03316,58,DAILY_0001,5,1000.0,1.2,0.2,True,False,,,0,2,2,0.6108407343567581,0.0,1.0,0.0,0.0,17118.252725129587,17213.33222895274,False,1.0,,100.0,0.05
sweep_03317,59,DAILY_0001,5,1000.0,1.2,0.2,False,True,BEHAVIORAL_DEFAULT_SURPLUS_COLLATERAL,4.0,1,2,2,0.6108407343567581,2000.0,1.0,0.0,646.7959219083737,9396.14470761244,15365.710671835848,False,0.8,,100.0,0.05
sweep_03318,60,DAILY_0001,5,1000.0,1.2,0.2,True,False,,,0,2,2,0.6108407343567581,0.0,1.0,0.0,0.0,16890.892442598783,16956.543091777,False,1.0,,100.0,0.05
sweep_03319,61,DAILY_0001,5,1000.0,1.2,0.2,True,False,,,0,2,2,0.6108407343567581,0.0,1.0,0.0,0.0,17049.548692196306,17148.49701166458,False,1.0,,100.0,0.05
sweep_03320,62,DAILY_0001,5,1000.0,1.2,0.2,True,False,,,0,2,2,0.6108407343567581,0.0,1.0,0.0,0.0,16688.163188009137,16912.72359952022,False,1.0,,100.0,0.05
sweep_03321,63,DAILY_0001,5,1000.0,1.2,0.2,False,True,BEHAVIORAL_DEFAULT_SURPLUS_COLLATERAL,5.0,1,2,2,0.6108407343567581,1000.0,1.0,0.0,3019.6382810929717,12560.781626539678,16754.7122321575,False,0.8,,100.0,0.05
sweep_03322,64,DAILY_0001,5,1000.0,1.2,0.2,False,True,BEHAVIORAL_DEFAULT_SURPLUS_COLLATERAL,3.0,1,0,0,0.2295668026988248,3000.0,1.0,0.0,4369.784971764256,6151.058035452796,14453.294817582224,False,0.8,,100.0,0.05
sweep_03323,65,DAILY_0001,5,1000.0,1.2,0.2,False,True,BEHAVIORAL_DEFAULT_SURPLUS_COLLATERAL,2.0,1,0,0,0.0802993013430624,4000.0,1.0,0.0,2271.65179394199,3099.9623073224475,6406.726291286842,False,0.8,,100.0,0.05
sweep_03324,66,DAILY_0001,5,1000.0,1.2,0.2,True,False,,,0,2,2,0.6108407343567581,0.0,1.0,0.0,0.0,17056.111050431617,17072.37417578013,False,1.0,,100.0,0.05
sweep_03325,67,DAILY_0001,5,1000.0,1.2,0.2,True,False,,,0,2,2,0.6108407343567581,0.0,1.0,0.0,0.0,17358.7323024141,17208.460665431114,False,1.0,,100.0,0.05
sweep_03326,68,DAILY_0001,5,1000.0,1.2,0.2,False,True,BEHAVIORAL_DEFAULT_SURPLUS_COLLATERAL,4.0,1,2,2,0.6108407343567581,2000.0,1.0,0.0,679.0872937098229,9384.172146377827,15300.269805532143,False,0.8,,100.0,0.05
sweep_03327,69,DAILY_0001,5,1000.0,1.2,0.2,False,True,BEHAVIORAL_DEFAULT_SURPLUS_COLLATERAL,3.0,1,0,0,0.2295668026988248,3000.0,1.0,0.0,1196.5862400223195,6254.764509256824,14556.643815032123,False,0.8,,100.0,0.05
sweep_03328,70,DAILY_0001,5,1000.0,1.2,0.2,True,False,,,0,2,2,0.6108407343567581,0.0,1.0,0.0,0.0,18008.300555488746,17497.872412475826,False,1.0,,100.0,0.05
sweep_03329,71,DAILY_0001,5,1000.0,1.2,0.2,True,False,,,0,2,2,0.6108407343567581,0.0,1.0,0.0,0.0,17077.07193201092,17086.976468165565,False,1.0,,100.0,0.05
sweep_03330,72,DAILY_0001,5,1000.0,1.2,0.2,False,True,BEHAVIORAL_DEFAULT_SURPLUS_COLLATERAL,5.0,1,2,2,0.6108407343567581,1000.0,1.0,0.0,436.8820243636328,12739.57666014175,16816.313047237112,False,0.8,,100.0,0.05
sweep_03331,73,DAILY_0001,5,1000.0,1.2,0.2,True,False,,,0,2,2,0.6108407343567581,0.0,1.0,0.0,0.0,16909.5959464029,16957.591478314243,False,1.0,,100.0,0.05
sweep_03332,74,DAILY_0001,5,1000.0,1.2,0.2,False,True,BEHAVIORAL_DEFAULT_SURPLUS_COLLATERAL,3.0,1,0,0,0.2295668026988248,3000.0,1.0,0.0,4406.158889723712,6142.21535254676,14480.311264411146,False,0.8,,100.0,0.05
sweep_03333,75,DAILY_0001,5,1000.0,1.2,0.2,True,False,,,0,2,2,0.6108407343567581,0.0,1.0,0.0,0.0,16697.360309291158,16860.1800240227,False,1.0,,100.0,0.05
sweep_03334,76,DAILY_0001,5,1000.0,1.2,0.2,True,False,,,0,2,2,0.6108407343567581,0.0,1.0,0.0,0.0,16671.801168191498,16881.255719574652,False,1.0,,100.0,0.05
sweep_03335,77,DAILY_0001,5,1000.0,1.2,0.2,True,False,,,0,2,2,0.6108407343567581,0.0,1.0,0.0,0.0,16763.124564751575,16948.503784177912,False,1.0,,100.0,0.05
sweep_03336,78,DAILY_0001,5,1000.0,1.2,0.2,True,False,,,0,2,2,0.6108407343567581,0.0,1.0,0.0,0.0,16719.51222653161,16801.206278234233,False,1.0,,100.0,0.05
sweep_03337,79,DAILY_0001,5,1000.0,1.2,0.2,True,False,,,0,2,2,0.6108407343567581,0.0,1.0,0.0,0.0,16476.77247232043,16702.462385297174,False,1.0,,100.0,0.05
sweep_03338,80,DAILY_0001,5,1000.0,1.2,0.2,True,False,,,0,2,2,0.6108407343567581,0.0,1.0,0.0,0.0,16187.427798734678,16531.58526610316,False,1.0,,100.0,0.05
sweep_03339,81,DAILY_0001,5,1000.0,1.2,0.2,True,False,,,0,2,2,0.6108407343567581,0.0,1.0,0.0,0.0,17261.26216002694,17082.144654606687,False,1.0,,100.0,0.05
sweep_03340,82,DAILY_0001,5,1000.0,1.2,0.2,True,False,,,0,2,2,0.6108407343567581,0.0,1.0,0.0,0.0,17428.23657344996,17441.96702865466,False,1.0,,100.0,0.05
sweep_03341,83,DAILY_0001,5,1000.0,1.2,0.2,False,True,BEHAVIORAL_DEFAULT_SURPLUS_COLLATERAL,5.0,1,2,2,0.6108407343567581,1000.0,1.0,0.0,617.7901352214526,13023.010849409744,17018.538173305322,False,0.8,,100.0,0.05
sweep_03342,84,DAILY_0001,5,1000.0,1.2,0.2,False,True,BEHAVIORAL_DEFAULT_SURPLUS_COLLATERAL,3.0,1,0,0,0.2295668026988248,3000.0,1.0,0.0,1212.6379971880197,6504.624246924773,14805.342389115527,False,0.8,,100.0,0.05
sweep_03343,85,DAILY_0001,5,1000.0,1.2,0.2,False,True,BEHAVIORAL_DEFAULT_SURPLUS_COLLATERAL,4.0,1,2,2,0.6108407343567581,2000.0,1.0,0.0,710.2085672160065,9644.511591981416,15324.378847472362,False,0.8,,100.0,0.05
sweep_03344,86,DAILY_0001,5,1000.0,1.2,0.2,True,False,,,0,2,2,0.6108407343567581,0.0,1.0,0.0,0.0,17346.9008892341,17282.10488234656,False,1.0,,100.0,0.05
sweep_03345,87,DAILY_0001,5,1000.0,1.2,0.2,True,False,,,0,2,2,0.6108407343567581,0.0,1.0,0.0,0.0,16887.21410701461,16950.274766785988,False,1.0,,100.0,0.05
sweep_03346,88,DAILY_0001,5,1000.0,1.2,0.2,False,True,BEHAVIORAL_DEFAULT_SURPLUS_COLLATERAL,3.0,1,0,0,0.2295668026988248,3000.0,1.0,0.0,4367.001075313706,6598.059130640779,14709.016127496638,False,0.8,,100.0,0.05
sweep_03347,89,DAILY_0001,5,1000.0,1.2,0.2,True,False,,,0,2,2,0.6108407343567581,0.0,1.0,0.0,0.0,16483.760527058344,16732.1167130861,False,1.0,,100.0,0.05
sweep_03348,90,DAILY_0001,5,1000.0,1.2,0.2,False,True,BEHAVIORAL_DEFAULT_SURPLUS_COLLATERAL,4.0,1,2,2,0.6108407343567581,2000.0,1.0,0.0,2883.481681332936,9428.143344053857,15342.247630465481,False,0.8,,100.0,0.05
sweep_03349,91,DAILY_0001,5,1000.0,1.2,0.2,True,False,,,0,2,2,0.6108407343567581,0.0,1.0,0.0,0.0,16432.64453049189,16750.847723829844,False,1.0,,100.0,0.05
sweep_03350,92,DAILY_0001,5,1000.0,1.2,0.2,True,False,,,0,2,2,0.6108407343567581,0.0,1.0,0.0,0.0,16541.46983637411,16801.145913164928,False,1.0,,100.0,0.05
sweep_03351,93,DAILY_0001,5,1000.0,1.2,0.2,False,True,BEHAVIORAL_DEFAULT_SURPLUS_COLLATERAL,3.0,1,0,0,0.2295668026988248,3000.0,1.0,0.0,1241.5889000034658,7022.911645595454,15333.22953956457,False,0.8,,100.0,0.05
sweep_03352,94,DAILY_0001,5,1000.0,1.2,0.2,True,False,,,0,2,2,0.6108407343567581,0.0,1.0,0.0,0.0,16816.49136159871,16975.935209066767,False,1.0,,100.0,0.05
sweep_03353,95,DAILY_0001,5,1000.0,1.2,0.2,True,False,,,0,2,2,0.6108407343567581,0.0,1.0,0.0,0.0,17545.744689882886,17324.443817827763,False,1.0,,100.0,0.05
sweep_03354,96,DAILY_0001,5,1000.0,1.2,0.2,True,False,,,0,2,2,0.6108407343567581,0.0,1.0,0.0,0.0,17272.505142960632,17024.88725587923,False,1.0,,100.0,0.05
sweep_03355,97,DAILY_0001,5,1000.0,1.2,0.2,True,False,,,0,2,2,0.6108407343567581,0.0,1.0,0.0,0.0,17205.00493267573,17093.50664014068,False,1.0,,100.0,0.05
sweep_03356,98,DAILY_0001,5,1000.0,1.2,0.2,True,False,,,0,2,2,0.6108407343567581,0.0,1.0,0.0,0.0,17117.740576801672,17182.077105833392,False,1.0,,100.0,0.05
sweep_03357,99,DAILY_0001,5,1000.0,1.2,0.2,False,True,BEHAVIORAL_DEFAULT_SURPLUS_COLLATERAL,4.0,1,2,2,0.6108407343567581,2000.0,1.0,0.0,2882.4144250444815,9546.407766635395,15346.371206522177,False,0.8,,100.0,0.05
sweep_03358,100,DAILY_0001,5,1000.0,1.2,0.2,True,False,,,0,2,2,0.6108407343567581,0.0,1.0,0.0,0.0,17296.288473944063,17283.836221847512,False,1.0,,100.0,0.05
sweep_03359,101,DAILY_0001,5,1000.0,1.2,0.2,False,True,BEHAVIORAL_DEFAULT_SURPLUS_COLLATERAL,5.0,1,2,2,0.6108407343567581,1000.0,1.0,0.0,2739.9253951251717,13094.897102232273,17171.440686040485,False,0.8,,100.0,0.05
sweep_03360,102,DAILY_0001,5,1000.0,1.2,0.2,False,True,BEHAVIORAL_DEFAULT_SURPLUS_COLLATERAL,5.0,1,2,2,0.6108407343567581,1000.0,1.0,0.0,6255.745181004724,13315.718463742422,17383.393141339468,False,0.8,,100.0,0.05
sweep_03361,103,DAILY_0001,5,1000.0,1.2,0.2,False,True,BEHAVIORAL_DEFAULT_SURPLUS_COLLATERAL,4.0,1,2,2,0.6108407343567581,2000.0,1.0,0.0,894.9235242573968,9410.055771571677,15305.53445072177,False,0.8,,100.0,0.05
sweep_03362,104,DAILY_0001,5,1000.0,1.2,0.2,True,False,,,0,2,2,0.6108407343567581,0.0,1.0,0.0,0.0,16965.565545296653,16925.256199532814,False,1.0,,100.0,0.05
sweep_03363,105,DAILY_0001,5,1000.0,1.2,0.2,False,True,BEHAVIORAL_DEFAULT_SURPLUS_COLLATERAL,4.0,1,2,2,0.6108407343567581,2000.0,1.0,0.0,2886.0437218783372,10112.068977480729,15526.254629239902,False,0.8,,100.0,0.05
sweep_03364,106,DAILY_0001,5,1000.0,1.2,0.2,False,True,BEHAVIORAL_DEFAULT_SURPLUS_COLLATERAL,5.0,1,2,2,0.6108407343567581,1000.0,1.0,0.0,712.5387657951401,13317.118454353504,17189.08283617599,False,0.8,,100.0,0.05
sweep_03365,107,DAILY_0001,5,1000.0,1.2,0.2,False,True,BEHAVIORAL_DEFAULT_SURPLUS_COLLATERAL,4.0,1,2,2,0.6108407343567581,2000.0,1.0,0.0,903.8740894767902,9504.711727327722,15226.113267584138,False,0.8,,100.0,0.05
sweep_03366,108,DAILY_0001,5,1000.0,1.2,0.2,False,True,BEHAVIORAL_DEFAULT_SURPLUS_COLLATERAL,4.0,1,2,2,0.6108407343567581,2000.0,1.0,0.0,2884.218607491165,9229.632260373746,15298.829272770101,False,0.8,,100.0,0.05
sweep_03367,109,DAILY_0001,5,1000.0,1.2,0.2,True,False,,,0,2,2,0.6108407343567581,0.0,1.0,0.0,0.0,17097.560018571552,17097.762450830483,False,1.0,,100.0,0.05
sweep_03368,110,DAILY_0001,5,1000.0,1.2,0.2,True,False,,,0,2,2,0.6108407343567581,0.0,1.0,0.0,0.0,17252.145983174083,17288.6910193577,False,1.0,,100.0,0.05
sweep_03369,111,DAILY_0001,5,1000.0,1.2,0.2,False,True,BEHAVIORAL_DEFAULT_SURPLUS_COLLATERAL,5.0,1,2,2,0.6108407343567581,1000.0,1.0,0.0,2630.880620208777,13005.811951455453,16955.07533103315,False,0.8,,100.0,0.05
sweep_03370,112,DAILY_0001,5,1000.0,1.2,0.2,True,False,,,0,2,2,0.6108407343567581,0.0,1.0,0.0,0.0,16909.07625773677,17006.868775293846,False,1.0,,100.0,0.05
sweep_03371,113,DAILY_0001,5,1000.0,1.2,0.2,False,True,BEHAVIORAL_DEFAULT_SURPLUS_COLLATERAL,3.0,1,0,0,0.2295668026988248,3000.0,1.0,0.0,1268.9003193465414,6623.312533026473,14789.07342079733,False,0.8,,100.0,0.05
sweep_03372,114,DAILY_0001,5,1000.0,1.2,0.2,False,True,BEHAVIORAL_DEFAULT_SURPLUS_COLLATERAL,3.0,1,0,0,0.2295668026988248,3000.0,1.0,0.0,1182.1284977143878,6121.454939968626,14440.240064439826,False,0.8,,100.0,0.05
sweep_03373,115,DAILY_0001,5,1000.0,1.2,0.2,True,False,,,0,2,2,0.6108407343567581,0.0,1.0,0.0,0.0,16756.555719327873,16717.28454156665,False,1.0,,100.0,0.05
sweep_03374,116,DAILY_0001,5,1000.0,1.2,0.2,False,True,BEHAVIORAL_DEFAULT_SURPLUS_COLLATERAL,3.0,1,0,0,0.2295668026988248,3000.0,1.0,0.0,4538.291052828456,6397.070943819939,14744.20458488959,False,0.8,,100.0,0.05
sweep_03375,117,DAILY_0001,5,1000.0,1.2,0.2,False,True,BEHAVIORAL_DEFAULT_SURPLUS_COLLATERAL,2.0,1,0,0,0.0802993013430624,4000.0,1.0,0.0,2305.417900119258,3189.4444401873525,6443.591595139784,False,0.8,,100.0,0.05
sweep_03376,118,DAILY_0001,5,1000.0,1.2,0.2,True,False,,,0,2,2,0.6108407343567581,0.0,1.0,0.0,0.0,16908.748437966286,17053.91605921369,False,1.0,,100.0,0.05
sweep_03377,119,DAILY_0001,5,1000.0,1.2,0.2,True,False,,,0,2,2,0.6108407343567581,0.0,1.0,0.0,0.0,16730.031620694273,16994.808718815846,False,1.0,,100.0,0.05
sweep_03378,120,DAILY_0001,5,1000.0,1.2,0.2,True,False,,,0,2,2,0.6108407343567581,0.0,1.0,0.0,0.0,17299.20314416707,17404.765682331752,False,1.0,,100.0,0.05
sweep_03379,121,DAILY_0001,5,1000.0,1.2,0.2,False,True,BEHAVIORAL_DEFAULT_SURPLUS_COLLATERAL,4.0,1,2,2,0.6108407343567581,2000.0,1.0,0.0,2882.41885589483,9287.607451281923,15232.349538373579,False,0.8,,100.0,0.05
sweep_03380,122,DAILY_0001,5,1000.0,1.2,0.2,True,False,,,0,2,2,0.6108407343567581,0.0,1.0,0.0,0.0,16786.425779314144,17013.307482046657,False,1.0,,100.0,0.05
sweep_03381,123,DAILY_0001,5,1000.0,1.2,0.2,False,True,BEHAVIORAL_DEFAULT_SURPLUS_COLLATERAL,4.0,1,2,2,0.6108407343567581,2000.0,1.0,0.0,2884.2560237744283,10213.097259473365,15551.942655202063,False,0.8,,100.0,0.05
sweep_03382,124,DAILY_0001,5,1000.0,1.2,0.2,True,False,,,0,2,2,0.6108407343567581,0.0,1.0,0.0,0.0,17378.096470344266,17256.998418243114,False,1.0,,100.0,0.05
sweep_03383,125,DAILY_0001,5,1000.0,1.2,0.2,True,False,,,0,2,2,0.6108407343567581,0.0,1.0,0.0,0.0,17222.14785778652,17195.0973245432,False,1.0,,100.0,0.05
sweep_03384,126,DAILY_0001,5,1000.0,1.2,0.2,False,True,BEHAVIORAL_DEFAULT_SURPLUS_COLLATERAL,3.0,1,0,0,0.2295668026988248,3000.0,1.0,0.0,4613.344721043948,6608.331218475114,14932.50883783532,False,0.8,,100.0,0.05
sweep_03385,127,DAILY_0001,5,1000.0,1.2,0.2,True,False,,,0,2,2,0.6108407343567581,0.0,1.0,0.0,0.0,17068.994068195138,17099.65641933077,False,1.0,,100.0,0.05
sweep_03386,128,DAILY_0001,5,1000.0,1.2,0.2,True,False,,,0,3,3,0.6108407343567581,0.0,1.0,0.0,0.0,17380.160876094935,17134.599071383287,False,1.0,,100.0,0.05
sweep_03387,129,DAILY_0001,5,1000.0,1.2,0.2,True,False,,,0,2,2,0.6108407343567581,0.0,1.0,0.0,0.0,16680.988802965425,16823.64993892429,False,1.0,,100.0,0.05
sweep_03388,130,DAILY_0001,5,1000.0,1.2,0.2,False,True,BEHAVIORAL_DEFAULT_SURPLUS_COLLATERAL,5.0,1,2,2,0.6108407343567581,1000.0,1.0,0.0,3044.2566735501623,12730.738840773127,16846.19029928093,False,0.8,,100.0,0.05
sweep_03389,131,DAILY_0001,5,1000.0,1.2,0.2,False,True,BEHAVIORAL_DEFAULT_SURPLUS_COLLATERAL,4.0,1,2,2,0.6108407343567581,2000.0,1.0,0.0,2883.3257356226777,9894.940183776958,15391.790861082665,False,0.8,,100.0,0.05
sweep_03390,132,DAILY_0001,5,1000.0,1.2,0.2,False,True,BEHAVIORAL_DEFAULT_SURPLUS_COLLATERAL,4.0,1,2,2,0.6108407343567581,2000.0,1.0,0.0,681.3401777794334,9452.061028387478,15259.931504470576,False,0.8,,100.0,0.05
sweep_03391,133,DAILY_0001,5,1000.0,1.2,0.2,False,True,BEHAVIORAL_DEFAULT_SURPLUS_COLLATERAL,2.0,1,0,0,0.0802993013430624,4000.0,1.0,0.0,2252.721305448671,3049.7954187370806,6386.058281575356,False,0.8,,100.0,0.05
sweep_03392,134,DAILY_0001,5,1000.0,1.2,0.2,False,True,BEHAVIORAL_DEFAULT_SURPLUS_COLLATERAL,3.0,1,0,0,0.2295668026988248,3000.0,1.0,0.0,1257.9450455557926,6618.547990000483,14813.759202261142,False,0.8,,100.0,0.05
sweep_03393,135,DAILY_0001,5,1000.0,1.2,0.2,True,False,,,0,2,2,0.6108407343567581,0.0,1.0,0.0,0.0,17308.180105341366,17205.460987765262,False,1.0,,100.0,0.05
sweep_03394,136,DAILY_0001,5,1000.0,1.2,0.2,False,True,BEHAVIORAL_DEFAULT_SURPLUS_COLLATERAL,5.0,1,2,2,0.6108407343567581,1000.0,1.0,0.0,2700.5247367421825,12439.168673732074,16736.797445591143,False,0.8,,100.0,0.05
sweep_03395,137,DAILY_0001,5,1000.0,1.2,0.2,False,True,BEHAVIORAL_DEFAULT_SURPLUS_COLLATERAL,4.0,1,2,2,0.6108407343567581,2000.0,1.0,0.0,805.3148455200367,9538.559186760156,15348.96499210765,False,0.8,,100.0,0.05
sweep_03396,138,DAILY_0001,5,1000.0,1.2,0.2,False,True,BEHAVIORAL_DEFAULT_SURPLUS_COLLATERAL,5.0,1,2,2,0.6108407343567581,1000.0,1.0,0.0,377.0211826880625,12533.99100881035,16778.477751420334,False,0.8,,100.0,0.05
sweep_03397,139,DAILY_0001,5,1000.0,1.2,0.2,False,True,BEHAVIORAL_DEFAULT_SURPLUS_COLLATERAL,2.0,1,0,0,0.0802993013430624,4000.0,1.0,0.0,2275.8715895380265,3111.145009532911,6411.3333977748825,False,0.8,,100.0,0.05
sweep_03398,140,DAILY_0001,5,1000.0,1.2,0.2,False,True,BEHAVIORAL_DEFAULT_SURPLUS_COLLATERAL,2.0,1,0,0,0.0802993013430624,4000.0,1.0,0.0,2294.8641523815677,3161.476398733924,6432.069179286007,False,0.8,,100.0,0.05
sweep_03399,141,DAILY_0001,5,1000.0,1.2,0.2,True,False,,,0,2,2,0.6108407343567581,0.0,1.0,0.0,0.0,17185.12705013151,17112.227601984963,False,1.0,,100.0,0.05
sweep_03400,142,DAILY_0001,5,1000.0,1.2,0.2,False,True,BEHAVIORAL_DEFAULT_SURPLUS_COLLATERAL,2.0,1,0,0,0.0802993013430624,4000.0,1.0,0.0,2296.690333763904,3166.3158849403544,6434.062975407982,False,0.8,,100.0,0.05
sweep_03401,143,DAILY_0001,5,1000.0,1.2,0.2,True,False,,,0,2,2,0.6108407343567581,0.0,1.0,0.0,0.0,16445.290904199723,16731.87231399124,False,1.0,,100.0,0.05
sweep_03402,144,DAILY_0001,5,1000.0,1.2,0.2,True,False,,,0,2,2,0.6108407343567581,0.0,1.0,0.0,0.0,17343.411988435073,17319.34245859309,False,1.0,,100.0,0.05
sweep_03403,145,DAILY_0001,5,1000.0,1.2,0.2,True,False,,,0,2,2,0.6108407343567581,0.0,1.0,0.0,0.0,17193.72751399906,17257.33604850876,False,1.0,,100.0,0.05
sweep_03404,146,DAILY_0001,5,1000.0,1.2,0.2,True,False,,,0,2,2,0.6108407343567581,0.0,1.0,0.0,0.0,16193.924104929843,16555.834346564643,False,1.0,,100.0,0.05
sweep_03405,147,DAILY_0001,5,1000.0,1.2,0.2,False,True,BEHAVIORAL_DEFAULT_SURPLUS_COLLATERAL,4.0,1,2,2,0.6108407343567581,2000.0,1.0,0.0,741.5009273685491,9889.107754331599,15397.791728796426,False,0.8,,100.0,0.05
sweep_03406,148,DAILY_0001,5,1000.0,1.2,0.2,True,False,,,0,2,2,0.6108407343567581,0.0,1.0,0.0,0.0,17096.666287603017,17199.175115781414,False,1.0,,100.0,0.05
sweep_03407,149,DAILY_0001,5,1000.0,1.2,0.2,False,True,BEHAVIORAL_DEFAULT_SURPLUS_COLLATERAL,4.0,1,2,2,0.6108407343567581,2000.0,1.0,0.0,645.7046986663472,9814.02173860668,15525.827345411273,False,0.8,,100.0,0.05
sweep_03408,150,DAILY_0001,5,1000.0,1.2,0.2,True,False,,,0,2,2,0.6108407343567581,0.0,1.0,0.0,0.0,16546.279710931314,16793.046531141583,False,1.0,,100.0,0.05
sweep_03409,151,DAILY_0001,5,1000.0,1.2,0.2,False,True,BEHAVIORAL_DEFAULT_SURPLUS_COLLATERAL,5.0,1,2,2,0.6108407343567581,1000.0,1.0,0.0,2896.129266770264,13335.570209326292,17296.10550255475,False,0.8,,100.0,0.05
sweep_03410,152,DAILY_0001,5,1000.0,1.2,0.2,True,False,,,0,2,2,0.6108407343567581,0.0,1.0,0.0,0.0,17093.36930493184,17178.696176304624,False,1.0,,100.0,0.05
sweep_03411,153,DAILY_0001,5,1000.0,1.2,0.2,True,False,,,0,2,2,0.6108407343567581,0.0,1.0,0.0,0.0,16508.84948067981,16692.671141207764,False,1.0,,100.0,0.05
sweep_03412,154,DAILY_0001,5,1000.0,1.2,0.2,True,False,,,0,2,2,0.6108407343567581,0.0,1.0,0.0,0.0,16928.440090342658,16967.083124525332,False,1.0,,100.0,0.05
sweep_03413,155,DAILY_0001,5,1000.0,1.2,0.2,False,True,BEHAVIORAL_DEFAULT_SURPLUS_COLLATERAL,3.0,1,0,0,0.2295668026988248,3000.0,1.0,0.0,4489.355283685233,6224.123226178908,14601.095151964255,False,0.8,,100.0,0.05
sweep_03414,156,DAILY_0001,5,1000.0,1.2,0.2,True,False,,,0,2,2,0.6108407343567581,0.0,1.0,0.0,0.0,16822.870383115638,16979.6369298976,False,1.0,,100.0,0.05
sweep_03415,157,DAILY_0001,5,1000.0,1.2,0.2,False,True,BEHAVIORAL_DEFAULT_SURPLUS_COLLATERAL,3.0,1,0,0,0.2295668026988248,3000.0,1.0,0.0,1187.9918449124089,6313.283449869156,14649.029641981728,False,0.8,,100.0,0.05
sweep_03416,158,DAILY_0001,5,1000.0,1.2,0.2,True,False,,,0,2,2,0.6108407343567581,0.0,1.0,0.0,0.0,17327.297792749472,17155.71071945845,False,1.0,,100.0,0.05
sweep_03417,159,DAILY_0001,5,1000.0,1.2,0.2,True,False,,,0,2,2,0.6108407343567581,0.0,1.0,0.0,0.0,17547.075472215663,17376.81280531508,False,1.0,,100.0,0.05
sweep_03418,160,DAILY_0001,5,1000.0,1.2,0.2,False,True,BEHAVIORAL_DEFAULT_SURPLUS_COLLATERAL,5.0,1,3,3,0.6108407343567581,1000.0,1.0,0.0,6137.2201425833755,13559.294233579409,17278.566041297985,False,0.8,,100.0,0.05
sweep_03419,161,DAILY_0001,5,1000.0,1.2,0.2,True,False,,,0,2,2,0.6108407343567581,0.0,1.0,0.0,0.0,16722.38973114001,16817.37014462846,False,1.0,,100.0,0.05
sweep_03420,162,DAILY_0001,5,1000.0,1.2,0.2,False,True,BEHAVIORAL_DEFAULT_SURPLUS_COLLATERAL,3.0,1,0,0,0.2295668026988248,3000.0,1.0,0.0,4367.129310848016,6099.333759251945,14421.074429448292,False,0.8,,100.0,0.05
sweep_03421,163,DAILY_0001,5,1000.0,1.2,0.2,True,False,,,0,2,2,0.6108407343567581,0.0,1.0,0.0,0.0,17276.966005569957,17288.421727593028,False,1.0,,100.0,0.05
sweep_03422,164,DAILY_0001,5,1000.0,1.2,0.2,True,False,,,0,2,2,0.6108407343567581,0.0,1.0,0.0,0.0,17233.351687522765,17150.171111751257,False,1.0,,100.0,0.05
sweep_03423,165,DAILY_0001,5,1000.0,1.2,0.2,True,False,,,0,2,2,0.6108407343567581,0.0,1.0,0.0,0.0,16913.7215097475,16924.04160523926,False,1.0,,100.0,0.05
sweep_03424,166,DAILY_0001,5,1000.0,1.2,0.2,False,True,BEHAVIORAL_DEFAULT_SURPLUS_COLLATERAL,5.0,1,2,2,0.6108407343567581,1000.0,1.0,0.0,3055.15118501704,13275.843211445086,17316.817370405315,False,0.8,,100.0,0.05
sweep_03425,167,DAILY_0001,5,1000.0,1.2,0.2,True,False,,,0,2,2,0.6108407343567581,0.0,1.0,0.0,0.0,16859.790773916782,16983.907801198875,False,1.0,,100.0,0.05
sweep_03426,168,DAILY_0001,5,1000.0,1.2,0.2,False,True,BEHAVIORAL_DEFAULT_SURPLUS_COLLATERAL,5.0,1,2,2,0.6108407343567581,1000.0,1.0,0.0,6093.921332864213,12306.50352346156,16586.496000013616,False,0.8,,100.0,0.05
sweep_03427,169,DAILY_0001,5,1000.0,1.2,0.2,False,True,BEHAVIORAL_DEFAULT_SURPLUS_COLLATERAL,5.0,1,2,2,0.6108407343567581,1000.0,1.0,0.0,3042.038632686181,13383.861734067441,17227.16657007374,False,0.8,,100.0,0.05
sweep_03428,170,DAILY_0001,5,1000.0,1.2,0.2,True,False,,,0,2,2,0.6108407343567581,0.0,1.0,0.0,0.0,17232.159337492943,17068.58573031399,False,1.0,,100.0,0.05
sweep_03429,171,DAILY_0001,5,1000.0,1.2,0.2,True,False,,,0,2,2,0.6108407343567581,0.0,1.0,0.0,0.0,16487.879755940605,16701.639169865626,False,1.0,,100.0,0.05
sweep_03430,172,DAILY_0001,5,1000.0,1.2,0.2,False,True,BEHAVIORAL_DEFAULT_SURPLUS_COLLATERAL,5.0,1,2,2,0.6108407343567581,1000.0,1.0,0.0,619.696316372122,12754.088913575759,16862.56725162096,False,0.8,,100.0,0.05
sweep_03431,173,DAILY_0001,5,1000.0,1.2,0.2,True,False,,,0,2,2,0.6108407343567581,0.0,1.0,0.0,0.0,16811.936915077735,17026.69608902771,False,1.0,,100.0,0.05
sweep_03432,174,DAILY_0001,5,1000.0,1.2,0.2,True,False,,,0,2,2,0.6108407343567581,0.0,1.0,0.0,0.0,16928.24289810534,16966.433143974293,False,1.0,,100.0,0.05
sweep_03433,175,DAILY_0001,5,1000.0,1.2,0.2,True,False,,,0,2,2,0.6108407343567581,0.0,1.0,0.0,0.0,16822.84112582361,16885.152041247027,False,1.0,,100.0,0.05
sweep_03434,176,DAILY_0001,5,1000.0,1.2,0.2,True,False,,,0,2,2,0.6108407343567581,0.0,1.0,0.0,0.0,16402.90381242599,16682.513234767077,False,1.0,,100.0,0.05
sweep_03435,177,DAILY_0001,5,1000.0,1.2,0.2,False,True,BEHAVIORAL_DEFAULT_SURPLUS_COLLATERAL,2.0,1,0,0,0.0802993013430624,4000.0,1.0,0.0,2294.379071094395,3160.1909052878864,6431.5395751631295,False,0.8,,100.0,0.05
sweep_03436,178,DAILY_0001,5,1000.0,1.2,0.2,True,False,,,0,2,2,0.6108407343567581,0.0,1.0,0.0,0.0,16613.95277706074,16819.721542260857,False,1.0,,100.0,0.05
sweep_03437,179,DAILY_0001,5,1000.0,1.2,0.2,True,False,,,0,2,2,0.6108407343567581,0.0,1.0,0.0,0.0,16825.94357748756,16860.92108181226,False,1.0,,100.0,0.05
sweep_03438,180,DAILY_0001,5,1000.0,1.2,0.2,True,False,,,0,2,2,0.6108407343567581,0.0,1.0,0.0,0.0,17332.698660576734,17115.432165285732,False,1.0,,100.0,0.05
sweep_03439,181,DAILY_0001,5,1000.0,1.2,0.2,False,True,BEHAVIORAL_DEFAULT_SURPLUS_COLLATERAL,4.0,1,2,2,0.6108407343567581,2000.0,1.0,0.0,915.0091318572231,9381.7156603568,15390.127579105703,False,0.8,,100.0,0.05
sweep_03440,182,DAILY_0001,5,1000.0,1.2,0.2,False,True,BEHAVIORAL_DEFAULT_SURPLUS_COLLATERAL,4.0,1,2,2,0.6108407343567581,2000.0,1.0,0.0,865.7603229275646,9613.459796300805,15322.016251087392,False,0.8,,100.0,0.05
sweep_03441,183,DAILY_0001,5,1000.0,1.2,0.2,False,True,BEHAVIORAL_DEFAULT_SURPLUS_COLLATERAL,5.0,1,2,2,0.6108407343567581,1000.0,1.0,0.0,2567.966281172599,12517.895991903359,16743.05875145734,False,0.8,,100.0,0.05
sweep_03442,184,DAILY_0001,5,1000.0,1.2,0.2,True,False,,,0,2,2,0.6108407343567581,0.0,1.0,0.0,0.0,17226.715015370733,17307.53244803673,False,1.0,,100.0,0.05
sweep_03443,185,DAILY_0001,5,1000.0,1.2,0.2,False,True,BEHAVIORAL_DEFAULT_SURPLUS_COLLATERAL,4.0,1,2,2,0.6108407343567581,2000.0,1.0,0.0,665.4292118855451,9321.804157226868,15271.000737552533,False,0.8,,100.0,0.05
sweep_03444,186,DAILY_0001,5,1000.0,1.2,0.2,False,True,BEHAVIORAL_DEFAULT_SURPLUS_COLLATERAL,3.0,1,0,0,0.2295668026988248,3000.0,1.0,0.0,1274.2656054352128,6559.983069571281,14699.968799502902,False,0.8,,100.0,0.05
sweep_03445,187,DAILY_0001,5,1000.0,1.2,0.2,False,True,BEHAVIORAL_DEFAULT_SURPLUS_COLLATERAL,4.0,1,2,2,0.6108407343567581,2000.0,1.0,0.0,785.7413348205628,9703.856181907031,15364.229834040025,False,0.8,,100.0,0.05
sweep_03446,188,DAILY_0001,5,1000.0,1.2,0.2,False,True,BEHAVIORAL_DEFAULT_SURPLUS_COLLATERAL,5.0,1,2,2,0.6108407343567581,1000.0,1.0,0.0,3038.962884617994,13167.848974053273,17087.044497571216,False,0.8,,100.0,0.05
sweep_03447,189,DAILY_0001,5,1000.0,1.2,0.2,True,False,,,0,2,2,0.6108407343567581,0.0,1.0,0.0,0.0,17458.454152212147,17320.780624678682,False,1.0,,100.0,0.05
sweep_03448,190,DAILY_0001,5,1000.0,1.2,0.2,False,True,BEHAVIORAL_DEFAULT_SURPLUS_COLLATERAL,4.0,1,2,2,0.6108407343567581,2000.0,1.0,0.0,2881.318535849681,9384.639416814975,15212.474427985799,False,0.8,,100.0,0.05
sweep_03449,191,DAILY_0001,5,1000.0,1.2,0.2,True,False,,,0,2,2,0.6108407343567581,0.0,1.0,0.0,0.0,16741.237276910877,16823.41643117964,False,1.0,,100.0,0.05
sweep_03450,42,DAILY_0001,5,1000.0,1.2,0.2,True,False,,,0,2,2,0.6108407343567581,0.0,1.0,0.0,0.0,17143.15024973444,17032.729800555055,False,1.0,,150.0,0.05
sweep_03451,43,DAILY_0001,5,1000.0,1.2,0.2,True,False,,,0,2,2,0.6108407343567581,0.0,1.0,0.0,0.0,16683.664856290503,16838.748879682957,False,1.0,,150.0,0.05
sweep_03452,44,DAILY_0001,5,1000.0,1.2,0.2,True,False,,,0,2,2,0.6108407343567581,0.0,1.0,0.0,0.0,16963.961355801184,17125.64806853018,False,1.0,,150.0,0.05
sweep_03453,45,DAILY_0001,5,1000.0,1.2,0.2,False,True,BEHAVIORAL_DEFAULT_SURPLUS_COLLATERAL,5.0,1,2,2,0.6108407343567581,1000.0,1.0,0.0,6181.78037438809,12896.079661440042,16949.795214931888,False,0.8,,150.0,0.05
sweep_03454,46,DAILY_0001,5,1000.0,1.2,0.2,True,False,,,0,2,2,0.6108407343567581,0.0,1.0,0.0,0.0,16307.234970412434,16561.8621388285,False,1.0,,150.0,0.05
sweep_03455,47,DAILY_0001,5,1000.0,1.2,0.2,True,False,,,0,2,2,0.6108407343567581,0.0,1.0,0.0,0.0,17175.220923270765,17187.423641743597,False,1.0,,150.0,0.05
sweep_03456,48,DAILY_0001,5,1000.0,1.2,0.2,False,True,BEHAVIORAL_DEFAULT_SURPLUS_COLLATERAL,3.0,1,0,0,0.2295668026988248,3000.0,1.0,0.0,1235.641501237962,6384.596399760172,14600.995350834917,False,0.8,,150.0,0.05
sweep_03457,49,DAILY_0001,5,1000.0,1.2,0.2,True,False,,,0,2,2,0.6108407343567581,0.0,1.0,0.0,0.0,17411.6649980281,17374.26884288596,False,1.0,,150.0,0.05
sweep_03458,50,DAILY_0001,5,1000.0,1.2,0.2,True,False,,,0,2,2,0.6108407343567581,0.0,1.0,0.0,0.0,16470.071539501125,16718.76207169321,False,1.0,,150.0,0.05
sweep_03459,51,DAILY_0001,5,1000.0,1.2,0.2,True,False,,,0,2,2,0.6108407343567581,0.0,1.0,0.0,0.0,16553.917458671152,16617.09675227696,False,1.0,,150.0,0.05
sweep_03460,52,DAILY_0001,5,1000.0,1.2,0.2,False,True,BEHAVIORAL_DEFAULT_SURPLUS_COLLATERAL,5.0,1,2,2,0.6108407343567581,1000.0,1.0,0.0,6034.224732887909,13756.613367327447,17538.269857823543,False,0.8,,150.0,0.05
sweep_03461,53,DAILY_0001,5,1000.0,1.2,0.2,False,True,BEHAVIORAL_DEFAULT_SURPLUS_COLLATERAL,5.0,1,2,2,0.6108407343567581,1000.0,1.0,0.0,6114.425282243862,12961.478326267516,17100.9776534484,False,0.8,,150.0,0.05
sweep_03462,54,DAILY_0001,5,1000.0,1.2,0.2,False,True,BEHAVIORAL_DEFAULT_SURPLUS_COLLATERAL,5.0,1,2,2,0.6108407343567581,1000.0,1.0,0.0,349.18153564795807,12569.941496225256,16892.27420833778,False,0.8,,150.0,0.05
sweep_03463,55,DAILY_0001,5,1000.0,1.2,0.2,False,True,BEHAVIORAL_DEFAULT_SURPLUS_COLLATERAL,5.0,1,2,2,0.6108407343567581,1000.0,1.0,0.0,3047.4186137022757,13020.111295967612,17000.030537690593,False,0.8,,150.0,0.05
sweep_03464,56,DAILY_0001,5,1000.0,1.2,0.2,False,True,BEHAVIORAL_DEFAULT_SURPLUS_COLLATERAL,5.0,1,2,2,0.6108407343567581,1000.0,1.0,0.0,2997.1579239070866,12704.486967871519,16881.794633249938,False,0.8,,150.0,0.05
sweep_03465,57,DAILY_0001,5,1000.0,1.2,0.2,True,False,,,0,2,2,0.6108407343567581,0.0,1.0,0.0,0.0,16629.925622068513,16714.642665063653,False,1.0,,150.0,0.05
sweep_03466,58,DAILY_0001,5,1000.0,1.2,0.2,True,False,,,0,2,2,0.6108407343567581,0.0,1.0,0.0,0.0,17118.252725129587,17213.33222895274,False,1.0,,150.0,0.05
sweep_03467,59,DAILY_0001,5,1000.0,1.2,0.2,False,True,BEHAVIORAL_DEFAULT_SURPLUS_COLLATERAL,4.0,1,2,2,0.6108407343567581,2000.0,1.0,0.0,646.7959219083737,9396.14470761244,15365.710671835848,False,0.8,,150.0,0.05
sweep_03468,60,DAILY_0001,5,1000.0,1.2,0.2,True,False,,,0,2,2,0.6108407343567581,0.0,1.0,0.0,0.0,16890.892442598783,16956.543091777,False,1.0,,150.0,0.05
sweep_03469,61,DAILY_0001,5,1000.0,1.2,0.2,True,False,,,0,2,2,0.6108407343567581,0.0,1.0,0.0,0.0,17049.548692196306,17148.49701166458,False,1.0,,150.0,0.05
sweep_03470,62,DAILY_0001,5,1000.0,1.2,0.2,True,False,,,0,2,2,0.6108407343567581,0.0,1.0,0.0,0.0,16688.163188009137,16912.72359952022,False,1.0,,150.0,0.05
sweep_03471,63,DAILY_0001,5,1000.0,1.2,0.2,False,True,BEHAVIORAL_DEFAULT_SURPLUS_COLLATERAL,5.0,1,2,2,0.6108407343567581,1000.0,1.0,0.0,3019.6382810929717,12560.781626539678,16754.7122321575,False,0.8,,150.0,0.05
sweep_03472,64,DAILY_0001,5,1000.0,1.2,0.2,False,True,BEHAVIORAL_DEFAULT_SURPLUS_COLLATERAL,3.0,1,0,0,0.2295668026988248,3000.0,1.0,0.0,4369.784971764256,6151.058035452796,14453.294817582224,False,0.8,,150.0,0.05
sweep_03473,65,DAILY_0001,5,1000.0,1.2,0.2,False,True,BEHAVIORAL_DEFAULT_SURPLUS_COLLATERAL,2.0,1,0,0,0.0802993013430624,4000.0,1.0,0.0,2271.65179394199,3099.9623073224475,6406.726291286842,False,0.8,,150.0,0.05
sweep_03474,66,DAILY_0001,5,1000.0,1.2,0.2,True,False,,,0,2,2,0.6108407343567581,0.0,1.0,0.0,0.0,17056.111050431617,17072.37417578013,False,1.0,,150.0,0.05
sweep_03475,67,DAILY_0001,5,1000.0,1.2,0.2,True,False,,,0,2,2,0.6108407343567581,0.0,1.0,0.0,0.0,17358.7323024141,17208.460665431114,False,1.0,,150.0,0.05
sweep_03476,68,DAILY_0001,5,1000.0,1.2,0.2,False,True,BEHAVIORAL_DEFAULT_SURPLUS_COLLATERAL,4.0,1,2,2,0.6108407343567581,2000.0,1.0,0.0,679.0872937098229,9384.172146377827,15300.269805532143,False,0.8,,150.0,0.05
sweep_03477,69,DAILY_0001,5,1000.0,1.2,0.2,False,True,BEHAVIORAL_DEFAULT_SURPLUS_COLLATERAL,3.0,1,0,0,0.2295668026988248,3000.0,1.0,0.0,1196.5862400223195,6254.764509256824,14556.643815032123,False,0.8,,150.0,0.05
sweep_03478,70,DAILY_0001,5,1000.0,1.2,0.2,True,False,,,0,2,2,0.6108407343567581,0.0,1.0,0.0,0.0,18008.300555488746,17497.872412475826,False,1.0,,150.0,0.05
sweep_03479,71,DAILY_0001,5,1000.0,1.2,0.2,True,False,,,0,2,2,0.6108407343567581,0.0,1.0,0.0,0.0,17077.07193201092,17086.976468165565,False,1.0,,150.0,0.05
sweep_03480,72,DAILY_0001,5,1000.0,1.2,0.2,False,True,BEHAVIORAL_DEFAULT_SURPLUS_COLLATERAL,5.0,1,2,2,0.6108407343567581,1000.0,1.0,0.0,436.8820243636328,12739.57666014175,16816.313047237112,False,0.8,,150.0,0.05
sweep_03481,73,DAILY_0001,5,1000.0,1.2,0.2,True,False,,,0,2,2,0.6108407343567581,0.0,1.0,0.0,0.0,16909.5959464029,16957.591478314243,False,1.0,,150.0,0.05
sweep_03482,74,DAILY_0001,5,1000.0,1.2,0.2,False,True,BEHAVIORAL_DEFAULT_SURPLUS_COLLATERAL,3.0,1,0,0,0.2295668026988248,3000.0,1.0,0.0,4406.158889723712,6142.21535254676,14480.311264411146,False,0.8,,150.0,0.05
sweep_03483,75,DAILY_0001,5,1000.0,1.2,0.2,True,False,,,0,2,2,0.6108407343567581,0.0,1.0,0.0,0.0,16697.360309291158,16860.1800240227,False,1.0,,150.0,0.05
sweep_03484,76,DAILY_0001,5,1000.0,1.2,0.2,True,False,,,0,2,2,0.6108407343567581,0.0,1.0,0.0,0.0,16671.801168191498,16881.255719574652,False,1.0,,150.0,0.05
sweep_03485,77,DAILY_0001,5,1000.0,1.2,0.2,True,False,,,0,2,2,0.6108407343567581,0.0,1.0,0.0,0.0,16763.124564751575,16948.503784177912,False,1.0,,150.0,0.05
sweep_03486,78,DAILY_0001,5,1000.0,1.2,0.2,True,False,,,0,2,2,0.6108407343567581,0.0,1.0,0.0,0.0,16719.51222653161,16801.206278234233,False,1.0,,150.0,0.05
sweep_03487,79,DAILY_0001,5,1000.0,1.2,0.2,True,False,,,0,2,2,0.6108407343567581,0.0,1.0,0.0,0.0,16476.77247232043,16702.462385297174,False,1.0,,150.0,0.05
sweep_03488,80,DAILY_0001,5,1000.0,1.2,0.2,True,False,,,0,2,2,0.6108407343567581,0.0,1.0,0.0,0.0,16187.427798734678,16531.58526610316,False,1.0,,150.0,0.05
sweep_03489,81,DAILY_0001,5,1000.0,1.2,0.2,True,False,,,0,2,2,0.6108407343567581,0.0,1.0,0.0,0.0,17261.26216002694,17082.144654606687,False,1.0,,150.0,0.05
sweep_03490,82,DAILY_0001,5,1000.0,1.2,0.2,True,False,,,0,2,2,0.6108407343567581,0.0,1.0,0.0,0.0,17428.23657344996,17441.96702865466,False,1.0,,150.0,0.05
sweep_03491,83,DAILY_0001,5,1000.0,1.2,0.2,False,True,BEHAVIORAL_DEFAULT_SURPLUS_COLLATERAL,5.0,1,2,2,0.6108407343567581,1000.0,1.0,0.0,617.7901352214526,13023.010849409744,17018.538173305322,False,0.8,,150.0,0.05
sweep_03492,84,DAILY_0001,5,1000.0,1.2,0.2,False,True,BEHAVIORAL_DEFAULT_SURPLUS_COLLATERAL,3.0,1,0,0,0.2295668026988248,3000.0,1.0,0.0,1212.6379971880197,6504.624246924773,14805.342389115527,False,0.8,,150.0,0.05
sweep_03493,85,DAILY_0001,5,1000.0,1.2,0.2,False,True,BEHAVIORAL_DEFAULT_SURPLUS_COLLATERAL,4.0,1,2,2,0.6108407343567581,2000.0,1.0,0.0,710.2085672160065,9644.511591981416,15324.378847472362,False,0.8,,150.0,0.05
sweep_03494,86,DAILY_0001,5,1000.0,1.2,0.2,True,False,,,0,2,2,0.6108407343567581,0.0,1.0,0.0,0.0,17346.9008892341,17282.10488234656,False,1.0,,150.0,0.05
sweep_03495,87,DAILY_0001,5,1000.0,1.2,0.2,True,False,,,0,2,2,0.6108407343567581,0.0,1.0,0.0,0.0,16887.21410701461,16950.274766785988,False,1.0,,150.0,0.05
sweep_03496,88,DAILY_0001,5,1000.0,1.2,0.2,False,True,BEHAVIORAL_DEFAULT_SURPLUS_COLLATERAL,3.0,1,0,0,0.2295668026988248,3000.0,1.0,0.0,4367.001075313706,6598.059130640779,14709.016127496638,False,0.8,,150.0,0.05
sweep_03497,89,DAILY_0001,5,1000.0,1.2,0.2,True,False,,,0,2,2,0.6108407343567581,0.0,1.0,0.0,0.0,16483.760527058344,16732.1167130861,False,1.0,,150.0,0.05
sweep_03498,90,DAILY_0001,5,1000.0,1.2,0.2,False,True,BEHAVIORAL_DEFAULT_SURPLUS_COLLATERAL,4.0,1,2,2,0.6108407343567581,2000.0,1.0,0.0,2883.481681332936,9428.143344053857,15342.247630465481,False,0.8,,150.0,0.05
sweep_03499,91,DAILY_0001,5,1000.0,1.2,0.2,True,False,,,0,2,2,0.6108407343567581,0.0,1.0,0.0,0.0,16432.64453049189,16750.847723829844,False,1.0,,150.0,0.05
sweep_03500,92,DAILY_0001,5,1000.0,1.2,0.2,True,False,,,0,2,2,0.6108407343567581,0.0,1.0,0.0,0.0,16541.46983637411,16801.145913164928,False,1.0,,150.0,0.05
sweep_03501,93,DAILY_0001,5,1000.0,1.2,0.2,False,True,BEHAVIORAL_DEFAULT_SURPLUS_COLLATERAL,3.0,1,0,0,0.2295668026988248,3000.0,1.0,0.0,1241.5889000034658,7022.911645595454,15333.22953956457,False,0.8,,150.0,0.05
sweep_03502,94,DAILY_0001,5,1000.0,1.2,0.2,True,False,,,0,2,2,0.6108407343567581,0.0,1.0,0.0,0.0,16816.49136159871,16975.935209066767,False,1.0,,150.0,0.05
sweep_03503,95,DAILY_0001,5,1000.0,1.2,0.2,True,False,,,0,2,2,0.6108407343567581,0.0,1.0,0.0,0.0,17545.744689882886,17324.443817827763,False,1.0,,150.0,0.05
sweep_03504,96,DAILY_0001,5,1000.0,1.2,0.2,True,False,,,0,2,2,0.6108407343567581,0.0,1.0,0.0,0.0,17272.505142960632,17024.88725587923,False,1.0,,150.0,0.05
sweep_03505,97,DAILY_0001,5,1000.0,1.2,0.2,True,False,,,0,2,2,0.6108407343567581,0.0,1.0,0.0,0.0,17205.00493267573,17093.50664014068,False,1.0,,150.0,0.05
sweep_03506,98,DAILY_0001,5,1000.0,1.2,0.2,True,False,,,0,2,2,0.6108407343567581,0.0,1.0,0.0,0.0,17117.740576801672,17182.077105833392,False,1.0,,150.0,0.05
sweep_03507,99,DAILY_0001,5,1000.0,1.2,0.2,False,True,BEHAVIORAL_DEFAULT_SURPLUS_COLLATERAL,4.0,1,2,2,0.6108407343567581,2000.0,1.0,0.0,2882.4144250444815,9546.407766635395,15346.371206522177,False,0.8,,150.0,0.05
sweep_03508,100,DAILY_0001,5,1000.0,1.2,0.2,True,False,,,0,2,2,0.6108407343567581,0.0,1.0,0.0,0.0,17296.288473944063,17283.836221847512,False,1.0,,150.0,0.05
sweep_03509,101,DAILY_0001,5,1000.0,1.2,0.2,False,True,BEHAVIORAL_DEFAULT_SURPLUS_COLLATERAL,5.0,1,2,2,0.6108407343567581,1000.0,1.0,0.0,2739.9253951251717,13094.897102232273,17171.440686040485,False,0.8,,150.0,0.05
sweep_03510,102,DAILY_0001,5,1000.0,1.2,0.2,False,True,BEHAVIORAL_DEFAULT_SURPLUS_COLLATERAL,5.0,1,2,2,0.6108407343567581,1000.0,1.0,0.0,6255.745181004724,13315.718463742422,17383.393141339468,False,0.8,,150.0,0.05
sweep_03511,103,DAILY_0001,5,1000.0,1.2,0.2,False,True,BEHAVIORAL_DEFAULT_SURPLUS_COLLATERAL,4.0,1,2,2,0.6108407343567581,2000.0,1.0,0.0,894.9235242573968,9410.055771571677,15305.53445072177,False,0.8,,150.0,0.05
sweep_03512,104,DAILY_0001,5,1000.0,1.2,0.2,True,False,,,0,2,2,0.6108407343567581,0.0,1.0,0.0,0.0,16965.565545296653,16925.256199532814,False,1.0,,150.0,0.05
sweep_03513,105,DAILY_0001,5,1000.0,1.2,0.2,False,True,BEHAVIORAL_DEFAULT_SURPLUS_COLLATERAL,4.0,1,2,2,0.6108407343567581,2000.0,1.0,0.0,2886.0437218783372,10112.068977480729,15526.254629239902,False,0.8,,150.0,0.05
sweep_03514,106,DAILY_0001,5,1000.0,1.2,0.2,False,True,BEHAVIORAL_DEFAULT_SURPLUS_COLLATERAL,5.0,1,2,2,0.6108407343567581,1000.0,1.0,0.0,712.5387657951401,13317.118454353504,17189.08283617599,False,0.8,,150.0,0.05
sweep_03515,107,DAILY_0001,5,1000.0,1.2,0.2,False,True,BEHAVIORAL_DEFAULT_SURPLUS_COLLATERAL,4.0,1,2,2,0.6108407343567581,2000.0,1.0,0.0,903.8740894767902,9504.711727327722,15226.113267584138,False,0.8,,150.0,0.05
sweep_03516,108,DAILY_0001,5,1000.0,1.2,0.2,False,True,BEHAVIORAL_DEFAULT_SURPLUS_COLLATERAL,4.0,1,2,2,0.6108407343567581,2000.0,1.0,0.0,2884.218607491165,9229.632260373746,15298.829272770101,False,0.8,,150.0,0.05
sweep_03517,109,DAILY_0001,5,1000.0,1.2,0.2,True,False,,,0,2,2,0.6108407343567581,0.0,1.0,0.0,0.0,17097.560018571552,17097.762450830483,False,1.0,,150.0,0.05
sweep_03518,110,DAILY_0001,5,1000.0,1.2,0.2,True,False,,,0,2,2,0.6108407343567581,0.0,1.0,0.0,0.0,17252.145983174083,17288.6910193577,False,1.0,,150.0,0.05
sweep_03519,111,DAILY_0001,5,1000.0,1.2,0.2,False,True,BEHAVIORAL_DEFAULT_SURPLUS_COLLATERAL,5.0,1,2,2,0.6108407343567581,1000.0,1.0,0.0,2630.880620208777,13005.811951455453,16955.07533103315,False,0.8,,150.0,0.05
sweep_03520,112,DAILY_0001,5,1000.0,1.2,0.2,True,False,,,0,2,2,0.6108407343567581,0.0,1.0,0.0,0.0,16909.07625773677,17006.868775293846,False,1.0,,150.0,0.05
sweep_03521,113,DAILY_0001,5,1000.0,1.2,0.2,False,True,BEHAVIORAL_DEFAULT_SURPLUS_COLLATERAL,3.0,1,0,0,0.2295668026988248,3000.0,1.0,0.0,1268.9003193465414,6623.312533026473,14789.07342079733,False,0.8,,150.0,0.05
sweep_03522,114,DAILY_0001,5,1000.0,1.2,0.2,False,True,BEHAVIORAL_DEFAULT_SURPLUS_COLLATERAL,3.0,1,0,0,0.2295668026988248,3000.0,1.0,0.0,1182.1284977143878,6121.454939968626,14440.240064439826,False,0.8,,150.0,0.05
sweep_03523,115,DAILY_0001,5,1000.0,1.2,0.2,True,False,,,0,2,2,0.6108407343567581,0.0,1.0,0.0,0.0,16756.555719327873,16717.28454156665,False,1.0,,150.0,0.05
sweep_03524,116,DAILY_0001,5,1000.0,1.2,0.2,False,True,BEHAVIORAL_DEFAULT_SURPLUS_COLLATERAL,3.0,1,0,0,0.2295668026988248,3000.0,1.0,0.0,4538.291052828456,6397.070943819939,14744.20458488959,False,0.8,,150.0,0.05
sweep_03525,117,DAILY_0001,5,1000.0,1.2,0.2,False,True,BEHAVIORAL_DEFAULT_SURPLUS_COLLATERAL,2.0,1,0,0,0.0802993013430624,4000.0,1.0,0.0,2305.417900119258,3189.4444401873525,6443.591595139784,False,0.8,,150.0,0.05
sweep_03526,118,DAILY_0001,5,1000.0,1.2,0.2,True,False,,,0,2,2,0.6108407343567581,0.0,1.0,0.0,0.0,16908.748437966286,17053.91605921369,False,1.0,,150.0,0.05
sweep_03527,119,DAILY_0001,5,1000.0,1.2,0.2,True,False,,,0,2,2,0.6108407343567581,0.0,1.0,0.0,0.0,16730.031620694273,16994.808718815846,False,1.0,,150.0,0.05
sweep_03528,120,DAILY_0001,5,1000.0,1.2,0.2,True,False,,,0,2,2,0.6108407343567581,0.0,1.0,0.0,0.0,17299.20314416707,17404.765682331752,False,1.0,,150.0,0.05
sweep_03529,121,DAILY_0001,5,1000.0,1.2,0.2,False,True,BEHAVIORAL_DEFAULT_SURPLUS_COLLATERAL,4.0,1,2,2,0.6108407343567581,2000.0,1.0,0.0,2882.41885589483,9287.607451281923,15232.349538373579,False,0.8,,150.0,0.05
sweep_03530,122,DAILY_0001,5,1000.0,1.2,0.2,True,False,,,0,2,2,0.6108407343567581,0.0,1.0,0.0,0.0,16786.425779314144,17013.307482046657,False,1.0,,150.0,0.05
sweep_03531,123,DAILY_0001,5,1000.0,1.2,0.2,False,True,BEHAVIORAL_DEFAULT_SURPLUS_COLLATERAL,4.0,1,2,2,0.6108407343567581,2000.0,1.0,0.0,2884.2560237744283,10213.097259473365,15551.942655202063,False,0.8,,150.0,0.05
sweep_03532,124,DAILY_0001,5,1000.0,1.2,0.2,True,False,,,0,2,2,0.6108407343567581,0.0,1.0,0.0,0.0,17378.096470344266,17256.998418243114,False,1.0,,150.0,0.05
sweep_03533,125,DAILY_0001,5,1000.0,1.2,0.2,True,False,,,0,2,2,0.6108407343567581,0.0,1.0,0.0,0.0,17222.14785778652,17195.0973245432,False,1.0,,150.0,0.05
sweep_03534,126,DAILY_0001,5,1000.0,1.2,0.2,False,True,BEHAVIORAL_DEFAULT_SURPLUS_COLLATERAL,3.0,1,0,0,0.2295668026988248,3000.0,1.0,0.0,4613.344721043948,6608.331218475114,14932.50883783532,False,0.8,,150.0,0.05
sweep_03535,127,DAILY_0001,5,1000.0,1.2,0.2,True,False,,,0,2,2,0.6108407343567581,0.0,1.0,0.0,0.0,17068.994068195138,17099.65641933077,False,1.0,,150.0,0.05
sweep_03536,128,DAILY_0001,5,1000.0,1.2,0.2,True,False,,,0,3,3,0.6108407343567581,0.0,1.0,0.0,0.0,17380.160876094935,17134.599071383287,False,1.0,,150.0,0.05
sweep_03537,129,DAILY_0001,5,1000.0,1.2,0.2,True,False,,,0,2,2,0.6108407343567581,0.0,1.0,0.0,0.0,16680.988802965425,16823.64993892429,False,1.0,,150.0,0.05
sweep_03538,130,DAILY_0001,5,1000.0,1.2,0.2,False,True,BEHAVIORAL_DEFAULT_SURPLUS_COLLATERAL,5.0,1,2,2,0.6108407343567581,1000.0,1.0,0.0,3044.2566735501623,12730.738840773127,16846.19029928093,False,0.8,,150.0,0.05
sweep_03539,131,DAILY_0001,5,1000.0,1.2,0.2,False,True,BEHAVIORAL_DEFAULT_SURPLUS_COLLATERAL,4.0,1,2,2,0.6108407343567581,2000.0,1.0,0.0,2883.3257356226777,9894.940183776958,15391.790861082665,False,0.8,,150.0,0.05
sweep_03540,132,DAILY_0001,5,1000.0,1.2,0.2,False,True,BEHAVIORAL_DEFAULT_SURPLUS_COLLATERAL,4.0,1,2,2,0.6108407343567581,2000.0,1.0,0.0,681.3401777794334,9452.061028387478,15259.931504470576,False,0.8,,150.0,0.05
sweep_03541,133,DAILY_0001,5,1000.0,1.2,0.2,False,True,BEHAVIORAL_DEFAULT_SURPLUS_COLLATERAL,2.0,1,0,0,0.0802993013430624,4000.0,1.0,0.0,2252.721305448671,3049.7954187370806,6386.058281575356,False,0.8,,150.0,0.05
sweep_03542,134,DAILY_0001,5,1000.0,1.2,0.2,False,True,BEHAVIORAL_DEFAULT_SURPLUS_COLLATERAL,3.0,1,0,0,0.2295668026988248,3000.0,1.0,0.0,1257.9450455557926,6618.547990000483,14813.759202261142,False,0.8,,150.0,0.05
sweep_03543,135,DAILY_0001,5,1000.0,1.2,0.2,True,False,,,0,2,2,0.6108407343567581,0.0,1.0,0.0,0.0,17308.180105341366,17205.460987765262,False,1.0,,150.0,0.05
sweep_03544,136,DAILY_0001,5,1000.0,1.2,0.2,False,True,BEHAVIORAL_DEFAULT_SURPLUS_COLLATERAL,5.0,1,2,2,0.6108407343567581,1000.0,1.0,0.0,2700.5247367421825,12439.168673732074,16736.797445591143,False,0.8,,150.0,0.05
sweep_03545,137,DAILY_0001,5,1000.0,1.2,0.2,False,True,BEHAVIORAL_DEFAULT_SURPLUS_COLLATERAL,4.0,1,2,2,0.6108407343567581,2000.0,1.0,0.0,805.3148455200367,9538.559186760156,15348.96499210765,False,0.8,,150.0,0.05
sweep_03546,138,DAILY_0001,5,1000.0,1.2,0.2,False,True,BEHAVIORAL_DEFAULT_SURPLUS_COLLATERAL,5.0,1,2,2,0.6108407343567581,1000.0,1.0,0.0,377.0211826880625,12533.99100881035,16778.477751420334,False,0.8,,150.0,0.05
sweep_03547,139,DAILY_0001,5,1000.0,1.2,0.2,False,True,BEHAVIORAL_DEFAULT_SURPLUS_COLLATERAL,2.0,1,0,0,0.0802993013430624,4000.0,1.0,0.0,2275.8715895380265,3111.145009532911,6411.3333977748825,False,0.8,,150.0,0.05
sweep_03548,140,DAILY_0001,5,1000.0,1.2,0.2,False,True,BEHAVIORAL_DEFAULT_SURPLUS_COLLATERAL,2.0,1,0,0,0.0802993013430624,4000.0,1.0,0.0,2294.8641523815677,3161.476398733924,6432.069179286007,False,0.8,,150.0,0.05
sweep_03549,141,DAILY_0001,5,1000.0,1.2,0.2,True,False,,,0,2,2,0.6108407343567581,0.0,1.0,0.0,0.0,17185.12705013151,17112.227601984963,False,1.0,,150.0,0.05
sweep_03550,142,DAILY_0001,5,1000.0,1.2,0.2,False,True,BEHAVIORAL_DEFAULT_SURPLUS_COLLATERAL,2.0,1,0,0,0.0802993013430624,4000.0,1.0,0.0,2296.690333763904,3166.3158849403544,6434.062975407982,False,0.8,,150.0,0.05
sweep_03551,143,DAILY_0001,5,1000.0,1.2,0.2,True,False,,,0,2,2,0.6108407343567581,0.0,1.0,0.0,0.0,16445.290904199723,16731.87231399124,False,1.0,,150.0,0.05
sweep_03552,144,DAILY_0001,5,1000.0,1.2,0.2,True,False,,,0,2,2,0.6108407343567581,0.0,1.0,0.0,0.0,17343.411988435073,17319.34245859309,False,1.0,,150.0,0.05
sweep_03553,145,DAILY_0001,5,1000.0,1.2,0.2,True,False,,,0,2,2,0.6108407343567581,0.0,1.0,0.0,0.0,17193.72751399906,17257.33604850876,False,1.0,,150.0,0.05
sweep_03554,146,DAILY_0001,5,1000.0,1.2,0.2,True,False,,,0,2,2,0.6108407343567581,0.0,1.0,0.0,0.0,16193.924104929843,16555.834346564643,False,1.0,,150.0,0.05
sweep_03555,147,DAILY_0001,5,1000.0,1.2,0.2,False,True,BEHAVIORAL_DEFAULT_SURPLUS_COLLATERAL,4.0,1,2,2,0.6108407343567581,2000.0,1.0,0.0,741.5009273685491,9889.107754331599,15397.791728796426,False,0.8,,150.0,0.05
sweep_03556,148,DAILY_0001,5,1000.0,1.2,0.2,True,False,,,0,2,2,0.6108407343567581,0.0,1.0,0.0,0.0,17096.666287603017,17199.175115781414,False,1.0,,150.0,0.05
sweep_03557,149,DAILY_0001,5,1000.0,1.2,0.2,False,True,BEHAVIORAL_DEFAULT_SURPLUS_COLLATERAL,4.0,1,2,2,0.6108407343567581,2000.0,1.0,0.0,645.7046986663472,9814.02173860668,15525.827345411273,False,0.8,,150.0,0.05
sweep_03558,150,DAILY_0001,5,1000.0,1.2,0.2,True,False,,,0,2,2,0.6108407343567581,0.0,1.0,0.0,0.0,16546.279710931314,16793.046531141583,False,1.0,,150.0,0.05
sweep_03559,151,DAILY_0001,5,1000.0,1.2,0.2,False,True,BEHAVIORAL_DEFAULT_SURPLUS_COLLATERAL,5.0,1,2,2,0.6108407343567581,1000.0,1.0,0.0,2896.129266770264,13335.570209326292,17296.10550255475,False,0.8,,150.0,0.05
sweep_03560,152,DAILY_0001,5,1000.0,1.2,0.2,True,False,,,0,2,2,0.6108407343567581,0.0,1.0,0.0,0.0,17093.36930493184,17178.696176304624,False,1.0,,150.0,0.05
sweep_03561,153,DAILY_0001,5,1000.0,1.2,0.2,True,False,,,0,2,2,0.6108407343567581,0.0,1.0,0.0,0.0,16508.84948067981,16692.671141207764,False,1.0,,150.0,0.05
sweep_03562,154,DAILY_0001,5,1000.0,1.2,0.2,True,False,,,0,2,2,0.6108407343567581,0.0,1.0,0.0,0.0,16928.440090342658,16967.083124525332,False,1.0,,150.0,0.05
sweep_03563,155,DAILY_0001,5,1000.0,1.2,0.2,False,True,BEHAVIORAL_DEFAULT_SURPLUS_COLLATERAL,3.0,1,0,0,0.2295668026988248,3000.0,1.0,0.0,4489.355283685233,6224.123226178908,14601.095151964255,False,0.8,,150.0,0.05
sweep_03564,156,DAILY_0001,5,1000.0,1.2,0.2,True,False,,,0,2,2,0.6108407343567581,0.0,1.0,0.0,0.0,16822.870383115638,16979.6369298976,False,1.0,,150.0,0.05
sweep_03565,157,DAILY_0001,5,1000.0,1.2,0.2,False,True,BEHAVIORAL_DEFAULT_SURPLUS_COLLATERAL,3.0,1,0,0,0.2295668026988248,3000.0,1.0,0.0,1187.9918449124089,6313.283449869156,14649.029641981728,False,0.8,,150.0,0.05
sweep_03566,158,DAILY_0001,5,1000.0,1.2,0.2,True,False,,,0,2,2,0.6108407343567581,0.0,1.0,0.0,0.0,17327.297792749472,17155.71071945845,False,1.0,,150.0,0.05
sweep_03567,159,DAILY_0001,5,1000.0,1.2,0.2,True,False,,,0,2,2,0.6108407343567581,0.0,1.0,0.0,0.0,17547.075472215663,17376.81280531508,False,1.0,,150.0,0.05
sweep_03568,160,DAILY_0001,5,1000.0,1.2,0.2,False,True,BEHAVIORAL_DEFAULT_SURPLUS_COLLATERAL,5.0,1,3,3,0.6108407343567581,1000.0,1.0,0.0,6137.2201425833755,13559.294233579409,17278.566041297985,False,0.8,,150.0,0.05
sweep_03569,161,DAILY_0001,5,1000.0,1.2,0.2,True,False,,,0,2,2,0.6108407343567581,0.0,1.0,0.0,0.0,16722.38973114001,16817.37014462846,False,1.0,,150.0,0.05
sweep_03570,162,DAILY_0001,5,1000.0,1.2,0.2,False,True,BEHAVIORAL_DEFAULT_SURPLUS_COLLATERAL,3.0,1,0,0,0.2295668026988248,3000.0,1.0,0.0,4367.129310848016,6099.333759251945,14421.074429448292,False,0.8,,150.0,0.05
sweep_03571,163,DAILY_0001,5,1000.0,1.2,0.2,True,False,,,0,2,2,0.6108407343567581,0.0,1.0,0.0,0.0,17276.966005569957,17288.421727593028,False,1.0,,150.0,0.05
sweep_03572,164,DAILY_0001,5,1000.0,1.2,0.2,True,False,,,0,2,2,0.6108407343567581,0.0,1.0,0.0,0.0,17233.351687522765,17150.171111751257,False,1.0,,150.0,0.05
sweep_03573,165,DAILY_0001,5,1000.0,1.2,0.2,True,False,,,0,2,2,0.6108407343567581,0.0,1.0,0.0,0.0,16913.7215097475,16924.04160523926,False,1.0,,150.0,0.05
sweep_03574,166,DAILY_0001,5,1000.0,1.2,0.2,False,True,BEHAVIORAL_DEFAULT_SURPLUS_COLLATERAL,5.0,1,2,2,0.6108407343567581,1000.0,1.0,0.0,3055.15118501704,13275.843211445086,17316.817370405315,False,0.8,,150.0,0.05
sweep_03575,167,DAILY_0001,5,1000.0,1.2,0.2,True,False,,,0,2,2,0.6108407343567581,0.0,1.0,0.0,0.0,16859.790773916782,16983.907801198875,False,1.0,,150.0,0.05
sweep_03576,168,DAILY_0001,5,1000.0,1.2,0.2,False,True,BEHAVIORAL_DEFAULT_SURPLUS_COLLATERAL,5.0,1,2,2,0.6108407343567581,1000.0,1.0,0.0,6093.921332864213,12306.50352346156,16586.496000013616,False,0.8,,150.0,0.05
sweep_03577,169,DAILY_0001,5,1000.0,1.2,0.2,False,True,BEHAVIORAL_DEFAULT_SURPLUS_COLLATERAL,5.0,1,2,2,0.6108407343567581,1000.0,1.0,0.0,3042.038632686181,13383.861734067441,17227.16657007374,False,0.8,,150.0,0.05
sweep_03578,170,DAILY_0001,5,1000.0,1.2,0.2,True,False,,,0,2,2,0.6108407343567581,0.0,1.0,0.0,0.0,17232.159337492943,17068.58573031399,False,1.0,,150.0,0.05
sweep_03579,171,DAILY_0001,5,1000.0,1.2,0.2,True,False,,,0,2,2,0.6108407343567581,0.0,1.0,0.0,0.0,16487.879755940605,16701.639169865626,False,1.0,,150.0,0.05
sweep_03580,172,DAILY_0001,5,1000.0,1.2,0.2,False,True,BEHAVIORAL_DEFAULT_SURPLUS_COLLATERAL,5.0,1,2,2,0.6108407343567581,1000.0,1.0,0.0,619.696316372122,12754.088913575759,16862.56725162096,False,0.8,,150.0,0.05
sweep_03581,173,DAILY_0001,5,1000.0,1.2,0.2,True,False,,,0,2,2,0.6108407343567581,0.0,1.0,0.0,0.0,16811.936915077735,17026.69608902771,False,1.0,,150.0,0.05
sweep_03582,174,DAILY_0001,5,1000.0,1.2,0.2,True,False,,,0,2,2,0.6108407343567581,0.0,1.0,0.0,0.0,16928.24289810534,16966.433143974293,False,1.0,,150.0,0.05
sweep_03583,175,DAILY_0001,5,1000.0,1.2,0.2,True,False,,,0,2,2,0.6108407343567581,0.0,1.0,0.0,0.0,16822.84112582361,16885.152041247027,False,1.0,,150.0,0.05
sweep_03584,176,DAILY_0001,5,1000.0,1.2,0.2,True,False,,,0,2,2,0.6108407343567581,0.0,1.0,0.0,0.0,16402.90381242599,16682.513234767077,False,1.0,,150.0,0.05
sweep_03585,177,DAILY_0001,5,1000.0,1.2,0.2,False,True,BEHAVIORAL_DEFAULT_SURPLUS_COLLATERAL,2.0,1,0,0,0.0802993013430624,4000.0,1.0,0.0,2294.379071094395,3160.1909052878864,6431.5395751631295,False,0.8,,150.0,0.05
sweep_03586,178,DAILY_0001,5,1000.0,1.2,0.2,True,False,,,0,2,2,0.6108407343567581,0.0,1.0,0.0,0.0,16613.95277706074,16819.721542260857,False,1.0,,150.0,0.05
sweep_03587,179,DAILY_0001,5,1000.0,1.2,0.2,True,False,,,0,2,2,0.6108407343567581,0.0,1.0,0.0,0.0,16825.94357748756,16860.92108181226,False,1.0,,150.0,0.05
sweep_03588,180,DAILY_0001,5,1000.0,1.2,0.2,True,False,,,0,2,2,0.6108407343567581,0.0,1.0,0.0,0.0,17332.698660576734,17115.432165285732,False,1.0,,150.0,0.05
sweep_03589,181,DAILY_0001,5,1000.0,1.2,0.2,False,True,BEHAVIORAL_DEFAULT_SURPLUS_COLLATERAL,4.0,1,2,2,0.6108407343567581,2000.0,1.0,0.0,915.0091318572231,9381.7156603568,15390.127579105703,False,0.8,,150.0,0.05
sweep_03590,182,DAILY_0001,5,1000.0,1.2,0.2,False,True,BEHAVIORAL_DEFAULT_SURPLUS_COLLATERAL,4.0,1,2,2,0.6108407343567581,2000.0,1.0,0.0,865.7603229275646,9613.459796300805,15322.016251087392,False,0.8,,150.0,0.05
sweep_03591,183,DAILY_0001,5,1000.0,1.2,0.2,False,True,BEHAVIORAL_DEFAULT_SURPLUS_COLLATERAL,5.0,1,2,2,0.6108407343567581,1000.0,1.0,0.0,2567.966281172599,12517.895991903359,16743.05875145734,False,0.8,,150.0,0.05
sweep_03592,184,DAILY_0001,5,1000.0,1.2,0.2,True,False,,,0,2,2,0.6108407343567581,0.0,1.0,0.0,0.0,17226.715015370733,17307.53244803673,False,1.0,,150.0,0.05
sweep_03593,185,DAILY_0001,5,1000.0,1.2,0.2,False,True,BEHAVIORAL_DEFAULT_SURPLUS_COLLATERAL,4.0,1,2,2,0.6108407343567581,2000.0,1.0,0.0,665.4292118855451,9321.804157226868,15271.000737552533,False,0.8,,150.0,0.05
sweep_03594,186,DAILY_0001,5,1000.0,1.2,0.2,False,True,BEHAVIORAL_DEFAULT_SURPLUS_COLLATERAL,3.0,1,0,0,0.2295668026988248,3000.0,1.0,0.0,1274.2656054352128,6559.983069571281,14699.968799502902,False,0.8,,150.0,0.05
sweep_03595,187,DAILY_0001,5,1000.0,1.2,0.2,False,True,BEHAVIORAL_DEFAULT_SURPLUS_COLLATERAL,4.0,1,2,2,0.6108407343567581,2000.0,1.0,0.0,785.7413348205628,9703.856181907031,15364.229834040025,False,0.8,,150.0,0.05
sweep_03596,188,DAILY_0001,5,1000.0,1.2,0.2,False,True,BEHAVIORAL_DEFAULT_SURPLUS_COLLATERAL,5.0,1,2,2,0.6108407343567581,1000.0,1.0,0.0,3038.962884617994,13167.848974053273,17087.044497571216,False,0.8,,150.0,0.05
sweep_03597,189,DAILY_0001,5,1000.0,1.2,0.2,True,False,,,0,2,2,0.6108407343567581,0.0,1.0,0.0,0.0,17458.454152212147,17320.780624678682,False,1.0,,150.0,0.05
sweep_03598,190,DAILY_0001,5,1000.0,1.2,0.2,False,True,BEHAVIORAL_DEFAULT_SURPLUS_COLLATERAL,4.0,1,2,2,0.6108407343567581,2000.0,1.0,0.0,2881.318535849681,9384.639416814975,15212.474427985799,False,0.8,,150.0,0.05
sweep_03599,191,DAILY_0001,5,1000.0,1.2,0.2,True,False,,,0,2,2,0.6108407343567581,0.0,1.0,0.0,0.0,16741.237276910877,16823.41643117964,False,1.0,,150.0,0.05
sweep_03600,42,DAILY_0001,5,1000.0,1.3,0.2,True,False,,,0,2,2,0.6108407343567581,0.0,1.0,0.0,0.0,17143.15024973444,18600.76974925041,False,1.0,,50.0,0.05
sweep_03601,43,DAILY_0001,5,1000.0,1.3,0.2,True,False,,,0,2,2,0.6108407343567581,0.0,1.0,0.0,0.0,16683.664856290503,18406.788828378307,False,1.0,,50.0,0.05
sweep_03602,44,DAILY_0001,5,1000.0,1.3,0.2,True,False,,,0,2,2,0.6108407343567581,0.0,1.0,0.0,0.0,16963.961355801184,18693.688017225537,False,1.0,,50.0,0.05
sweep_03603,45,DAILY_0001,5,1000.0,1.3,0.2,False,True,BEHAVIORAL_DEFAULT_SURPLUS_COLLATERAL,5.0,1,2,2,0.6108407343567581,1000.0,1.0,0.0,6816.639314408434,12896.079661440042,18517.835163627242,False,0.8,,50.0,0.05
sweep_03604,46,DAILY_0001,5,1000.0,1.3,0.2,True,False,,,0,2,2,0.6108407343567581,0.0,1.0,0.0,0.0,16307.234970412434,18129.902087523857,False,1.0,,50.0,0.05
sweep_03605,47,DAILY_0001,5,1000.0,1.3,0.2,True,False,,,0,2,2,0.6108407343567581,0.0,1.0,0.0,0.0,17175.220923270765,18755.46359043895,False,1.0,,50.0,0.05
sweep_03606,48,DAILY_0001,5,1000.0,1.3,0.2,False,True,BEHAVIORAL_DEFAULT_SURPLUS_COLLATERAL,3.0,1,0,0,0.2295668026988248,3000.0,1.0,0.0,1600.2680351932668,6384.596399760172,15943.423402718725,False,0.8,,50.0,0.05
sweep_03607,49,DAILY_0001,5,1000.0,1.3,0.2,True,False,,,0,2,2,0.6108407343567581,0.0,1.0,0.0,0.0,17411.6649980281,18942.308791581312,False,1.0,,50.0,0.05
sweep_03608,50,DAILY_0001,5,1000.0,1.3,0.2,True,False,,,0,2,2,0.6108407343567581,0.0,1.0,0.0,0.0,16470.071539501125,18286.80202038856,False,1.0,,50.0,0.05
sweep_03609,51,DAILY_0001,5,1000.0,1.3,0.2,True,False,,,0,2,2,0.6108407343567581,0.0,1.0,0.0,0.0,16553.917458671152,18185.136700972314,False,1.0,,50.0,0.05
sweep_03610,52,DAILY_0001,5,1000.0,1.3,0.2,False,True,BEHAVIORAL_DEFAULT_SURPLUS_COLLATERAL,5.0,1,2,2,0.6108407343567581,1000.0,1.0,0.0,6669.083672908254,13756.613367327447,19106.309806518897,False,0.8,,50.0,0.05
sweep_03611,53,DAILY_0001,5,1000.0,1.3,0.2,False,True,BEHAVIORAL_DEFAULT_SURPLUS_COLLATERAL,5.0,1,2,2,0.6108407343567581,1000.0,1.0,0.0,6749.2842222642075,12961.478326267516,18669.017602143755,False,0.8,,50.0,0.05
sweep_03612,54,DAILY_0001,5,1000.0,1.3,0.2,False,True,BEHAVIORAL_DEFAULT_SURPLUS_COLLATERAL,5.0,1,2,2,0.6108407343567581,1000.0,1.0,0.0,504.5797749547555,12569.941496225256,18460.314157033135,False,0.8,,50.0,0.05
sweep_03613,55,DAILY_0001,5,1000.0,1.3,0.2,False,True,BEHAVIORAL_DEFAULT_SURPLUS_COLLATERAL,5.0,1,2,2,0.6108407343567581,1000.0,1.0,0.0,3393.1144171242695,13020.111295967612,18568.07048638595,False,0.8,,50.0,0.05
sweep_03614,56,DAILY_0001,5,1000.0,1.3,0.2,False,True,BEHAVIORAL_DEFAULT_SURPLUS_COLLATERAL,5.0,1,2,2,0.6108407343567581,1000.0,1.0,0.0,3342.8537273290804,12704.486967871519,18449.834581945295,False,0.8,,50.0,0.05
sweep_03615,57,DAILY_0001,5,1000.0,1.3,0.2,True,False,,,0,2,2,0.6108407343567581,0.0,1.0,0.0,0.0,16629.925622068513,18282.682613759007,False,1.0,,50.0,0.05
sweep_03616,58,DAILY_0001,5,1000.0,1.3,0.2,True,False,,,0,2,2,0.6108407343567581,0.0,1.0,0.0,0.0,17118.252725129587,18781.37217764809,False,1.0,,50.0,0.05
sweep_03617,59,DAILY_0001,5,1000.0,1.3,0.2,False,True,BEHAVIORAL_DEFAULT_SURPLUS_COLLATERAL,4.0,1,2,2,0.6108407343567581,2000.0,1.0,0.0,881.288363137875,9396.14470761244,16738.367010741105,False,0.8,,50.0,0.05
sweep_03618,60,DAILY_0001,5,1000.0,1.3,0.2,True,False,,,0,2,2,0.6108407343567581,0.0,1.0,0.0,0.0,16890.892442598783,18524.583040472353,False,1.0,,50.0,0.05
sweep_03619,61,DAILY_0001,5,1000.0,1.3,0.2,True,False,,,0,2,2,0.6108407343567581,0.0,1.0,0.0,0.0,17049.548692196306,18716.536960359936,False,1.0,,50.0,0.05
sweep_03620,62,DAILY_0001,5,1000.0,1.3,0.2,True,False,,,0,2,2,0.6108407343567581,0.0,1.0,0.0,0.0,16688.163188009137,18480.763548215575,False,1.0,,50.0,0.05
sweep_03621,63,DAILY_0001,5,1000.0,1.3,0.2,False,True,BEHAVIORAL_DEFAULT_SURPLUS_COLLATERAL,5.0,1,2,2,0.6108407343567581,1000.0,1.0,0.0,3365.334084514965,12560.781626539678,18322.752180852855,False,0.8,,50.0,0.05
sweep_03622,64,DAILY_0001,5,1000.0,1.3,0.2,False,True,BEHAVIORAL_DEFAULT_SURPLUS_COLLATERAL,3.0,1,0,0,0.2295668026988248,3000.0,1.0,0.0,5039.40957396858,6151.058035452796,15795.72286946603,False,0.8,,50.0,0.05
sweep_03623,65,DAILY_0001,5,1000.0,1.3,0.2,False,True,BEHAVIORAL_DEFAULT_SURPLUS_COLLATERAL,2.0,1,0,0,0.0802993013430624,4000.0,1.0,0.0,2822.591898278779,3099.9623073224475,6971.5203241184,False,0.8,,50.0,0.05
sweep_03624,66,DAILY_0001,5,1000.0,1.3,0.2,True,False,,,0,2,2,0.6108407343567581,0.0,1.0,0.0,0.0,17056.111050431617,18640.414124475483,False,1.0,,50.0,0.05
sweep_03625,67,DAILY_0001,5,1000.0,1.3,0.2,True,False,,,0,2,2,0.6108407343567581,0.0,1.0,0.0,0.0,17358.7323024141,18776.500614126468,False,1.0,,50.0,0.05
sweep_03626,68,DAILY_0001,5,1000.0,1.3,0.2,False,True,BEHAVIORAL_DEFAULT_SURPLUS_COLLATERAL,4.0,1,2,2,0.6108407343567581,2000.0,1.0,0.0,913.5797349393247,9384.172146377827,16672.926144437395,False,0.8,,50.0,0.05
sweep_03627,69,DAILY_0001,5,1000.0,1.3,0.2,False,True,BEHAVIORAL_DEFAULT_SURPLUS_COLLATERAL,3.0,1,0,0,0.2295668026988248,3000.0,1.0,0.0,1561.2127739776242,6254.764509256824,15899.071866915932,False,0.8,,50.0,0.05
sweep_03628,70,DAILY_0001,5,1000.0,1.3,0.2,True,False,,,0,2,2,0.6108407343567581,0.0,1.0,0.0,0.0,18008.300555488746,19065.912361171177,False,1.0,,50.0,0.05
sweep_03629,71,DAILY_0001,5,1000.0,1.3,0.2,True,False,,,0,2,2,0.6108407343567581,0.0,1.0,0.0,0.0,17077.07193201092,18655.01641686092,False,1.0,,50.0,0.05
sweep_03630,72,DAILY_0001,5,1000.0,1.3,0.2,False,True,BEHAVIORAL_DEFAULT_SURPLUS_COLLATERAL,5.0,1,2,2,0.6108407343567581,1000.0,1.0,0.0,592.28026367043,12739.57666014175,18384.352995932466,False,0.8,,50.0,0.05
sweep_03631,73,DAILY_0001,5,1000.0,1.3,0.2,True,False,,,0,2,2,0.6108407343567581,0.0,1.0,0.0,0.0,16909.5959464029,18525.6314270096,False,1.0,,50.0,0.05
sweep_03632,74,DAILY_0001,5,1000.0,1.3,0.2,False,True,BEHAVIORAL_DEFAULT_SURPLUS_COLLATERAL,3.0,1,0,0,0.2295668026988248,3000.0,1.0,0.0,5075.783491928035,6142.21535254676,15822.739316294952,False,0.8,,50.0,0.05
sweep_03633,75,DAILY_0001,5,1000.0,1.3,0.2,True,False,,,0,2,2,0.6108407343567581,0.0,1.0,0.0,0.0,16697.360309291158,18428.219972718052,False,1.0,,50.0,0.05
sweep_03634,76,DAILY_0001,5,1000.0,1.3,0.2,True,False,,,0,2,2,0.6108407343567581,0.0,1.0,0.0,0.0,16671.801168191498,18449.295668270002,False,1.0,,50.0,0.05
sweep_03635,77,DAILY_0001,5,1000.0,1.3,0.2,True,False,,,0,2,2,0.6108407343567581,0.0,1.0,0.0,0.0,16763.124564751575,18516.543732873266,False,1.0,,50.0,0.05
sweep_03636,78,DAILY_0001,5,1000.0,1.3,0.2,True,False,,,0,2,2,0.6108407343567581,0.0,1.0,0.0,0.0,16719.51222653161,18369.246226929587,False,1.0,,50.0,0.05
sweep_03637,79,DAILY_0001,5,1000.0,1.3,0.2,True,False,,,0,2,2,0.6108407343567581,0.0,1.0,0.0,0.0,16476.77247232043,18270.50233399253,False,1.0,,50.0,0.05
sweep_03638,80,DAILY_0001,5,1000.0,1.3,0.2,True,False,,,0,2,2,0.6108407343567581,0.0,1.0,0.0,0.0,16187.427798734678,18099.625214798518,False,1.0,,50.0,0.05
sweep_03639,81,DAILY_0001,5,1000.0,1.3,0.2,True,False,,,0,3,3,0.6108407343567581,0.0,1.0,0.0,0.0,17261.26216002694,18653.790507196692,False,1.0,,50.0,0.05
sweep_03640,82,DAILY_0001,5,1000.0,1.3,0.2,True,False,,,0,2,2,0.6108407343567581,0.0,1.0,0.0,0.0,17428.23657344996,19010.006977350014,False,1.0,,50.0,0.05
sweep_03641,83,DAILY_0001,5,1000.0,1.3,0.2,False,True,BEHAVIORAL_DEFAULT_SURPLUS_COLLATERAL,5.0,1,2,2,0.6108407343567581,1000.0,1.0,0.0,773.1883745282498,13023.010849409744,18586.578122000676,False,0.8,,50.0,0.05
sweep_03642,84,DAILY_0001,5,1000.0,1.3,0.2,False,True,BEHAVIORAL_DEFAULT_SURPLUS_COLLATERAL,3.0,1,0,0,0.2295668026988248,3000.0,1.0,0.0,1577.2645311433243,6504.624246924773,16147.770440999335,False,0.8,,50.0,0.05
sweep_03643,85,DAILY_0001,5,1000.0,1.3,0.2,False,True,BEHAVIORAL_DEFAULT_SURPLUS_COLLATERAL,4.0,1,2,2,0.6108407343567581,2000.0,1.0,0.0,944.7010084455078,9644.511591981416,16697.035186377616,False,0.8,,50.0,0.05
sweep_03644,86,DAILY_0001,5,1000.0,1.3,0.2,True,False,,,0,2,2,0.6108407343567581,0.0,1.0,0.0,0.0,17346.9008892341,18850.144831041915,False,1.0,,50.0,0.05
sweep_03645,87,DAILY_0001,5,1000.0,1.3,0.2,True,False,,,0,2,2,0.6108407343567581,0.0,1.0,0.0,0.0,16887.21410701461,18518.31471548134,False,1.0,,50.0,0.05
sweep_03646,88,DAILY_0001,5,1000.0,1.3,0.2,False,True,BEHAVIORAL_DEFAULT_SURPLUS_COLLATERAL,3.0,1,0,0,0.2295668026988248,3000.0,1.0,0.0,5036.625677518031,6598.059130640779,16051.444179380444,False,0.8,,50.0,0.05
sweep_03647,89,DAILY_0001,5,1000.0,1.3,0.2,True,False,,,0,2,2,0.6108407343567581,0.0,1.0,0.0,0.0,16483.760527058344,18300.156661781453,False,1.0,,50.0,0.05
sweep_03648,90,DAILY_0001,5,1000.0,1.3,0.2,False,True,BEHAVIORAL_DEFAULT_SURPLUS_COLLATERAL,4.0,1,2,2,0.6108407343567581,2000.0,1.0,0.0,3292.018446519165,9428.143344053857,16714.90396937074,False,0.8,,50.0,0.05
sweep_03649,91,DAILY_0001,5,1000.0,1.3,0.2,True,False,,,0,2,2,0.6108407343567581,0.0,1.0,0.0,0.0,16432.64453049189,18318.887672525198,False,1.0,,50.0,0.05
sweep_03650,92,DAILY_0001,5,1000.0,1.3,0.2,True,False,,,0,2,2,0.6108407343567581,0.0,1.0,0.0,0.0,16541.46983637411,18369.185861860282,False,1.0,,50.0,0.05
sweep_03651,93,DAILY_0001,5,1000.0,1.3,0.2,False,True,BEHAVIORAL_DEFAULT_SURPLUS_COLLATERAL,3.0,1,0,0,0.2295668026988248,3000.0,1.0,0.0,1606.2154339587705,7022.911645595454,16675.657591448376,False,0.8,,50.0,0.05
sweep_03652,94,DAILY_0001,5,1000.0,1.3,0.2,True,False,,,0,2,2,0.6108407343567581,0.0,1.0,0.0,0.0,16816.49136159871,18543.97515776212,False,1.0,,50.0,0.05
sweep_03653,95,DAILY_0001,5,1000.0,1.3,0.2,True,False,,,0,2,2,0.6108407343567581,0.0,1.0,0.0,0.0,17545.744689882886,18892.483766523117,False,1.0,,50.0,0.05
sweep_03654,96,DAILY_0001,5,1000.0,1.3,0.2,True,False,,,0,2,2,0.6108407343567581,0.0,1.0,0.0,0.0,17272.505142960632,18592.927204574586,False,1.0,,50.0,0.05
sweep_03655,97,DAILY_0001,5,1000.0,1.3,0.2,True,False,,,0,2,2,0.6108407343567581,0.0,1.0,0.0,0.0,17205.00493267573,18661.546588836034,False,1.0,,50.0,0.05
sweep_03656,98,DAILY_0001,5,1000.0,1.3,0.2,True,False,,,0,2,2,0.6108407343567581,0.0,1.0,0.0,0.0,17117.740576801672,18750.117054528746,False,1.0,,50.0,0.05
sweep_03657,99,DAILY_0001,5,1000.0,1.3,0.2,False,True,BEHAVIORAL_DEFAULT_SURPLUS_COLLATERAL,4.0,1,2,2,0.6108407343567581,2000.0,1.0,0.0,3290.9511902307113,9546.407766635395,16719.02754542743,False,0.8,,50.0,0.05
sweep_03658,100,DAILY_0001,5,1000.0,1.3,0.2,True,False,,,0,2,2,0.6108407343567581,0.0,1.0,0.0,0.0,17296.288473944063,18851.876170542866,False,1.0,,50.0,0.05
sweep_03659,101,DAILY_0001,5,1000.0,1.3,0.2,False,True,BEHAVIORAL_DEFAULT_SURPLUS_COLLATERAL,5.0,1,2,2,0.6108407343567581,1000.0,1.0,0.0,3104.322520103343,13094.897102232273,18739.48063473584,False,0.8,,50.0,0.05
sweep_03660,102,DAILY_0001,5,1000.0,1.3,0.2,False,True,BEHAVIORAL_DEFAULT_SURPLUS_COLLATERAL,5.0,1,2,2,0.6108407343567581,1000.0,1.0,0.0,6890.604121025068,13315.718463742422,18951.433090034818,False,0.8,,50.0,0.05
sweep_03661,103,DAILY_0001,5,1000.0,1.3,0.2,False,True,BEHAVIORAL_DEFAULT_SURPLUS_COLLATERAL,4.0,1,2,2,0.6108407343567581,2000.0,1.0,0.0,1117.3815166800127,9410.055771571677,16678.190789627024,False,0.8,,50.0,0.05
sweep_03662,104,DAILY_0001,5,1000.0,1.3,0.2,True,False,,,0,2,2,0.6108407343567581,0.0,1.0,0.0,0.0,16965.565545296653,18493.296148228168,False,1.0,,50.0,0.05
sweep_03663,105,DAILY_0001,5,1000.0,1.3,0.2,False,True,BEHAVIORAL_DEFAULT_SURPLUS_COLLATERAL,4.0,1,2,2,0.6108407343567581,2000.0,1.0,0.0,3294.580487064566,10112.068977480729,16898.91096814516,False,0.8,,50.0,0.05
sweep_03664,106,DAILY_0001,5,1000.0,1.3,0.2,False,True,BEHAVIORAL_DEFAULT_SURPLUS_COLLATERAL,5.0,1,2,2,0.6108407343567581,1000.0,1.0,0.0,867.9370051019373,13317.118454353504,18757.122784871342,False,0.8,,50.0,0.05
sweep_03665,107,DAILY_0001,5,1000.0,1.3,0.2,False,True,BEHAVIORAL_DEFAULT_SURPLUS_COLLATERAL,4.0,1,2,2,0.6108407343567581,2000.0,1.0,0.0,1126.3320818994061,9504.711727327722,16598.76960648939,False,0.8,,50.0,0.05
sweep_03666,108,DAILY_0001,5,1000.0,1.3,0.2,False,True,BEHAVIORAL_DEFAULT_SURPLUS_COLLATERAL,4.0,1,2,2,0.6108407343567581,2000.0,1.0,0.0,3292.755372677395,9229.632260373746,16671.485611675358,False,0.8,,50.0,0.05
sweep_03667,109,DAILY_0001,5,1000.0,1.3,0.2,True,False,,,0,2,2,0.6108407343567581,0.0,1.0,0.0,0.0,17097.560018571552,18665.802399525837,False,1.0,,50.0,0.05
sweep_03668,110,DAILY_0001,5,1000.0,1.3,0.2,True,False,,,0,2,2,0.6108407343567581,0.0,1.0,0.0,0.0,17252.145983174083,18856.730968053052,False,1.0,,50.0,0.05
sweep_03669,111,DAILY_0001,5,1000.0,1.3,0.2,False,True,BEHAVIORAL_DEFAULT_SURPLUS_COLLATERAL,5.0,1,2,2,0.6108407343567581,1000.0,1.0,0.0,2995.2777451869492,13005.811951455453,18523.115279728503,False,0.8,,50.0,0.05
sweep_03670,112,DAILY_0001,5,1000.0,1.3,0.2,True,False,,,0,2,2,0.6108407343567581,0.0,1.0,0.0,0.0,16909.07625773677,18574.908723989203,False,1.0,,50.0,0.05
sweep_03671,113,DAILY_0001,5,1000.0,1.3,0.2,False,True,BEHAVIORAL_DEFAULT_SURPLUS_COLLATERAL,3.0,1,0,0,0.2295668026988248,3000.0,1.0,0.0,1633.5268533018452,6623.312533026473,16131.501472681135,False,0.8,,50.0,0.05
sweep_03672,114,DAILY_0001,5,1000.0,1.3,0.2,False,True,BEHAVIORAL_DEFAULT_SURPLUS_COLLATERAL,3.0,1,0,0,0.2295668026988248,3000.0,1.0,0.0,1546.7550316696925,6121.454939968626,15782.668116323632,False,0.8,,50.0,0.05
sweep_03673,115,DAILY_0001,5,1000.0,1.3,0.2,True,False,,,0,2,2,0.6108407343567581,0.0,1.0,0.0,0.0,16756.555719327873,18285.324490262006,False,1.0,,50.0,0.05
sweep_03674,116,DAILY_0001,5,1000.0,1.3,0.2,False,True,BEHAVIORAL_DEFAULT_SURPLUS_COLLATERAL,3.0,1,0,0,0.2295668026988248,3000.0,1.0,0.0,5207.915655032781,6397.070943819939,16086.632636773398,False,0.8,,50.0,0.05
sweep_03675,117,DAILY_0001,5,1000.0,1.3,0.2,False,True,BEHAVIORAL_DEFAULT_SURPLUS_COLLATERAL,2.0,1,0,0,0.0802993013430624,4000.0,1.0,0.0,2856.3580044560467,3189.4444401873525,7008.385627971342,False,0.8,,50.0,0.05
sweep_03676,118,DAILY_0001,5,1000.0,1.3,0.2,True,False,,,0,2,2,0.6108407343567581,0.0,1.0,0.0,0.0,16908.748437966286,18621.956007909044,False,1.0,,50.0,0.05
sweep_03677,119,DAILY_0001,5,1000.0,1.3,0.2,True,False,,,0,2,2,0.6108407343567581,0.0,1.0,0.0,0.0,16730.031620694273,18562.848667511204,False,1.0,,50.0,0.05
sweep_03678,120,DAILY_0001,5,1000.0,1.3,0.2,True,False,,,0,2,2,0.6108407343567581,0.0,1.0,0.0,0.0,17299.20314416707,18972.805631027106,False,1.0,,50.0,0.05
sweep_03679,121,DAILY_0001,5,1000.0,1.3,0.2,False,True,BEHAVIORAL_DEFAULT_SURPLUS_COLLATERAL,4.0,1,2,2,0.6108407343567581,2000.0,1.0,0.0,3290.955621081059,9287.607451281923,16605.005877278832,False,0.8,,50.0,0.05
sweep_03680,122,DAILY_0001,5,1000.0,1.3,0.2,True,False,,,0,2,2,0.6108407343567581,0.0,1.0,0.0,0.0,16786.425779314144,18581.347430742015,False,1.0,,50.0,0.05
sweep_03681,123,DAILY_0001,5,1000.0,1.3,0.2,False,True,BEHAVIORAL_DEFAULT_SURPLUS_COLLATERAL,4.0,1,3,3,0.6108407343567581,2000.0,1.0,0.0,3292.792788960658,10213.097259473365,16924.59899410732,False,0.8,,50.0,0.05
sweep_03682,124,DAILY_0001,5,1000.0,1.3,0.2,True,False,,,0,2,2,0.6108407343567581,0.0,1.0,0.0,0.0,17378.096470344266,18825.038366938472,False,1.0,,50.0,0.05
sweep_03683,125,DAILY_0001,5,1000.0,1.3,0.2,True,False,,,0,2,2,0.6108407343567581,0.0,1.0,0.0,0.0,17222.14785778652,18763.137273238553,False,1.0,,50.0,0.05
sweep_03684,126,DAILY_0001,5,1000.0,1.3,0.2,False,True,BEHAVIORAL_DEFAULT_SURPLUS_COLLATERAL,3.0,1,0,0,0.2295668026988248,3000.0,1.0,0.0,5282.969323248273,6608.331218475114,16274.936889719125,False,0.8,,50.0,0.05
sweep_03685,127,DAILY_0001,5,1000.0,1.3,0.2,True,False,,,0,2,2,0.6108407343567581,0.0,1.0,0.0,0.0,17068.994068195138,18667.696368026125,False,1.0,,50.0,0.05
sweep_03686,128,DAILY_0001,5,1000.0,1.3,0.2,True,False,,,0,2,2,0.6108407343567581,0.0,1.0,0.0,0.0,17380.160876094935,18702.63902007864,False,1.0,,50.0,0.05
sweep_03687,129,DAILY_0001,5,1000.0,1.3,0.2,True,False,,,0,2,2,0.6108407343567581,0.0,1.0,0.0,0.0,16680.988802965425,18391.689887619646,False,1.0,,50.0,0.05
sweep_03688,130,DAILY_0001,5,1000.0,1.3,0.2,False,True,BEHAVIORAL_DEFAULT_SURPLUS_COLLATERAL,5.0,1,2,2,0.6108407343567581,1000.0,1.0,0.0,3389.9524769721556,12730.738840773127,18414.230247976288,False,0.8,,50.0,0.05
sweep_03689,131,DAILY_0001,5,1000.0,1.3,0.2,False,True,BEHAVIORAL_DEFAULT_SURPLUS_COLLATERAL,4.0,1,2,2,0.6108407343567581,2000.0,1.0,0.0,3291.8625008089075,9894.940183776958,16764.44719998792,False,0.8,,50.0,0.05
sweep_03690,132,DAILY_0001,5,1000.0,1.3,0.2,False,True,BEHAVIORAL_DEFAULT_SURPLUS_COLLATERAL,4.0,1,2,2,0.6108407343567581,2000.0,1.0,0.0,915.8326190089347,9452.061028387478,16632.58784337583,False,0.8,,50.0,0.05
sweep_03691,133,DAILY_0001,5,1000.0,1.3,0.2,False,True,BEHAVIORAL_DEFAULT_SURPLUS_COLLATERAL,2.0,1,0,0,0.0802993013430624,4000.0,1.0,0.0,2803.6614097854617,3049.7954187370806,6950.852314406915,False,0.8,,50.0,0.05
sweep_03692,134,DAILY_0001,5,1000.0,1.3,0.2,False,True,BEHAVIORAL_DEFAULT_SURPLUS_COLLATERAL,3.0,1,0,0,0.2295668026988248,3000.0,1.0,0.0,1622.5715795110973,6618.547990000483,16156.187254144948,False,0.8,,50.0,0.05
sweep_03693,135,DAILY_0001,5,1000.0,1.3,0.2,True,False,,,0,2,2,0.6108407343567581,0.0,1.0,0.0,0.0,17308.180105341366,18773.500936460616,False,1.0,,50.0,0.05
sweep_03694,136,DAILY_0001,5,1000.0,1.3,0.2,False,True,BEHAVIORAL_DEFAULT_SURPLUS_COLLATERAL,5.0,1,2,2,0.6108407343567581,1000.0,1.0,0.0,3064.921861720354,12439.168673732074,18304.837394286496,False,0.8,,50.0,0.05
sweep_03695,137,DAILY_0001,5,1000.0,1.3,0.2,False,True,BEHAVIORAL_DEFAULT_SURPLUS_COLLATERAL,4.0,1,2,2,0.6108407343567581,2000.0,1.0,0.0,1027.7728379426526,9538.559186760156,16721.621331012906,False,0.8,,50.0,0.05
sweep_03696,138,DAILY_0001,5,1000.0,1.3,0.2,False,True,BEHAVIORAL_DEFAULT_SURPLUS_COLLATERAL,5.0,1,2,2,0.6108407343567581,1000.0,1.0,0.0,532.4194219948597,12533.99100881035,18346.517700115688,False,0.8,,50.0,0.05
sweep_03697,139,DAILY_0001,5,1000.0,1.3,0.2,False,True,BEHAVIORAL_DEFAULT_SURPLUS_COLLATERAL,2.0,1,0,0,0.0802993013430624,4000.0,1.0,0.0,2826.8116938748153,3111.145009532911,6976.127430606441,False,0.8,,50.0,0.05
sweep_03698,140,DAILY_0001,5,1000.0,1.3,0.2,False,True,BEHAVIORAL_DEFAULT_SURPLUS_COLLATERAL,2.0,1,0,0,0.0802993013430624,4000.0,1.0,0.0,2845.8042567183575,3161.476398733924,6996.863212117566,False,0.8,,50.0,0.05
sweep_03699,141,DAILY_0001,5,1000.0,1.3,0.2,True,False,,,0,2,2,0.6108407343567581,0.0,1.0,0.0,0.0,17185.12705013151,18680.26755068032,False,1.0,,50.0,0.05
sweep_03700,142,DAILY_0001,5,1000.0,1.3,0.2,False,True,BEHAVIORAL_DEFAULT_SURPLUS_COLLATERAL,2.0,1,0,0,0.0802993013430624,4000.0,1.0,0.0,2847.630438100695,3166.3158849403544,6998.857008239542,False,0.8,,50.0,0.05
sweep_03701,143,DAILY_0001,5,1000.0,1.3,0.2,True,False,,,0,2,2,0.6108407343567581,0.0,1.0,0.0,0.0,16445.290904199723,18299.912262686594,False,1.0,,50.0,0.05
sweep_03702,144,DAILY_0001,5,1000.0,1.3,0.2,True,False,,,0,2,2,0.6108407343567581,0.0,1.0,0.0,0.0,17343.411988435073,18887.382407288445,False,1.0,,50.0,0.05
sweep_03703,145,DAILY_0001,5,1000.0,1.3,0.2,True,False,,,0,2,2,0.6108407343567581,0.0,1.0,0.0,0.0,17193.72751399906,18825.375997204115,False,1.0,,50.0,0.05
sweep_03704,146,DAILY_0001,5,1000.0,1.3,0.2,True,False,,,0,2,2,0.6108407343567581,0.0,1.0,0.0,0.0,16193.924104929843,18123.874295259997,False,1.0,,50.0,0.05
sweep_03705,147,DAILY_0001,5,1000.0,1.3,0.2,False,True,BEHAVIORAL_DEFAULT_SURPLUS_COLLATERAL,4.0,1,2,2,0.6108407343567581,2000.0,1.0,0.0,975.9933685980509,9889.107754331599,16770.448067701684,False,0.8,,50.0,0.05
sweep_03706,148,DAILY_0001,5,1000.0,1.3,0.2,True,False,,,0,2,2,0.6108407343567581,0.0,1.0,0.0,0.0,17096.666287603017,18767.215064476768,False,1.0,,50.0,0.05
sweep_03707,149,DAILY_0001,5,1000.0,1.3,0.2,False,True,BEHAVIORAL_DEFAULT_SURPLUS_COLLATERAL,4.0,1,2,2,0.6108407343567581,2000.0,1.0,0.0,880.197139895849,9814.02173860668,16898.483684316525,False,0.8,,50.0,0.05
sweep_03708,150,DAILY_0001,5,1000.0,1.3,0.2,True,False,,,0,2,2,0.6108407343567581,0.0,1.0,0.0,0.0,16546.279710931314,18361.086479836937,False,1.0,,50.0,0.05
sweep_03709,151,DAILY_0001,5,1000.0,1.3,0.2,False,True,BEHAVIORAL_DEFAULT_SURPLUS_COLLATERAL,5.0,1,2,2,0.6108407343567581,1000.0,1.0,0.0,3260.5263917484363,13335.570209326292,18864.145451250108,False,0.8,,50.0,0.05
sweep_03710,152,DAILY_0001,5,1000.0,1.3,0.2,True,False,,,0,2,2,0.6108407343567581,0.0,1.0,0.0,0.0,17093.36930493184,18746.736124999974,False,1.0,,50.0,0.05
sweep_03711,153,DAILY_0001,5,1000.0,1.3,0.2,True,False,,,0,2,2,0.6108407343567581,0.0,1.0,0.0,0.0,16508.84948067981,18260.711089903118,False,1.0,,50.0,0.05
sweep_03712,154,DAILY_0001,5,1000.0,1.3,0.2,True,False,,,0,2,2,0.6108407343567581,0.0,1.0,0.0,0.0,16928.440090342658,18535.123073220686,False,1.0,,50.0,0.05
sweep_03713,155,DAILY_0001,5,1000.0,1.3,0.2,False,True,BEHAVIORAL_DEFAULT_SURPLUS_COLLATERAL,3.0,1,0,0,0.2295668026988248,3000.0,1.0,0.0,5158.9798858895565,6224.123226178908,15943.52320384806,False,0.8,,50.0,0.05
sweep_03714,156,DAILY_0001,5,1000.0,1.3,0.2,True,False,,,0,2,2,0.6108407343567581,0.0,1.0,0.0,0.0,16822.870383115638,18547.676878592953,False,1.0,,50.0,0.05
sweep_03715,157,DAILY_0001,5,1000.0,1.3,0.2,False,True,BEHAVIORAL_DEFAULT_SURPLUS_COLLATERAL,3.0,1,0,0,0.2295668026988248,3000.0,1.0,0.0,1552.6183788677126,6313.283449869156,15991.457693865534,False,0.8,,50.0,0.05
sweep_03716,158,DAILY_0001,5,1000.0,1.3,0.2,True,False,,,0,2,2,0.6108407343567581,0.0,1.0,0.0,0.0,17327.297792749472,18723.7506681538,False,1.0,,50.0,0.05
sweep_03717,159,DAILY_0001,5,1000.0,1.3,0.2,True,False,,,0,2,2,0.6108407343567581,0.0,1.0,0.0,0.0,17547.075472215663,18944.852754010433,False,1.0,,50.0,0.05
sweep_03718,160,DAILY_0001,5,1000.0,1.3,0.2,False,True,BEHAVIORAL_DEFAULT_SURPLUS_COLLATERAL,5.0,1,3,3,0.6108407343567581,1000.0,1.0,0.0,6772.079082603722,13559.294233579409,18866.151040940083,False,0.8,,50.0,0.05
sweep_03719,161,DAILY_0001,5,1000.0,1.3,0.2,True,False,,,0,2,2,0.6108407343567581,0.0,1.0,0.0,0.0,16722.38973114001,18385.410093323815,False,1.0,,50.0,0.05
sweep_03720,162,DAILY_0001,5,1000.0,1.3,0.2,False,True,BEHAVIORAL_DEFAULT_SURPLUS_COLLATERAL,3.0,1,0,0,0.2295668026988248,3000.0,1.0,0.0,5036.753913052339,6099.333759251945,15763.502481332098,False,0.8,,50.0,0.05
sweep_03721,163,DAILY_0001,5,1000.0,1.3,0.2,True,False,,,0,2,2,0.6108407343567581,0.0,1.0,0.0,0.0,17276.966005569957,18856.46167628838,False,1.0,,50.0,0.05
sweep_03722,164,DAILY_0001,5,1000.0,1.3,0.2,True,False,,,0,2,2,0.6108407343567581,0.0,1.0,0.0,0.0,17233.351687522765,18718.211060446614,False,1.0,,50.0,0.05
sweep_03723,165,DAILY_0001,5,1000.0,1.3,0.2,True,False,,,0,2,2,0.6108407343567581,0.0,1.0,0.0,0.0,16913.7215097475,18492.081553934615,False,1.0,,50.0,0.05
sweep_03724,166,DAILY_0001,5,1000.0,1.3,0.2,False,True,BEHAVIORAL_DEFAULT_SURPLUS_COLLATERAL,5.0,1,2,2,0.6108407343567581,1000.0,1.0,0.0,3419.5483099952107,13275.843211445086,18884.85731910067,False,0.8,,50.0,0.05
sweep_03725,167,DAILY_0001,5,1000.0,1.3,0.2,True,False,,,0,2,2,0.6108407343567581,0.0,1.0,0.0,0.0,16859.790773916782,18551.94774989423,False,1.0,,50.0,0.05
sweep_03726,168,DAILY_0001,5,1000.0,1.3,0.2,False,True,BEHAVIORAL_DEFAULT_SURPLUS_COLLATERAL,5.0,1,2,2,0.6108407343567581,1000.0,1.0,0.0,6728.780272884556,12306.50352346156,18154.53594870897,False,0.8,,50.0,0.05
sweep_03727,169,DAILY_0001,5,1000.0,1.3,0.2,False,True,BEHAVIORAL_DEFAULT_SURPLUS_COLLATERAL,5.0,1,2,2,0.6108407343567581,1000.0,1.0,0.0,3387.734436108174,13383.861734067441,18795.20651876909,False,0.8,,50.0,0.05
sweep_03728,170,DAILY_0001,5,1000.0,1.3,0.2,True,False,,,0,2,2,0.6108407343567581,0.0,1.0,0.0,0.0,17232.159337492943,18636.625679009343,False,1.0,,50.0,0.05
sweep_03729,171,DAILY_0001,5,1000.0,1.3,0.2,True,False,,,0,2,2,0.6108407343567581,0.0,1.0,0.0,0.0,16487.879755940605,18269.67911856098,False,1.0,,50.0,0.05
sweep_03730,172,DAILY_0001,5,1000.0,1.3,0.2,False,True,BEHAVIORAL_DEFAULT_SURPLUS_COLLATERAL,5.0,1,2,2,0.6108407343567581,1000.0,1.0,0.0,775.0945556789193,12754.088913575759,18430.607200316314,False,0.8,,50.0,0.05
sweep_03731,173,DAILY_0001,5,1000.0,1.3,0.2,True,False,,,0,2,2,0.6108407343567581,0.0,1.0,0.0,0.0,16811.936915077735,18594.736037723065,False,1.0,,50.0,0.05
sweep_03732,174,DAILY_0001,5,1000.0,1.3,0.2,True,False,,,0,2,2,0.6108407343567581,0.0,1.0,0.0,0.0,16928.24289810534,18534.47309266965,False,1.0,,50.0,0.05
sweep_03733,175,DAILY_0001,5,1000.0,1.3,0.2,True,False,,,0,2,2,0.6108407343567581,0.0,1.0,0.0,0.0,16822.84112582361,18453.19198994238,False,1.0,,50.0,0.05
sweep_03734,176,DAILY_0001,5,1000.0,1.3,0.2,True,False,,,0,2,2,0.6108407343567581,0.0,1.0,0.0,0.0,16402.90381242599,18250.55318346243,False,1.0,,50.0,0.05
sweep_03735,177,DAILY_0001,5,1000.0,1.3,0.2,False,True,BEHAVIORAL_DEFAULT_SURPLUS_COLLATERAL,2.0,1,0,0,0.0802993013430624,4000.0,1.0,0.0,2845.319175431184,3160.1909052878864,6996.333607994688,False,0.8,,50.0,0.05
sweep_03736,178,DAILY_0001,5,1000.0,1.3,0.2,True,False,,,0,2,2,0.6108407343567581,0.0,1.0,0.0,0.0,16613.95277706074,18387.76149095621,False,1.0,,50.0,0.05
sweep_03737,179,DAILY_0001,5,1000.0,1.3,0.2,True,False,,,0,2,2,0.6108407343567581,0.0,1.0,0.0,0.0,16825.94357748756,18428.961030507613,False,1.0,,50.0,0.05
sweep_03738,180,DAILY_0001,5,1000.0,1.3,0.2,True,False,,,0,2,2,0.6108407343567581,0.0,1.0,0.0,0.0,17332.698660576734,18683.47211398109,False,1.0,,50.0,0.05
sweep_03739,181,DAILY_0001,5,1000.0,1.3,0.2,False,True,BEHAVIORAL_DEFAULT_SURPLUS_COLLATERAL,4.0,1,2,2,0.6108407343567581,2000.0,1.0,0.0,1137.4671242798386,9381.7156603568,16762.78391801096,False,0.8,,50.0,0.05
sweep_03740,182,DAILY_0001,5,1000.0,1.3,0.2,False,True,BEHAVIORAL_DEFAULT_SURPLUS_COLLATERAL,4.0,1,2,2,0.6108407343567581,2000.0,1.0,0.0,1088.2183153501805,9613.459796300805,16694.67258999265,False,0.8,,50.0,0.05
sweep_03741,183,DAILY_0001,5,1000.0,1.3,0.2,False,True,BEHAVIORAL_DEFAULT_SURPLUS_COLLATERAL,5.0,1,2,2,0.6108407343567581,1000.0,1.0,0.0,2932.3634061507705,12517.895991903359,18311.098700152696,False,0.8,,50.0,0.05
sweep_03742,184,DAILY_0001,5,1000.0,1.3,0.2,True,False,,,0,2,2,0.6108407343567581,0.0,1.0,0.0,0.0,17226.715015370733,18875.57239673209,False,1.0,,50.0,0.05
sweep_03743,185,DAILY_0001,5,1000.0,1.3,0.2,False,True,BEHAVIORAL_DEFAULT_SURPLUS_COLLATERAL,4.0,1,2,2,0.6108407343567581,2000.0,1.0,0.0,899.9216531150469,9321.804157226868,16643.65707645779,False,0.8,,50.0,0.05
sweep_03744,186,DAILY_0001,5,1000.0,1.3,0.2,False,True,BEHAVIORAL_DEFAULT_SURPLUS_COLLATERAL,3.0,1,0,0,0.2295668026988248,3000.0,1.0,0.0,1638.8921393905175,6559.983069571281,16042.39685138671,False,0.8,,50.0,0.05
sweep_03745,187,DAILY_0001,5,1000.0,1.3,0.2,False,True,BEHAVIORAL_DEFAULT_SURPLUS_COLLATERAL,4.0,1,2,2,0.6108407343567581,2000.0,1.0,0.0,1008.1993272431787,9703.856181907031,16736.88617294528,False,0.8,,50.0,0.05
sweep_03746,188,DAILY_0001,5,1000.0,1.3,0.2,False,True,BEHAVIORAL_DEFAULT_SURPLUS_COLLATERAL,5.0,1,2,2,0.6108407343567581,1000.0,1.0,0.0,3384.6586880399873,13167.848974053273,18655.08444626657,False,0.8,,50.0,0.05
sweep_03747,189,DAILY_0001,5,1000.0,1.3,0.2,True,False,,,0,2,2,0.6108407343567581,0.0,1.0,0.0,0.0,17458.454152212147,18888.820573374036,False,1.0,,50.0,0.05
sweep_03748,190,DAILY_0001,5,1000.0,1.3,0.2,False,True,BEHAVIORAL_DEFAULT_SURPLUS_COLLATERAL,4.0,1,2,2,0.6108407343567581,2000.0,1.0,0.0,3289.85530103591,9384.639416814975,16585.130766891052,False,0.8,,50.0,0.05
sweep_03749,191,DAILY_0001,5,1000.0,1.3,0.2,True,False,,,0,2,2,0.6108407343567581,0.0,1.0,0.0,0.0,16741.237276910877,18391.456379874995,False,1.0,,50.0,0.05
sweep_03750,42,DAILY_0001,5,1000.0,1.3,0.2,True,False,,,0,2,2,0.6108407343567581,0.0,1.0,0.0,0.0,17143.15024973444,18600.76974925041,False,1.0,,100.0,0.05
sweep_03751,43,DAILY_0001,5,1000.0,1.3,0.2,True,False,,,0,2,2,0.6108407343567581,0.0,1.0,0.0,0.0,16683.664856290503,18406.788828378307,False,1.0,,100.0,0.05
sweep_03752,44,DAILY_0001,5,1000.0,1.3,0.2,True,False,,,0,2,2,0.6108407343567581,0.0,1.0,0.0,0.0,16963.961355801184,18693.688017225537,False,1.0,,100.0,0.05
sweep_03753,45,DAILY_0001,5,1000.0,1.3,0.2,False,True,BEHAVIORAL_DEFAULT_SURPLUS_COLLATERAL,5.0,1,2,2,0.6108407343567581,1000.0,1.0,0.0,6816.639314408434,12896.079661440042,18517.835163627242,False,0.8,,100.0,0.05
sweep_03754,46,DAILY_0001,5,1000.0,1.3,0.2,True,False,,,0,2,2,0.6108407343567581,0.0,1.0,0.0,0.0,16307.234970412434,18129.902087523857,False,1.0,,100.0,0.05
sweep_03755,47,DAILY_0001,5,1000.0,1.3,0.2,True,False,,,0,2,2,0.6108407343567581,0.0,1.0,0.0,0.0,17175.220923270765,18755.46359043895,False,1.0,,100.0,0.05
sweep_03756,48,DAILY_0001,5,1000.0,1.3,0.2,False,True,BEHAVIORAL_DEFAULT_SURPLUS_COLLATERAL,3.0,1,0,0,0.2295668026988248,3000.0,1.0,0.0,1600.2680351932668,6384.596399760172,15943.423402718725,False,0.8,,100.0,0.05
sweep_03757,49,DAILY_0001,5,1000.0,1.3,0.2,True,False,,,0,2,2,0.6108407343567581,0.0,1.0,0.0,0.0,17411.6649980281,18942.308791581312,False,1.0,,100.0,0.05
sweep_03758,50,DAILY_0001,5,1000.0,1.3,0.2,True,False,,,0,2,2,0.6108407343567581,0.0,1.0,0.0,0.0,16470.071539501125,18286.80202038856,False,1.0,,100.0,0.05
sweep_03759,51,DAILY_0001,5,1000.0,1.3,0.2,True,False,,,0,2,2,0.6108407343567581,0.0,1.0,0.0,0.0,16553.917458671152,18185.136700972314,False,1.0,,100.0,0.05
sweep_03760,52,DAILY_0001,5,1000.0,1.3,0.2,False,True,BEHAVIORAL_DEFAULT_SURPLUS_COLLATERAL,5.0,1,2,2,0.6108407343567581,1000.0,1.0,0.0,6669.083672908254,13756.613367327447,19106.309806518897,False,0.8,,100.0,0.05
sweep_03761,53,DAILY_0001,5,1000.0,1.3,0.2,False,True,BEHAVIORAL_DEFAULT_SURPLUS_COLLATERAL,5.0,1,2,2,0.6108407343567581,1000.0,1.0,0.0,6749.2842222642075,12961.478326267516,18669.017602143755,False,0.8,,100.0,0.05
sweep_03762,54,DAILY_0001,5,1000.0,1.3,0.2,False,True,BEHAVIORAL_DEFAULT_SURPLUS_COLLATERAL,5.0,1,2,2,0.6108407343567581,1000.0,1.0,0.0,504.5797749547555,12569.941496225256,18460.314157033135,False,0.8,,100.0,0.05
sweep_03763,55,DAILY_0001,5,1000.0,1.3,0.2,False,True,BEHAVIORAL_DEFAULT_SURPLUS_COLLATERAL,5.0,1,2,2,0.6108407343567581,1000.0,1.0,0.0,3393.1144171242695,13020.111295967612,18568.07048638595,False,0.8,,100.0,0.05
sweep_03764,56,DAILY_0001,5,1000.0,1.3,0.2,False,True,BEHAVIORAL_DEFAULT_SURPLUS_COLLATERAL,5.0,1,2,2,0.6108407343567581,1000.0,1.0,0.0,3342.8537273290804,12704.486967871519,18449.834581945295,False,0.8,,100.0,0.05
sweep_03765,57,DAILY_0001,5,1000.0,1.3,0.2,True,False,,,0,2,2,0.6108407343567581,0.0,1.0,0.0,0.0,16629.925622068513,18282.682613759007,False,1.0,,100.0,0.05
sweep_03766,58,DAILY_0001,5,1000.0,1.3,0.2,True,False,,,0,2,2,0.6108407343567581,0.0,1.0,0.0,0.0,17118.252725129587,18781.37217764809,False,1.0,,100.0,0.05
sweep_03767,59,DAILY_0001,5,1000.0,1.3,0.2,False,True,BEHAVIORAL_DEFAULT_SURPLUS_COLLATERAL,4.0,1,2,2,0.6108407343567581,2000.0,1.0,0.0,881.288363137875,9396.14470761244,16738.367010741105,False,0.8,,100.0,0.05
sweep_03768,60,DAILY_0001,5,1000.0,1.3,0.2,True,False,,,0,2,2,0.6108407343567581,0.0,1.0,0.0,0.0,16890.892442598783,18524.583040472353,False,1.0,,100.0,0.05
sweep_03769,61,DAILY_0001,5,1000.0,1.3,0.2,True,False,,,0,2,2,0.6108407343567581,0.0,1.0,0.0,0.0,17049.548692196306,18716.536960359936,False,1.0,,100.0,0.05
sweep_03770,62,DAILY_0001,5,1000.0,1.3,0.2,True,False,,,0,2,2,0.6108407343567581,0.0,1.0,0.0,0.0,16688.163188009137,18480.763548215575,False,1.0,,100.0,0.05
sweep_03771,63,DAILY_0001,5,1000.0,1.3,0.2,False,True,BEHAVIORAL_DEFAULT_SURPLUS_COLLATERAL,5.0,1,2,2,0.6108407343567581,1000.0,1.0,0.0,3365.334084514965,12560.781626539678,18322.752180852855,False,0.8,,100.0,0.05
sweep_03772,64,DAILY_0001,5,1000.0,1.3,0.2,False,True,BEHAVIORAL_DEFAULT_SURPLUS_COLLATERAL,3.0,1,0,0,0.2295668026988248,3000.0,1.0,0.0,5039.40957396858,6151.058035452796,15795.72286946603,False,0.8,,100.0,0.05
sweep_03773,65,DAILY_0001,5,1000.0,1.3,0.2,False,True,BEHAVIORAL_DEFAULT_SURPLUS_COLLATERAL,2.0,1,0,0,0.0802993013430624,4000.0,1.0,0.0,2822.591898278779,3099.9623073224475,6971.5203241184,False,0.8,,100.0,0.05
sweep_03774,66,DAILY_0001,5,1000.0,1.3,0.2,True,False,,,0,2,2,0.6108407343567581,0.0,1.0,0.0,0.0,17056.111050431617,18640.414124475483,False,1.0,,100.0,0.05
sweep_03775,67,DAILY_0001,5,1000.0,1.3,0.2,True,False,,,0,2,2,0.6108407343567581,0.0,1.0,0.0,0.0,17358.7323024141,18776.500614126468,False,1.0,,100.0,0.05
sweep_03776,68,DAILY_0001,5,1000.0,1.3,0.2,False,True,BEHAVIORAL_DEFAULT_SURPLUS_COLLATERAL,4.0,1,2,2,0.6108407343567581,2000.0,1.0,0.0,913.5797349393247,9384.172146377827,16672.926144437395,False,0.8,,100.0,0.05
sweep_03777,69,DAILY_0001,5,1000.0,1.3,0.2,False,True,BEHAVIORAL_DEFAULT_SURPLUS_COLLATERAL,3.0,1,0,0,0.2295668026988248,3000.0,1.0,0.0,1561.2127739776242,6254.764509256824,15899.071866915932,False,0.8,,100.0,0.05
sweep_03778,70,DAILY_0001,5,1000.0,1.3,0.2,True,False,,,0,2,2,0.6108407343567581,0.0,1.0,0.0,0.0,18008.300555488746,19065.912361171177,False,1.0,,100.0,0.05
sweep_03779,71,DAILY_0001,5,1000.0,1.3,0.2,True,False,,,0,2,2,0.6108407343567581,0.0,1.0,0.0,0.0,17077.07193201092,18655.01641686092,False,1.0,,100.0,0.05
sweep_03780,72,DAILY_0001,5,1000.0,1.3,0.2,False,True,BEHAVIORAL_DEFAULT_SURPLUS_COLLATERAL,5.0,1,2,2,0.6108407343567581,1000.0,1.0,0.0,592.28026367043,12739.57666014175,18384.352995932466,False,0.8,,100.0,0.05
sweep_03781,73,DAILY_0001,5,1000.0,1.3,0.2,True,False,,,0,2,2,0.6108407343567581,0.0,1.0,0.0,0.0,16909.5959464029,18525.6314270096,False,1.0,,100.0,0.05
sweep_03782,74,DAILY_0001,5,1000.0,1.3,0.2,False,True,BEHAVIORAL_DEFAULT_SURPLUS_COLLATERAL,3.0,1,0,0,0.2295668026988248,3000.0,1.0,0.0,5075.783491928035,6142.21535254676,15822.739316294952,False,0.8,,100.0,0.05
sweep_03783,75,DAILY_0001,5,1000.0,1.3,0.2,True,False,,,0,2,2,0.6108407343567581,0.0,1.0,0.0,0.0,16697.360309291158,18428.219972718052,False,1.0,,100.0,0.05
sweep_03784,76,DAILY_0001,5,1000.0,1.3,0.2,True,False,,,0,2,2,0.6108407343567581,0.0,1.0,0.0,0.0,16671.801168191498,18449.295668270002,False,1.0,,100.0,0.05
sweep_03785,77,DAILY_0001,5,1000.0,1.3,0.2,True,False,,,0,2,2,0.6108407343567581,0.0,1.0,0.0,0.0,16763.124564751575,18516.543732873266,False,1.0,,100.0,0.05
sweep_03786,78,DAILY_0001,5,1000.0,1.3,0.2,True,False,,,0,2,2,0.6108407343567581,0.0,1.0,0.0,0.0,16719.51222653161,18369.246226929587,False,1.0,,100.0,0.05
sweep_03787,79,DAILY_0001,5,1000.0,1.3,0.2,True,False,,,0,2,2,0.6108407343567581,0.0,1.0,0.0,0.0,16476.77247232043,18270.50233399253,False,1.0,,100.0,0.05
sweep_03788,80,DAILY_0001,5,1000.0,1.3,0.2,True,False,,,0,2,2,0.6108407343567581,0.0,1.0,0.0,0.0,16187.427798734678,18099.625214798518,False,1.0,,100.0,0.05
sweep_03789,81,DAILY_0001,5,1000.0,1.3,0.2,True,False,,,0,3,3,0.6108407343567581,0.0,1.0,0.0,0.0,17261.26216002694,18653.790507196692,False,1.0,,100.0,0.05
sweep_03790,82,DAILY_0001,5,1000.0,1.3,0.2,True,False,,,0,2,2,0.6108407343567581,0.0,1.0,0.0,0.0,17428.23657344996,19010.006977350014,False,1.0,,100.0,0.05
sweep_03791,83,DAILY_0001,5,1000.0,1.3,0.2,False,True,BEHAVIORAL_DEFAULT_SURPLUS_COLLATERAL,5.0,1,2,2,0.6108407343567581,1000.0,1.0,0.0,773.1883745282498,13023.010849409744,18586.578122000676,False,0.8,,100.0,0.05
sweep_03792,84,DAILY_0001,5,1000.0,1.3,0.2,False,True,BEHAVIORAL_DEFAULT_SURPLUS_COLLATERAL,3.0,1,0,0,0.2295668026988248,3000.0,1.0,0.0,1577.2645311433243,6504.624246924773,16147.770440999335,False,0.8,,100.0,0.05
sweep_03793,85,DAILY_0001,5,1000.0,1.3,0.2,False,True,BEHAVIORAL_DEFAULT_SURPLUS_COLLATERAL,4.0,1,2,2,0.6108407343567581,2000.0,1.0,0.0,944.7010084455078,9644.511591981416,16697.035186377616,False,0.8,,100.0,0.05
sweep_03794,86,DAILY_0001,5,1000.0,1.3,0.2,True,False,,,0,2,2,0.6108407343567581,0.0,1.0,0.0,0.0,17346.9008892341,18850.144831041915,False,1.0,,100.0,0.05
sweep_03795,87,DAILY_0001,5,1000.0,1.3,0.2,True,False,,,0,2,2,0.6108407343567581,0.0,1.0,0.0,0.0,16887.21410701461,18518.31471548134,False,1.0,,100.0,0.05
sweep_03796,88,DAILY_0001,5,1000.0,1.3,0.2,False,True,BEHAVIORAL_DEFAULT_SURPLUS_COLLATERAL,3.0,1,0,0,0.2295668026988248,3000.0,1.0,0.0,5036.625677518031,6598.059130640779,16051.444179380444,False,0.8,,100.0,0.05
sweep_03797,89,DAILY_0001,5,1000.0,1.3,0.2,True,False,,,0,2,2,0.6108407343567581,0.0,1.0,0.0,0.0,16483.760527058344,18300.156661781453,False,1.0,,100.0,0.05
sweep_03798,90,DAILY_0001,5,1000.0,1.3,0.2,False,True,BEHAVIORAL_DEFAULT_SURPLUS_COLLATERAL,4.0,1,2,2,0.6108407343567581,2000.0,1.0,0.0,3292.018446519165,9428.143344053857,16714.90396937074,False,0.8,,100.0,0.05
sweep_03799,91,DAILY_0001,5,1000.0,1.3,0.2,True,False,,,0,2,2,0.6108407343567581,0.0,1.0,0.0,0.0,16432.64453049189,18318.887672525198,False,1.0,,100.0,0.05
sweep_03800,92,DAILY_0001,5,1000.0,1.3,0.2,True,False,,,0,2,2,0.6108407343567581,0.0,1.0,0.0,0.0,16541.46983637411,18369.185861860282,False,1.0,,100.0,0.05
sweep_03801,93,DAILY_0001,5,1000.0,1.3,0.2,False,True,BEHAVIORAL_DEFAULT_SURPLUS_COLLATERAL,3.0,1,0,0,0.2295668026988248,3000.0,1.0,0.0,1606.2154339587705,7022.911645595454,16675.657591448376,False,0.8,,100.0,0.05
sweep_03802,94,DAILY_0001,5,1000.0,1.3,0.2,True,False,,,0,2,2,0.6108407343567581,0.0,1.0,0.0,0.0,16816.49136159871,18543.97515776212,False,1.0,,100.0,0.05
sweep_03803,95,DAILY_0001,5,1000.0,1.3,0.2,True,False,,,0,2,2,0.6108407343567581,0.0,1.0,0.0,0.0,17545.744689882886,18892.483766523117,False,1.0,,100.0,0.05
sweep_03804,96,DAILY_0001,5,1000.0,1.3,0.2,True,False,,,0,2,2,0.6108407343567581,0.0,1.0,0.0,0.0,17272.505142960632,18592.927204574586,False,1.0,,100.0,0.05
sweep_03805,97,DAILY_0001,5,1000.0,1.3,0.2,True,False,,,0,2,2,0.6108407343567581,0.0,1.0,0.0,0.0,17205.00493267573,18661.546588836034,False,1.0,,100.0,0.05
sweep_03806,98,DAILY_0001,5,1000.0,1.3,0.2,True,False,,,0,2,2,0.6108407343567581,0.0,1.0,0.0,0.0,17117.740576801672,18750.117054528746,False,1.0,,100.0,0.05
sweep_03807,99,DAILY_0001,5,1000.0,1.3,0.2,False,True,BEHAVIORAL_DEFAULT_SURPLUS_COLLATERAL,4.0,1,2,2,0.6108407343567581,2000.0,1.0,0.0,3290.9511902307113,9546.407766635395,16719.02754542743,False,0.8,,100.0,0.05
sweep_03808,100,DAILY_0001,5,1000.0,1.3,0.2,True,False,,,0,2,2,0.6108407343567581,0.0,1.0,0.0,0.0,17296.288473944063,18851.876170542866,False,1.0,,100.0,0.05
sweep_03809,101,DAILY_0001,5,1000.0,1.3,0.2,False,True,BEHAVIORAL_DEFAULT_SURPLUS_COLLATERAL,5.0,1,2,2,0.6108407343567581,1000.0,1.0,0.0,3104.322520103343,13094.897102232273,18739.48063473584,False,0.8,,100.0,0.05
sweep_03810,102,DAILY_0001,5,1000.0,1.3,0.2,False,True,BEHAVIORAL_DEFAULT_SURPLUS_COLLATERAL,5.0,1,2,2,0.6108407343567581,1000.0,1.0,0.0,6890.604121025068,13315.718463742422,18951.433090034818,False,0.8,,100.0,0.05
sweep_03811,103,DAILY_0001,5,1000.0,1.3,0.2,False,True,BEHAVIORAL_DEFAULT_SURPLUS_COLLATERAL,4.0,1,2,2,0.6108407343567581,2000.0,1.0,0.0,1117.3815166800127,9410.055771571677,16678.190789627024,False,0.8,,100.0,0.05
sweep_03812,104,DAILY_0001,5,1000.0,1.3,0.2,True,False,,,0,2,2,0.6108407343567581,0.0,1.0,0.0,0.0,16965.565545296653,18493.296148228168,False,1.0,,100.0,0.05
sweep_03813,105,DAILY_0001,5,1000.0,1.3,0.2,False,True,BEHAVIORAL_DEFAULT_SURPLUS_COLLATERAL,4.0,1,2,2,0.6108407343567581,2000.0,1.0,0.0,3294.580487064566,10112.068977480729,16898.91096814516,False,0.8,,100.0,0.05
sweep_03814,106,DAILY_0001,5,1000.0,1.3,0.2,False,True,BEHAVIORAL_DEFAULT_SURPLUS_COLLATERAL,5.0,1,2,2,0.6108407343567581,1000.0,1.0,0.0,867.9370051019373,13317.118454353504,18757.122784871342,False,0.8,,100.0,0.05
sweep_03815,107,DAILY_0001,5,1000.0,1.3,0.2,False,True,BEHAVIORAL_DEFAULT_SURPLUS_COLLATERAL,4.0,1,2,2,0.6108407343567581,2000.0,1.0,0.0,1126.3320818994061,9504.711727327722,16598.76960648939,False,0.8,,100.0,0.05
sweep_03816,108,DAILY_0001,5,1000.0,1.3,0.2,False,True,BEHAVIORAL_DEFAULT_SURPLUS_COLLATERAL,4.0,1,2,2,0.6108407343567581,2000.0,1.0,0.0,3292.755372677395,9229.632260373746,16671.485611675358,False,0.8,,100.0,0.05
sweep_03817,109,DAILY_0001,5,1000.0,1.3,0.2,True,False,,,0,2,2,0.6108407343567581,0.0,1.0,0.0,0.0,17097.560018571552,18665.802399525837,False,1.0,,100.0,0.05
sweep_03818,110,DAILY_0001,5,1000.0,1.3,0.2,True,False,,,0,2,2,0.6108407343567581,0.0,1.0,0.0,0.0,17252.145983174083,18856.730968053052,False,1.0,,100.0,0.05
sweep_03819,111,DAILY_0001,5,1000.0,1.3,0.2,False,True,BEHAVIORAL_DEFAULT_SURPLUS_COLLATERAL,5.0,1,2,2,0.6108407343567581,1000.0,1.0,0.0,2995.2777451869492,13005.811951455453,18523.115279728503,False,0.8,,100.0,0.05
sweep_03820,112,DAILY_0001,5,1000.0,1.3,0.2,True,False,,,0,2,2,0.6108407343567581,0.0,1.0,0.0,0.0,16909.07625773677,18574.908723989203,False,1.0,,100.0,0.05
sweep_03821,113,DAILY_0001,5,1000.0,1.3,0.2,False,True,BEHAVIORAL_DEFAULT_SURPLUS_COLLATERAL,3.0,1,0,0,0.2295668026988248,3000.0,1.0,0.0,1633.5268533018452,6623.312533026473,16131.501472681135,False,0.8,,100.0,0.05
sweep_03822,114,DAILY_0001,5,1000.0,1.3,0.2,False,True,BEHAVIORAL_DEFAULT_SURPLUS_COLLATERAL,3.0,1,0,0,0.2295668026988248,3000.0,1.0,0.0,1546.7550316696925,6121.454939968626,15782.668116323632,False,0.8,,100.0,0.05
sweep_03823,115,DAILY_0001,5,1000.0,1.3,0.2,True,False,,,0,2,2,0.6108407343567581,0.0,1.0,0.0,0.0,16756.555719327873,18285.324490262006,False,1.0,,100.0,0.05
sweep_03824,116,DAILY_0001,5,1000.0,1.3,0.2,False,True,BEHAVIORAL_DEFAULT_SURPLUS_COLLATERAL,3.0,1,0,0,0.2295668026988248,3000.0,1.0,0.0,5207.915655032781,6397.070943819939,16086.632636773398,False,0.8,,100.0,0.05
sweep_03825,117,DAILY_0001,5,1000.0,1.3,0.2,False,True,BEHAVIORAL_DEFAULT_SURPLUS_COLLATERAL,2.0,1,0,0,0.0802993013430624,4000.0,1.0,0.0,2856.3580044560467,3189.4444401873525,7008.385627971342,False,0.8,,100.0,0.05
sweep_03826,118,DAILY_0001,5,1000.0,1.3,0.2,True,False,,,0,2,2,0.6108407343567581,0.0,1.0,0.0,0.0,16908.748437966286,18621.956007909044,False,1.0,,100.0,0.05
sweep_03827,119,DAILY_0001,5,1000.0,1.3,0.2,True,False,,,0,2,2,0.6108407343567581,0.0,1.0,0.0,0.0,16730.031620694273,18562.848667511204,False,1.0,,100.0,0.05
sweep_03828,120,DAILY_0001,5,1000.0,1.3,0.2,True,False,,,0,2,2,0.6108407343567581,0.0,1.0,0.0,0.0,17299.20314416707,18972.805631027106,False,1.0,,100.0,0.05
sweep_03829,121,DAILY_0001,5,1000.0,1.3,0.2,False,True,BEHAVIORAL_DEFAULT_SURPLUS_COLLATERAL,4.0,1,2,2,0.6108407343567581,2000.0,1.0,0.0,3290.955621081059,9287.607451281923,16605.005877278832,False,0.8,,100.0,0.05
sweep_03830,122,DAILY_0001,5,1000.0,1.3,0.2,True,False,,,0,2,2,0.6108407343567581,0.0,1.0,0.0,0.0,16786.425779314144,18581.347430742015,False,1.0,,100.0,0.05
sweep_03831,123,DAILY_0001,5,1000.0,1.3,0.2,False,True,BEHAVIORAL_DEFAULT_SURPLUS_COLLATERAL,4.0,1,3,3,0.6108407343567581,2000.0,1.0,0.0,3292.792788960658,10213.097259473365,16924.59899410732,False,0.8,,100.0,0.05
sweep_03832,124,DAILY_0001,5,1000.0,1.3,0.2,True,False,,,0,2,2,0.6108407343567581,0.0,1.0,0.0,0.0,17378.096470344266,18825.038366938472,False,1.0,,100.0,0.05
sweep_03833,125,DAILY_0001,5,1000.0,1.3,0.2,True,False,,,0,2,2,0.6108407343567581,0.0,1.0,0.0,0.0,17222.14785778652,18763.137273238553,False,1.0,,100.0,0.05
sweep_03834,126,DAILY_0001,5,1000.0,1.3,0.2,False,True,BEHAVIORAL_DEFAULT_SURPLUS_COLLATERAL,3.0,1,0,0,0.2295668026988248,3000.0,1.0,0.0,5282.969323248273,6608.331218475114,16274.936889719125,False,0.8,,100.0,0.05
sweep_03835,127,DAILY_0001,5,1000.0,1.3,0.2,True,False,,,0,2,2,0.6108407343567581,0.0,1.0,0.0,0.0,17068.994068195138,18667.696368026125,False,1.0,,100.0,0.05
sweep_03836,128,DAILY_0001,5,1000.0,1.3,0.2,True,False,,,0,2,2,0.6108407343567581,0.0,1.0,0.0,0.0,17380.160876094935,18702.63902007864,False,1.0,,100.0,0.05
sweep_03837,129,DAILY_0001,5,1000.0,1.3,0.2,True,False,,,0,2,2,0.6108407343567581,0.0,1.0,0.0,0.0,16680.988802965425,18391.689887619646,False,1.0,,100.0,0.05
sweep_03838,130,DAILY_0001,5,1000.0,1.3,0.2,False,True,BEHAVIORAL_DEFAULT_SURPLUS_COLLATERAL,5.0,1,2,2,0.6108407343567581,1000.0,1.0,0.0,3389.9524769721556,12730.738840773127,18414.230247976288,False,0.8,,100.0,0.05
sweep_03839,131,DAILY_0001,5,1000.0,1.3,0.2,False,True,BEHAVIORAL_DEFAULT_SURPLUS_COLLATERAL,4.0,1,2,2,0.6108407343567581,2000.0,1.0,0.0,3291.8625008089075,9894.940183776958,16764.44719998792,False,0.8,,100.0,0.05
sweep_03840,132,DAILY_0001,5,1000.0,1.3,0.2,False,True,BEHAVIORAL_DEFAULT_SURPLUS_COLLATERAL,4.0,1,2,2,0.6108407343567581,2000.0,1.0,0.0,915.8326190089347,9452.061028387478,16632.58784337583,False,0.8,,100.0,0.05
sweep_03841,133,DAILY_0001,5,1000.0,1.3,0.2,False,True,BEHAVIORAL_DEFAULT_SURPLUS_COLLATERAL,2.0,1,0,0,0.0802993013430624,4000.0,1.0,0.0,2803.6614097854617,3049.7954187370806,6950.852314406915,False,0.8,,100.0,0.05
sweep_03842,134,DAILY_0001,5,1000.0,1.3,0.2,False,True,BEHAVIORAL_DEFAULT_SURPLUS_COLLATERAL,3.0,1,0,0,0.2295668026988248,3000.0,1.0,0.0,1622.5715795110973,6618.547990000483,16156.187254144948,False,0.8,,100.0,0.05
sweep_03843,135,DAILY_0001,5,1000.0,1.3,0.2,True,False,,,0,2,2,0.6108407343567581,0.0,1.0,0.0,0.0,17308.180105341366,18773.500936460616,False,1.0,,100.0,0.05
sweep_03844,136,DAILY_0001,5,1000.0,1.3,0.2,False,True,BEHAVIORAL_DEFAULT_SURPLUS_COLLATERAL,5.0,1,2,2,0.6108407343567581,1000.0,1.0,0.0,3064.921861720354,12439.168673732074,18304.837394286496,False,0.8,,100.0,0.05
sweep_03845,137,DAILY_0001,5,1000.0,1.3,0.2,False,True,BEHAVIORAL_DEFAULT_SURPLUS_COLLATERAL,4.0,1,2,2,0.6108407343567581,2000.0,1.0,0.0,1027.7728379426526,9538.559186760156,16721.621331012906,False,0.8,,100.0,0.05
sweep_03846,138,DAILY_0001,5,1000.0,1.3,0.2,False,True,BEHAVIORAL_DEFAULT_SURPLUS_COLLATERAL,5.0,1,2,2,0.6108407343567581,1000.0,1.0,0.0,532.4194219948597,12533.99100881035,18346.517700115688,False,0.8,,100.0,0.05
sweep_03847,139,DAILY_0001,5,1000.0,1.3,0.2,False,True,BEHAVIORAL_DEFAULT_SURPLUS_COLLATERAL,2.0,1,0,0,0.0802993013430624,4000.0,1.0,0.0,2826.8116938748153,3111.145009532911,6976.127430606441,False,0.8,,100.0,0.05
sweep_03848,140,DAILY_0001,5,1000.0,1.3,0.2,False,True,BEHAVIORAL_DEFAULT_SURPLUS_COLLATERAL,2.0,1,0,0,0.0802993013430624,4000.0,1.0,0.0,2845.8042567183575,3161.476398733924,6996.863212117566,False,0.8,,100.0,0.05
sweep_03849,141,DAILY_0001,5,1000.0,1.3,0.2,True,False,,,0,2,2,0.6108407343567581,0.0,1.0,0.0,0.0,17185.12705013151,18680.26755068032,False,1.0,,100.0,0.05
sweep_03850,142,DAILY_0001,5,1000.0,1.3,0.2,False,True,BEHAVIORAL_DEFAULT_SURPLUS_COLLATERAL,2.0,1,0,0,0.0802993013430624,4000.0,1.0,0.0,2847.630438100695,3166.3158849403544,6998.857008239542,False,0.8,,100.0,0.05
sweep_03851,143,DAILY_0001,5,1000.0,1.3,0.2,True,False,,,0,2,2,0.6108407343567581,0.0,1.0,0.0,0.0,16445.290904199723,18299.912262686594,False,1.0,,100.0,0.05
sweep_03852,144,DAILY_0001,5,1000.0,1.3,0.2,True,False,,,0,2,2,0.6108407343567581,0.0,1.0,0.0,0.0,17343.411988435073,18887.382407288445,False,1.0,,100.0,0.05
sweep_03853,145,DAILY_0001,5,1000.0,1.3,0.2,True,False,,,0,2,2,0.6108407343567581,0.0,1.0,0.0,0.0,17193.72751399906,18825.375997204115,False,1.0,,100.0,0.05
sweep_03854,146,DAILY_0001,5,1000.0,1.3,0.2,True,False,,,0,2,2,0.6108407343567581,0.0,1.0,0.0,0.0,16193.924104929843,18123.874295259997,False,1.0,,100.0,0.05
sweep_03855,147,DAILY_0001,5,1000.0,1.3,0.2,False,True,BEHAVIORAL_DEFAULT_SURPLUS_COLLATERAL,4.0,1,2,2,0.6108407343567581,2000.0,1.0,0.0,975.9933685980509,9889.107754331599,16770.448067701684,False,0.8,,100.0,0.05
sweep_03856,148,DAILY_0001,5,1000.0,1.3,0.2,True,False,,,0,2,2,0.6108407343567581,0.0,1.0,0.0,0.0,17096.666287603017,18767.215064476768,False,1.0,,100.0,0.05
sweep_03857,149,DAILY_0001,5,1000.0,1.3,0.2,False,True,BEHAVIORAL_DEFAULT_SURPLUS_COLLATERAL,4.0,1,2,2,0.6108407343567581,2000.0,1.0,0.0,880.197139895849,9814.02173860668,16898.483684316525,False,0.8,,100.0,0.05
sweep_03858,150,DAILY_0001,5,1000.0,1.3,0.2,True,False,,,0,2,2,0.6108407343567581,0.0,1.0,0.0,0.0,16546.279710931314,18361.086479836937,False,1.0,,100.0,0.05
sweep_03859,151,DAILY_0001,5,1000.0,1.3,0.2,False,True,BEHAVIORAL_DEFAULT_SURPLUS_COLLATERAL,5.0,1,2,2,0.6108407343567581,1000.0,1.0,0.0,3260.5263917484363,13335.570209326292,18864.145451250108,False,0.8,,100.0,0.05
sweep_03860,152,DAILY_0001,5,1000.0,1.3,0.2,True,False,,,0,2,2,0.6108407343567581,0.0,1.0,0.0,0.0,17093.36930493184,18746.736124999974,False,1.0,,100.0,0.05
sweep_03861,153,DAILY_0001,5,1000.0,1.3,0.2,True,False,,,0,2,2,0.6108407343567581,0.0,1.0,0.0,0.0,16508.84948067981,18260.711089903118,False,1.0,,100.0,0.05
sweep_03862,154,DAILY_0001,5,1000.0,1.3,0.2,True,False,,,0,2,2,0.6108407343567581,0.0,1.0,0.0,0.0,16928.440090342658,18535.123073220686,False,1.0,,100.0,0.05
sweep_03863,155,DAILY_0001,5,1000.0,1.3,0.2,False,True,BEHAVIORAL_DEFAULT_SURPLUS_COLLATERAL,3.0,1,0,0,0.2295668026988248,3000.0,1.0,0.0,5158.9798858895565,6224.123226178908,15943.52320384806,False,0.8,,100.0,0.05
sweep_03864,156,DAILY_0001,5,1000.0,1.3,0.2,True,False,,,0,2,2,0.6108407343567581,0.0,1.0,0.0,0.0,16822.870383115638,18547.676878592953,False,1.0,,100.0,0.05
sweep_03865,157,DAILY_0001,5,1000.0,1.3,0.2,False,True,BEHAVIORAL_DEFAULT_SURPLUS_COLLATERAL,3.0,1,0,0,0.2295668026988248,3000.0,1.0,0.0,1552.6183788677126,6313.283449869156,15991.457693865534,False,0.8,,100.0,0.05
sweep_03866,158,DAILY_0001,5,1000.0,1.3,0.2,True,False,,,0,2,2,0.6108407343567581,0.0,1.0,0.0,0.0,17327.297792749472,18723.7506681538,False,1.0,,100.0,0.05
sweep_03867,159,DAILY_0001,5,1000.0,1.3,0.2,True,False,,,0,2,2,0.6108407343567581,0.0,1.0,0.0,0.0,17547.075472215663,18944.852754010433,False,1.0,,100.0,0.05
sweep_03868,160,DAILY_0001,5,1000.0,1.3,0.2,False,True,BEHAVIORAL_DEFAULT_SURPLUS_COLLATERAL,5.0,1,3,3,0.6108407343567581,1000.0,1.0,0.0,6772.079082603722,13559.294233579409,18866.151040940083,False,0.8,,100.0,0.05
sweep_03869,161,DAILY_0001,5,1000.0,1.3,0.2,True,False,,,0,2,2,0.6108407343567581,0.0,1.0,0.0,0.0,16722.38973114001,18385.410093323815,False,1.0,,100.0,0.05
sweep_03870,162,DAILY_0001,5,1000.0,1.3,0.2,False,True,BEHAVIORAL_DEFAULT_SURPLUS_COLLATERAL,3.0,1,0,0,0.2295668026988248,3000.0,1.0,0.0,5036.753913052339,6099.333759251945,15763.502481332098,False,0.8,,100.0,0.05
sweep_03871,163,DAILY_0001,5,1000.0,1.3,0.2,True,False,,,0,2,2,0.6108407343567581,0.0,1.0,0.0,0.0,17276.966005569957,18856.46167628838,False,1.0,,100.0,0.05
sweep_03872,164,DAILY_0001,5,1000.0,1.3,0.2,True,False,,,0,2,2,0.6108407343567581,0.0,1.0,0.0,0.0,17233.351687522765,18718.211060446614,False,1.0,,100.0,0.05
sweep_03873,165,DAILY_0001,5,1000.0,1.3,0.2,True,False,,,0,2,2,0.6108407343567581,0.0,1.0,0.0,0.0,16913.7215097475,18492.081553934615,False,1.0,,100.0,0.05
sweep_03874,166,DAILY_0001,5,1000.0,1.3,0.2,False,True,BEHAVIORAL_DEFAULT_SURPLUS_COLLATERAL,5.0,1,2,2,0.6108407343567581,1000.0,1.0,0.0,3419.5483099952107,13275.843211445086,18884.85731910067,False,0.8,,100.0,0.05
sweep_03875,167,DAILY_0001,5,1000.0,1.3,0.2,True,False,,,0,2,2,0.6108407343567581,0.0,1.0,0.0,0.0,16859.790773916782,18551.94774989423,False,1.0,,100.0,0.05
sweep_03876,168,DAILY_0001,5,1000.0,1.3,0.2,False,True,BEHAVIORAL_DEFAULT_SURPLUS_COLLATERAL,5.0,1,2,2,0.6108407343567581,1000.0,1.0,0.0,6728.780272884556,12306.50352346156,18154.53594870897,False,0.8,,100.0,0.05
sweep_03877,169,DAILY_0001,5,1000.0,1.3,0.2,False,True,BEHAVIORAL_DEFAULT_SURPLUS_COLLATERAL,5.0,1,2,2,0.6108407343567581,1000.0,1.0,0.0,3387.734436108174,13383.861734067441,18795.20651876909,False,0.8,,100.0,0.05
sweep_03878,170,DAILY_0001,5,1000.0,1.3,0.2,True,False,,,0,2,2,0.6108407343567581,0.0,1.0,0.0,0.0,17232.159337492943,18636.625679009343,False,1.0,,100.0,0.05
sweep_03879,171,DAILY_0001,5,1000.0,1.3,0.2,True,False,,,0,2,2,0.6108407343567581,0.0,1.0,0.0,0.0,16487.879755940605,18269.67911856098,False,1.0,,100.0,0.05
sweep_03880,172,DAILY_0001,5,1000.0,1.3,0.2,False,True,BEHAVIORAL_DEFAULT_SURPLUS_COLLATERAL,5.0,1,2,2,0.6108407343567581,1000.0,1.0,0.0,775.0945556789193,12754.088913575759,18430.607200316314,False,0.8,,100.0,0.05
sweep_03881,173,DAILY_0001,5,1000.0,1.3,0.2,True,False,,,0,2,2,0.6108407343567581,0.0,1.0,0.0,0.0,16811.936915077735,18594.736037723065,False,1.0,,100.0,0.05
sweep_03882,174,DAILY_0001,5,1000.0,1.3,0.2,True,False,,,0,2,2,0.6108407343567581,0.0,1.0,0.0,0.0,16928.24289810534,18534.47309266965,False,1.0,,100.0,0.05
sweep_03883,175,DAILY_0001,5,1000.0,1.3,0.2,True,False,,,0,2,2,0.6108407343567581,0.0,1.0,0.0,0.0,16822.84112582361,18453.19198994238,False,1.0,,100.0,0.05
sweep_03884,176,DAILY_0001,5,1000.0,1.3,0.2,True,False,,,0,2,2,0.6108407343567581,0.0,1.0,0.0,0.0,16402.90381242599,18250.55318346243,False,1.0,,100.0,0.05
sweep_03885,177,DAILY_0001,5,1000.0,1.3,0.2,False,True,BEHAVIORAL_DEFAULT_SURPLUS_COLLATERAL,2.0,1,0,0,0.0802993013430624,4000.0,1.0,0.0,2845.319175431184,3160.1909052878864,6996.333607994688,False,0.8,,100.0,0.05
sweep_03886,178,DAILY_0001,5,1000.0,1.3,0.2,True,False,,,0,2,2,0.6108407343567581,0.0,1.0,0.0,0.0,16613.95277706074,18387.76149095621,False,1.0,,100.0,0.05
sweep_03887,179,DAILY_0001,5,1000.0,1.3,0.2,True,False,,,0,2,2,0.6108407343567581,0.0,1.0,0.0,0.0,16825.94357748756,18428.961030507613,False,1.0,,100.0,0.05
sweep_03888,180,DAILY_0001,5,1000.0,1.3,0.2,True,False,,,0,2,2,0.6108407343567581,0.0,1.0,0.0,0.0,17332.698660576734,18683.47211398109,False,1.0,,100.0,0.05
sweep_03889,181,DAILY_0001,5,1000.0,1.3,0.2,False,True,BEHAVIORAL_DEFAULT_SURPLUS_COLLATERAL,4.0,1,2,2,0.6108407343567581,2000.0,1.0,0.0,1137.4671242798386,9381.7156603568,16762.78391801096,False,0.8,,100.0,0.05
sweep_03890,182,DAILY_0001,5,1000.0,1.3,0.2,False,True,BEHAVIORAL_DEFAULT_SURPLUS_COLLATERAL,4.0,1,2,2,0.6108407343567581,2000.0,1.0,0.0,1088.2183153501805,9613.459796300805,16694.67258999265,False,0.8,,100.0,0.05
sweep_03891,183,DAILY_0001,5,1000.0,1.3,0.2,False,True,BEHAVIORAL_DEFAULT_SURPLUS_COLLATERAL,5.0,1,2,2,0.6108407343567581,1000.0,1.0,0.0,2932.3634061507705,12517.895991903359,18311.098700152696,False,0.8,,100.0,0.05
sweep_03892,184,DAILY_0001,5,1000.0,1.3,0.2,True,False,,,0,2,2,0.6108407343567581,0.0,1.0,0.0,0.0,17226.715015370733,18875.57239673209,False,1.0,,100.0,0.05
sweep_03893,185,DAILY_0001,5,1000.0,1.3,0.2,False,True,BEHAVIORAL_DEFAULT_SURPLUS_COLLATERAL,4.0,1,2,2,0.6108407343567581,2000.0,1.0,0.0,899.9216531150469,9321.804157226868,16643.65707645779,False,0.8,,100.0,0.05
sweep_03894,186,DAILY_0001,5,1000.0,1.3,0.2,False,True,BEHAVIORAL_DEFAULT_SURPLUS_COLLATERAL,3.0,1,0,0,0.2295668026988248,3000.0,1.0,0.0,1638.8921393905175,6559.983069571281,16042.39685138671,False,0.8,,100.0,0.05
sweep_03895,187,DAILY_0001,5,1000.0,1.3,0.2,False,True,BEHAVIORAL_DEFAULT_SURPLUS_COLLATERAL,4.0,1,2,2,0.6108407343567581,2000.0,1.0,0.0,1008.1993272431787,9703.856181907031,16736.88617294528,False,0.8,,100.0,0.05
sweep_03896,188,DAILY_0001,5,1000.0,1.3,0.2,False,True,BEHAVIORAL_DEFAULT_SURPLUS_COLLATERAL,5.0,1,2,2,0.6108407343567581,1000.0,1.0,0.0,3384.6586880399873,13167.848974053273,18655.08444626657,False,0.8,,100.0,0.05
sweep_03897,189,DAILY_0001,5,1000.0,1.3,0.2,True,False,,,0,2,2,0.6108407343567581,0.0,1.0,0.0,0.0,17458.454152212147,18888.820573374036,False,1.0,,100.0,0.05
sweep_03898,190,DAILY_0001,5,1000.0,1.3,0.2,False,True,BEHAVIORAL_DEFAULT_SURPLUS_COLLATERAL,4.0,1,2,2,0.6108407343567581,2000.0,1.0,0.0,3289.85530103591,9384.639416814975,16585.130766891052,False,0.8,,100.0,0.05
sweep_03899,191,DAILY_0001,5,1000.0,1.3,0.2,True,False,,,0,2,2,0.6108407343567581,0.0,1.0,0.0,0.0,16741.237276910877,18391.456379874995,False,1.0,,100.0,0.05
sweep_03900,42,DAILY_0001,5,1000.0,1.3,0.2,True,False,,,0,2,2,0.6108407343567581,0.0,1.0,0.0,0.0,17143.15024973444,18600.76974925041,False,1.0,,150.0,0.05
sweep_03901,43,DAILY_0001,5,1000.0,1.3,0.2,True,False,,,0,2,2,0.6108407343567581,0.0,1.0,0.0,0.0,16683.664856290503,18406.788828378307,False,1.0,,150.0,0.05
sweep_03902,44,DAILY_0001,5,1000.0,1.3,0.2,True,False,,,0,2,2,0.6108407343567581,0.0,1.0,0.0,0.0,16963.961355801184,18693.688017225537,False,1.0,,150.0,0.05
sweep_03903,45,DAILY_0001,5,1000.0,1.3,0.2,False,True,BEHAVIORAL_DEFAULT_SURPLUS_COLLATERAL,5.0,1,2,2,0.6108407343567581,1000.0,1.0,0.0,6816.639314408434,12896.079661440042,18517.835163627242,False,0.8,,150.0,0.05
sweep_03904,46,DAILY_0001,5,1000.0,1.3,0.2,True,False,,,0,2,2,0.6108407343567581,0.0,1.0,0.0,0.0,16307.234970412434,18129.902087523857,False,1.0,,150.0,0.05
sweep_03905,47,DAILY_0001,5,1000.0,1.3,0.2,True,False,,,0,2,2,0.6108407343567581,0.0,1.0,0.0,0.0,17175.220923270765,18755.46359043895,False,1.0,,150.0,0.05
sweep_03906,48,DAILY_0001,5,1000.0,1.3,0.2,False,True,BEHAVIORAL_DEFAULT_SURPLUS_COLLATERAL,3.0,1,0,0,0.2295668026988248,3000.0,1.0,0.0,1600.2680351932668,6384.596399760172,15943.423402718725,False,0.8,,150.0,0.05
sweep_03907,49,DAILY_0001,5,1000.0,1.3,0.2,True,False,,,0,2,2,0.6108407343567581,0.0,1.0,0.0,0.0,17411.6649980281,18942.308791581312,False,1.0,,150.0,0.05
sweep_03908,50,DAILY_0001,5,1000.0,1.3,0.2,True,False,,,0,2,2,0.6108407343567581,0.0,1.0,0.0,0.0,16470.071539501125,18286.80202038856,False,1.0,,150.0,0.05
sweep_03909,51,DAILY_0001,5,1000.0,1.3,0.2,True,False,,,0,2,2,0.6108407343567581,0.0,1.0,0.0,0.0,16553.917458671152,18185.136700972314,False,1.0,,150.0,0.05
sweep_03910,52,DAILY_0001,5,1000.0,1.3,0.2,False,True,BEHAVIORAL_DEFAULT_SURPLUS_COLLATERAL,5.0,1,2,2,0.6108407343567581,1000.0,1.0,0.0,6669.083672908254,13756.613367327447,19106.309806518897,False,0.8,,150.0,0.05
sweep_03911,53,DAILY_0001,5,1000.0,1.3,0.2,False,True,BEHAVIORAL_DEFAULT_SURPLUS_COLLATERAL,5.0,1,2,2,0.6108407343567581,1000.0,1.0,0.0,6749.2842222642075,12961.478326267516,18669.017602143755,False,0.8,,150.0,0.05
sweep_03912,54,DAILY_0001,5,1000.0,1.3,0.2,False,True,BEHAVIORAL_DEFAULT_SURPLUS_COLLATERAL,5.0,1,2,2,0.6108407343567581,1000.0,1.0,0.0,504.5797749547555,12569.941496225256,18460.314157033135,False,0.8,,150.0,0.05
sweep_03913,55,DAILY_0001,5,1000.0,1.3,0.2,False,True,BEHAVIORAL_DEFAULT_SURPLUS_COLLATERAL,5.0,1,2,2,0.6108407343567581,1000.0,1.0,0.0,3393.1144171242695,13020.111295967612,18568.07048638595,False,0.8,,150.0,0.05
sweep_03914,56,DAILY_0001,5,1000.0,1.3,0.2,False,True,BEHAVIORAL_DEFAULT_SURPLUS_COLLATERAL,5.0,1,2,2,0.6108407343567581,1000.0,1.0,0.0,3342.8537273290804,12704.486967871519,18449.834581945295,False,0.8,,150.0,0.05
sweep_03915,57,DAILY_0001,5,1000.0,1.3,0.2,True,False,,,0,2,2,0.6108407343567581,0.0,1.0,0.0,0.0,16629.925622068513,18282.682613759007,False,1.0,,150.0,0.05
sweep_03916,58,DAILY_0001,5,1000.0,1.3,0.2,True,False,,,0,2,2,0.6108407343567581,0.0,1.0,0.0,0.0,17118.252725129587,18781.37217764809,False,1.0,,150.0,0.05
sweep_03917,59,DAILY_0001,5,1000.0,1.3,0.2,False,True,BEHAVIORAL_DEFAULT_SURPLUS_COLLATERAL,4.0,1,2,2,0.6108407343567581,2000.0,1.0,0.0,881.288363137875,9396.14470761244,16738.367010741105,False,0.8,,150.0,0.05
sweep_03918,60,DAILY_0001,5,1000.0,1.3,0.2,True,False,,,0,2,2,0.6108407343567581,0.0,1.0,0.0,0.0,16890.892442598783,18524.583040472353,False,1.0,,150.0,0.05
sweep_03919,61,DAILY_0001,5,1000.0,1.3,0.2,True,False,,,0,2,2,0.6108407343567581,0.0,1.0,0.0,0.0,17049.548692196306,18716.536960359936,False,1.0,,150.0,0.05
sweep_03920,62,DAILY_0001,5,1000.0,1.3,0.2,True,False,,,0,2,2,0.6108407343567581,0.0,1.0,0.0,0.0,16688.163188009137,18480.763548215575,False,1.0,,150.0,0.05
sweep_03921,63,DAILY_0001,5,1000.0,1.3,0.2,False,True,BEHAVIORAL_DEFAULT_SURPLUS_COLLATERAL,5.0,1,2,2,0.6108407343567581,1000.0,1.0,0.0,3365.334084514965,12560.781626539678,18322.752180852855,False,0.8,,150.0,0.05
sweep_03922,64,DAILY_0001,5,1000.0,1.3,0.2,False,True,BEHAVIORAL_DEFAULT_SURPLUS_COLLATERAL,3.0,1,0,0,0.2295668026988248,3000.0,1.0,0.0,5039.40957396858,6151.058035452796,15795.72286946603,False,0.8,,150.0,0.05
sweep_03923,65,DAILY_0001,5,1000.0,1.3,0.2,False,True,BEHAVIORAL_DEFAULT_SURPLUS_COLLATERAL,2.0,1,0,0,0.0802993013430624,4000.0,1.0,0.0,2822.591898278779,3099.9623073224475,6971.5203241184,False,0.8,,150.0,0.05
sweep_03924,66,DAILY_0001,5,1000.0,1.3,0.2,True,False,,,0,2,2,0.6108407343567581,0.0,1.0,0.0,0.0,17056.111050431617,18640.414124475483,False,1.0,,150.0,0.05
sweep_03925,67,DAILY_0001,5,1000.0,1.3,0.2,True,False,,,0,2,2,0.6108407343567581,0.0,1.0,0.0,0.0,17358.7323024141,18776.500614126468,False,1.0,,150.0,0.05
sweep_03926,68,DAILY_0001,5,1000.0,1.3,0.2,False,True,BEHAVIORAL_DEFAULT_SURPLUS_COLLATERAL,4.0,1,2,2,0.6108407343567581,2000.0,1.0,0.0,913.5797349393247,9384.172146377827,16672.926144437395,False,0.8,,150.0,0.05
sweep_03927,69,DAILY_0001,5,1000.0,1.3,0.2,False,True,BEHAVIORAL_DEFAULT_SURPLUS_COLLATERAL,3.0,1,0,0,0.2295668026988248,3000.0,1.0,0.0,1561.2127739776242,6254.764509256824,15899.071866915932,False,0.8,,150.0,0.05
sweep_03928,70,DAILY_0001,5,1000.0,1.3,0.2,True,False,,,0,2,2,0.6108407343567581,0.0,1.0,0.0,0.0,18008.300555488746,19065.912361171177,False,1.0,,150.0,0.05
sweep_03929,71,DAILY_0001,5,1000.0,1.3,0.2,True,False,,,0,2,2,0.6108407343567581,0.0,1.0,0.0,0.0,17077.07193201092,18655.01641686092,False,1.0,,150.0,0.05
sweep_03930,72,DAILY_0001,5,1000.0,1.3,0.2,False,True,BEHAVIORAL_DEFAULT_SURPLUS_COLLATERAL,5.0,1,2,2,0.6108407343567581,1000.0,1.0,0.0,592.28026367043,12739.57666014175,18384.352995932466,False,0.8,,150.0,0.05
sweep_03931,73,DAILY_0001,5,1000.0,1.3,0.2,True,False,,,0,2,2,0.6108407343567581,0.0,1.0,0.0,0.0,16909.5959464029,18525.6314270096,False,1.0,,150.0,0.05
sweep_03932,74,DAILY_0001,5,1000.0,1.3,0.2,False,True,BEHAVIORAL_DEFAULT_SURPLUS_COLLATERAL,3.0,1,0,0,0.2295668026988248,3000.0,1.0,0.0,5075.783491928035,6142.21535254676,15822.739316294952,False,0.8,,150.0,0.05
sweep_03933,75,DAILY_0001,5,1000.0,1.3,0.2,True,False,,,0,2,2,0.6108407343567581,0.0,1.0,0.0,0.0,16697.360309291158,18428.219972718052,False,1.0,,150.0,0.05
sweep_03934,76,DAILY_0001,5,1000.0,1.3,0.2,True,False,,,0,2,2,0.6108407343567581,0.0,1.0,0.0,0.0,16671.801168191498,18449.295668270002,False,1.0,,150.0,0.05
sweep_03935,77,DAILY_0001,5,1000.0,1.3,0.2,True,False,,,0,2,2,0.6108407343567581,0.0,1.0,0.0,0.0,16763.124564751575,18516.543732873266,False,1.0,,150.0,0.05
sweep_03936,78,DAILY_0001,5,1000.0,1.3,0.2,True,False,,,0,2,2,0.6108407343567581,0.0,1.0,0.0,0.0,16719.51222653161,18369.246226929587,False,1.0,,150.0,0.05
sweep_03937,79,DAILY_0001,5,1000.0,1.3,0.2,True,False,,,0,2,2,0.6108407343567581,0.0,1.0,0.0,0.0,16476.77247232043,18270.50233399253,False,1.0,,150.0,0.05
sweep_03938,80,DAILY_0001,5,1000.0,1.3,0.2,True,False,,,0,2,2,0.6108407343567581,0.0,1.0,0.0,0.0,16187.427798734678,18099.625214798518,False,1.0,,150.0,0.05
sweep_03939,81,DAILY_0001,5,1000.0,1.3,0.2,True,False,,,0,3,3,0.6108407343567581,0.0,1.0,0.0,0.0,17261.26216002694,18653.790507196692,False,1.0,,150.0,0.05
sweep_03940,82,DAILY_0001,5,1000.0,1.3,0.2,True,False,,,0,2,2,0.6108407343567581,0.0,1.0,0.0,0.0,17428.23657344996,19010.006977350014,False,1.0,,150.0,0.05
sweep_03941,83,DAILY_0001,5,1000.0,1.3,0.2,False,True,BEHAVIORAL_DEFAULT_SURPLUS_COLLATERAL,5.0,1,2,2,0.6108407343567581,1000.0,1.0,0.0,773.1883745282498,13023.010849409744,18586.578122000676,False,0.8,,150.0,0.05
sweep_03942,84,DAILY_0001,5,1000.0,1.3,0.2,False,True,BEHAVIORAL_DEFAULT_SURPLUS_COLLATERAL,3.0,1,0,0,0.2295668026988248,3000.0,1.0,0.0,1577.2645311433243,6504.624246924773,16147.770440999335,False,0.8,,150.0,0.05
sweep_03943,85,DAILY_0001,5,1000.0,1.3,0.2,False,True,BEHAVIORAL_DEFAULT_SURPLUS_COLLATERAL,4.0,1,2,2,0.6108407343567581,2000.0,1.0,0.0,944.7010084455078,9644.511591981416,16697.035186377616,False,0.8,,150.0,0.05
sweep_03944,86,DAILY_0001,5,1000.0,1.3,0.2,True,False,,,0,2,2,0.6108407343567581,0.0,1.0,0.0,0.0,17346.9008892341,18850.144831041915,False,1.0,,150.0,0.05
sweep_03945,87,DAILY_0001,5,1000.0,1.3,0.2,True,False,,,0,2,2,0.6108407343567581,0.0,1.0,0.0,0.0,16887.21410701461,18518.31471548134,False,1.0,,150.0,0.05
sweep_03946,88,DAILY_0001,5,1000.0,1.3,0.2,False,True,BEHAVIORAL_DEFAULT_SURPLUS_COLLATERAL,3.0,1,0,0,0.2295668026988248,3000.0,1.0,0.0,5036.625677518031,6598.059130640779,16051.444179380444,False,0.8,,150.0,0.05
sweep_03947,89,DAILY_0001,5,1000.0,1.3,0.2,True,False,,,0,2,2,0.6108407343567581,0.0,1.0,0.0,0.0,16483.760527058344,18300.156661781453,False,1.0,,150.0,0.05
sweep_03948,90,DAILY_0001,5,1000.0,1.3,0.2,False,True,BEHAVIORAL_DEFAULT_SURPLUS_COLLATERAL,4.0,1,2,2,0.6108407343567581,2000.0,1.0,0.0,3292.018446519165,9428.143344053857,16714.90396937074,False,0.8,,150.0,0.05
sweep_03949,91,DAILY_0001,5,1000.0,1.3,0.2,True,False,,,0,2,2,0.6108407343567581,0.0,1.0,0.0,0.0,16432.64453049189,18318.887672525198,False,1.0,,150.0,0.05
sweep_03950,92,DAILY_0001,5,1000.0,1.3,0.2,True,False,,,0,2,2,0.6108407343567581,0.0,1.0,0.0,0.0,16541.46983637411,18369.185861860282,False,1.0,,150.0,0.05
sweep_03951,93,DAILY_0001,5,1000.0,1.3,0.2,False,True,BEHAVIORAL_DEFAULT_SURPLUS_COLLATERAL,3.0,1,0,0,0.2295668026988248,3000.0,1.0,0.0,1606.2154339587705,7022.911645595454,16675.657591448376,False,0.8,,150.0,0.05
sweep_03952,94,DAILY_0001,5,1000.0,1.3,0.2,True,False,,,0,2,2,0.6108407343567581,0.0,1.0,0.0,0.0,16816.49136159871,18543.97515776212,False,1.0,,150.0,0.05
sweep_03953,95,DAILY_0001,5,1000.0,1.3,0.2,True,False,,,0,2,2,0.6108407343567581,0.0,1.0,0.0,0.0,17545.744689882886,18892.483766523117,False,1.0,,150.0,0.05
sweep_03954,96,DAILY_0001,5,1000.0,1.3,0.2,True,False,,,0,2,2,0.6108407343567581,0.0,1.0,0.0,0.0,17272.505142960632,18592.927204574586,False,1.0,,150.0,0.05
sweep_03955,97,DAILY_0001,5,1000.0,1.3,0.2,True,False,,,0,2,2,0.6108407343567581,0.0,1.0,0.0,0.0,17205.00493267573,18661.546588836034,False,1.0,,150.0,0.05
sweep_03956,98,DAILY_0001,5,1000.0,1.3,0.2,True,False,,,0,2,2,0.6108407343567581,0.0,1.0,0.0,0.0,17117.740576801672,18750.117054528746,False,1.0,,150.0,0.05
sweep_03957,99,DAILY_0001,5,1000.0,1.3,0.2,False,True,BEHAVIORAL_DEFAULT_SURPLUS_COLLATERAL,4.0,1,2,2,0.6108407343567581,2000.0,1.0,0.0,3290.9511902307113,9546.407766635395,16719.02754542743,False,0.8,,150.0,0.05
sweep_03958,100,DAILY_0001,5,1000.0,1.3,0.2,True,False,,,0,2,2,0.6108407343567581,0.0,1.0,0.0,0.0,17296.288473944063,18851.876170542866,False,1.0,,150.0,0.05
sweep_03959,101,DAILY_0001,5,1000.0,1.3,0.2,False,True,BEHAVIORAL_DEFAULT_SURPLUS_COLLATERAL,5.0,1,2,2,0.6108407343567581,1000.0,1.0,0.0,3104.322520103343,13094.897102232273,18739.48063473584,False,0.8,,150.0,0.05
sweep_03960,102,DAILY_0001,5,1000.0,1.3,0.2,False,True,BEHAVIORAL_DEFAULT_SURPLUS_COLLATERAL,5.0,1,2,2,0.6108407343567581,1000.0,1.0,0.0,6890.604121025068,13315.718463742422,18951.433090034818,False,0.8,,150.0,0.05
sweep_03961,103,DAILY_0001,5,1000.0,1.3,0.2,False,True,BEHAVIORAL_DEFAULT_SURPLUS_COLLATERAL,4.0,1,2,2,0.6108407343567581,2000.0,1.0,0.0,1117.3815166800127,9410.055771571677,16678.190789627024,False,0.8,,150.0,0.05
sweep_03962,104,DAILY_0001,5,1000.0,1.3,0.2,True,False,,,0,2,2,0.6108407343567581,0.0,1.0,0.0,0.0,16965.565545296653,18493.296148228168,False,1.0,,150.0,0.05
sweep_03963,105,DAILY_0001,5,1000.0,1.3,0.2,False,True,BEHAVIORAL_DEFAULT_SURPLUS_COLLATERAL,4.0,1,2,2,0.6108407343567581,2000.0,1.0,0.0,3294.580487064566,10112.068977480729,16898.91096814516,False,0.8,,150.0,0.05
sweep_03964,106,DAILY_0001,5,1000.0,1.3,0.2,False,True,BEHAVIORAL_DEFAULT_SURPLUS_COLLATERAL,5.0,1,2,2,0.6108407343567581,1000.0,1.0,0.0,867.9370051019373,13317.118454353504,18757.122784871342,False,0.8,,150.0,0.05
sweep_03965,107,DAILY_0001,5,1000.0,1.3,0.2,False,True,BEHAVIORAL_DEFAULT_SURPLUS_COLLATERAL,4.0,1,2,2,0.6108407343567581,2000.0,1.0,0.0,1126.3320818994061,9504.711727327722,16598.76960648939,False,0.8,,150.0,0.05
sweep_03966,108,DAILY_0001,5,1000.0,1.3,0.2,False,True,BEHAVIORAL_DEFAULT_SURPLUS_COLLATERAL,4.0,1,2,2,0.6108407343567581,2000.0,1.0,0.0,3292.755372677395,9229.632260373746,16671.485611675358,False,0.8,,150.0,0.05
sweep_03967,109,DAILY_0001,5,1000.0,1.3,0.2,True,False,,,0,2,2,0.6108407343567581,0.0,1.0,0.0,0.0,17097.560018571552,18665.802399525837,False,1.0,,150.0,0.05
sweep_03968,110,DAILY_0001,5,1000.0,1.3,0.2,True,False,,,0,2,2,0.6108407343567581,0.0,1.0,0.0,0.0,17252.145983174083,18856.730968053052,False,1.0,,150.0,0.05
sweep_03969,111,DAILY_0001,5,1000.0,1.3,0.2,False,True,BEHAVIORAL_DEFAULT_SURPLUS_COLLATERAL,5.0,1,2,2,0.6108407343567581,1000.0,1.0,0.0,2995.2777451869492,13005.811951455453,18523.115279728503,False,0.8,,150.0,0.05
sweep_03970,112,DAILY_0001,5,1000.0,1.3,0.2,True,False,,,0,2,2,0.6108407343567581,0.0,1.0,0.0,0.0,16909.07625773677,18574.908723989203,False,1.0,,150.0,0.05
sweep_03971,113,DAILY_0001,5,1000.0,1.3,0.2,False,True,BEHAVIORAL_DEFAULT_SURPLUS_COLLATERAL,3.0,1,0,0,0.2295668026988248,3000.0,1.0,0.0,1633.5268533018452,6623.312533026473,16131.501472681135,False,0.8,,150.0,0.05
sweep_03972,114,DAILY_0001,5,1000.0,1.3,0.2,False,True,BEHAVIORAL_DEFAULT_SURPLUS_COLLATERAL,3.0,1,0,0,0.2295668026988248,3000.0,1.0,0.0,1546.7550316696925,6121.454939968626,15782.668116323632,False,0.8,,150.0,0.05
sweep_03973,115,DAILY_0001,5,1000.0,1.3,0.2,True,False,,,0,2,2,0.6108407343567581,0.0,1.0,0.0,0.0,16756.555719327873,18285.324490262006,False,1.0,,150.0,0.05
sweep_03974,116,DAILY_0001,5,1000.0,1.3,0.2,False,True,BEHAVIORAL_DEFAULT_SURPLUS_COLLATERAL,3.0,1,0,0,0.2295668026988248,3000.0,1.0,0.0,5207.915655032781,6397.070943819939,16086.632636773398,False,0.8,,150.0,0.05
sweep_03975,117,DAILY_0001,5,1000.0,1.3,0.2,False,True,BEHAVIORAL_DEFAULT_SURPLUS_COLLATERAL,2.0,1,0,0,0.0802993013430624,4000.0,1.0,0.0,2856.3580044560467,3189.4444401873525,7008.385627971342,False,0.8,,150.0,0.05
sweep_03976,118,DAILY_0001,5,1000.0,1.3,0.2,True,False,,,0,2,2,0.6108407343567581,0.0,1.0,0.0,0.0,16908.748437966286,18621.956007909044,False,1.0,,150.0,0.05
sweep_03977,119,DAILY_0001,5,1000.0,1.3,0.2,True,False,,,0,2,2,0.6108407343567581,0.0,1.0,0.0,0.0,16730.031620694273,18562.848667511204,False,1.0,,150.0,0.05
sweep_03978,120,DAILY_0001,5,1000.0,1.3,0.2,True,False,,,0,2,2,0.6108407343567581,0.0,1.0,0.0,0.0,17299.20314416707,18972.805631027106,False,1.0,,150.0,0.05
sweep_03979,121,DAILY_0001,5,1000.0,1.3,0.2,False,True,BEHAVIORAL_DEFAULT_SURPLUS_COLLATERAL,4.0,1,2,2,0.6108407343567581,2000.0,1.0,0.0,3290.955621081059,9287.607451281923,16605.005877278832,False,0.8,,150.0,0.05
sweep_03980,122,DAILY_0001,5,1000.0,1.3,0.2,True,False,,,0,2,2,0.6108407343567581,0.0,1.0,0.0,0.0,16786.425779314144,18581.347430742015,False,1.0,,150.0,0.05
sweep_03981,123,DAILY_0001,5,1000.0,1.3,0.2,False,True,BEHAVIORAL_DEFAULT_SURPLUS_COLLATERAL,4.0,1,3,3,0.6108407343567581,2000.0,1.0,0.0,3292.792788960658,10213.097259473365,16924.59899410732,False,0.8,,150.0,0.05
sweep_03982,124,DAILY_0001,5,1000.0,1.3,0.2,True,False,,,0,2,2,0.6108407343567581,0.0,1.0,0.0,0.0,17378.096470344266,18825.038366938472,False,1.0,,150.0,0.05
sweep_03983,125,DAILY_0001,5,1000.0,1.3,0.2,True,False,,,0,2,2,0.6108407343567581,0.0,1.0,0.0,0.0,17222.14785778652,18763.137273238553,False,1.0,,150.0,0.05
sweep_03984,126,DAILY_0001,5,1000.0,1.3,0.2,False,True,BEHAVIORAL_DEFAULT_SURPLUS_COLLATERAL,3.0,1,0,0,0.2295668026988248,3000.0,1.0,0.0,5282.969323248273,6608.331218475114,16274.936889719125,False,0.8,,150.0,0.05
sweep_03985,127,DAILY_0001,5,1000.0,1.3,0.2,True,False,,,0,2,2,0.6108407343567581,0.0,1.0,0.0,0.0,17068.994068195138,18667.696368026125,False,1.0,,150.0,0.05
sweep_03986,128,DAILY_0001,5,1000.0,1.3,0.2,True,False,,,0,2,2,0.6108407343567581,0.0,1.0,0.0,0.0,17380.160876094935,18702.63902007864,False,1.0,,150.0,0.05
sweep_03987,129,DAILY_0001,5,1000.0,1.3,0.2,True,False,,,0,2,2,0.6108407343567581,0.0,1.0,0.0,0.0,16680.988802965425,18391.689887619646,False,1.0,,150.0,0.05
sweep_03988,130,DAILY_0001,5,1000.0,1.3,0.2,False,True,BEHAVIORAL_DEFAULT_SURPLUS_COLLATERAL,5.0,1,2,2,0.6108407343567581,1000.0,1.0,0.0,3389.9524769721556,12730.738840773127,18414.230247976288,False,0.8,,150.0,0.05
sweep_03989,131,DAILY_0001,5,1000.0,1.3,0.2,False,True,BEHAVIORAL_DEFAULT_SURPLUS_COLLATERAL,4.0,1,2,2,0.6108407343567581,2000.0,1.0,0.0,3291.8625008089075,9894.940183776958,16764.44719998792,False,0.8,,150.0,0.05
sweep_03990,132,DAILY_0001,5,1000.0,1.3,0.2,False,True,BEHAVIORAL_DEFAULT_SURPLUS_COLLATERAL,4.0,1,2,2,0.6108407343567581,2000.0,1.0,0.0,915.8326190089347,9452.061028387478,16632.58784337583,False,0.8,,150.0,0.05
sweep_03991,133,DAILY_0001,5,1000.0,1.3,0.2,False,True,BEHAVIORAL_DEFAULT_SURPLUS_COLLATERAL,2.0,1,0,0,0.0802993013430624,4000.0,1.0,0.0,2803.6614097854617,3049.7954187370806,6950.852314406915,False,0.8,,150.0,0.05
sweep_03992,134,DAILY_0001,5,1000.0,1.3,0.2,False,True,BEHAVIORAL_DEFAULT_SURPLUS_COLLATERAL,3.0,1,0,0,0.2295668026988248,3000.0,1.0,0.0,1622.5715795110973,6618.547990000483,16156.187254144948,False,0.8,,150.0,0.05
sweep_03993,135,DAILY_0001,5,1000.0,1.3,0.2,True,False,,,0,2,2,0.6108407343567581,0.0,1.0,0.0,0.0,17308.180105341366,18773.500936460616,False,1.0,,150.0,0.05
sweep_03994,136,DAILY_0001,5,1000.0,1.3,0.2,False,True,BEHAVIORAL_DEFAULT_SURPLUS_COLLATERAL,5.0,1,2,2,0.6108407343567581,1000.0,1.0,0.0,3064.921861720354,12439.168673732074,18304.837394286496,False,0.8,,150.0,0.05
sweep_03995,137,DAILY_0001,5,1000.0,1.3,0.2,False,True,BEHAVIORAL_DEFAULT_SURPLUS_COLLATERAL,4.0,1,2,2,0.6108407343567581,2000.0,1.0,0.0,1027.7728379426526,9538.559186760156,16721.621331012906,False,0.8,,150.0,0.05
sweep_03996,138,DAILY_0001,5,1000.0,1.3,0.2,False,True,BEHAVIORAL_DEFAULT_SURPLUS_COLLATERAL,5.0,1,2,2,0.6108407343567581,1000.0,1.0,0.0,532.4194219948597,12533.99100881035,18346.517700115688,False,0.8,,150.0,0.05
sweep_03997,139,DAILY_0001,5,1000.0,1.3,0.2,False,True,BEHAVIORAL_DEFAULT_SURPLUS_COLLATERAL,2.0,1,0,0,0.0802993013430624,4000.0,1.0,0.0,2826.8116938748153,3111.145009532911,6976.127430606441,False,0.8,,150.0,0.05
sweep_03998,140,DAILY_0001,5,1000.0,1.3,0.2,False,True,BEHAVIORAL_DEFAULT_SURPLUS_COLLATERAL,2.0,1,0,0,0.0802993013430624,4000.0,1.0,0.0,2845.8042567183575,3161.476398733924,6996.863212117566,False,0.8,,150.0,0.05
sweep_03999,141,DAILY_0001,5,1000.0,1.3,0.2,True,False,,,0,2,2,0.6108407343567581,0.0,1.0,0.0,0.0,17185.12705013151,18680.26755068032,False,1.0,,150.0,0.05
sweep_04000,142,DAILY_0001,5,1000.0,1.3,0.2,False,True,BEHAVIORAL_DEFAULT_SURPLUS_COLLATERAL,2.0,1,0,0,0.0802993013430624,4000.0,1.0,0.0,2847.630438100695,3166.3158849403544,6998.857008239542,False,0.8,,150.0,0.05
sweep_04001,143,DAILY_0001,5,1000.0,1.3,0.2,True,False,,,0,2,2,0.6108407343567581,0.0,1.0,0.0,0.0,16445.290904199723,18299.912262686594,False,1.0,,150.0,0.05
sweep_04002,144,DAILY_0001,5,1000.0,1.3,0.2,True,False,,,0,2,2,0.6108407343567581,0.0,1.0,0.0,0.0,17343.411988435073,18887.382407288445,False,1.0,,150.0,0.05
sweep_04003,145,DAILY_0001,5,1000.0,1.3,0.2,True,False,,,0,2,2,0.6108407343567581,0.0,1.0,0.0,0.0,17193.72751399906,18825.375997204115,False,1.0,,150.0,0.05
sweep_04004,146,DAILY_0001,5,1000.0,1.3,0.2,True,False,,,0,2,2,0.6108407343567581,0.0,1.0,0.0,0.0,16193.924104929843,18123.874295259997,False,1.0,,150.0,0.05
sweep_04005,147,DAILY_0001,5,1000.0,1.3,0.2,False,True,BEHAVIORAL_DEFAULT_SURPLUS_COLLATERAL,4.0,1,2,2,0.6108407343567581,2000.0,1.0,0.0,975.9933685980509,9889.107754331599,16770.448067701684,False,0.8,,150.0,0.05
sweep_04006,148,DAILY_0001,5,1000.0,1.3,0.2,True,False,,,0,2,2,0.6108407343567581,0.0,1.0,0.0,0.0,17096.666287603017,18767.215064476768,False,1.0,,150.0,0.05
sweep_04007,149,DAILY_0001,5,1000.0,1.3,0.2,False,True,BEHAVIORAL_DEFAULT_SURPLUS_COLLATERAL,4.0,1,2,2,0.6108407343567581,2000.0,1.0,0.0,880.197139895849,9814.02173860668,16898.483684316525,False,0.8,,150.0,0.05
sweep_04008,150,DAILY_0001,5,1000.0,1.3,0.2,True,False,,,0,2,2,0.6108407343567581,0.0,1.0,0.0,0.0,16546.279710931314,18361.086479836937,False,1.0,,150.0,0.05
sweep_04009,151,DAILY_0001,5,1000.0,1.3,0.2,False,True,BEHAVIORAL_DEFAULT_SURPLUS_COLLATERAL,5.0,1,2,2,0.6108407343567581,1000.0,1.0,0.0,3260.5263917484363,13335.570209326292,18864.145451250108,False,0.8,,150.0,0.05
sweep_04010,152,DAILY_0001,5,1000.0,1.3,0.2,True,False,,,0,2,2,0.6108407343567581,0.0,1.0,0.0,0.0,17093.36930493184,18746.736124999974,False,1.0,,150.0,0.05
sweep_04011,153,DAILY_0001,5,1000.0,1.3,0.2,True,False,,,0,2,2,0.6108407343567581,0.0,1.0,0.0,0.0,16508.84948067981,18260.711089903118,False,1.0,,150.0,0.05
sweep_04012,154,DAILY_0001,5,1000.0,1.3,0.2,True,False,,,0,2,2,0.6108407343567581,0.0,1.0,0.0,0.0,16928.440090342658,18535.123073220686,False,1.0,,150.0,0.05
sweep_04013,155,DAILY_0001,5,1000.0,1.3,0.2,False,True,BEHAVIORAL_DEFAULT_SURPLUS_COLLATERAL,3.0,1,0,0,0.2295668026988248,3000.0,1.0,0.0,5158.9798858895565,6224.123226178908,15943.52320384806,False,0.8,,150.0,0.05
sweep_04014,156,DAILY_0001,5,1000.0,1.3,0.2,True,False,,,0,2,2,0.6108407343567581,0.0,1.0,0.0,0.0,16822.870383115638,18547.676878592953,False,1.0,,150.0,0.05
sweep_04015,157,DAILY_0001,5,1000.0,1.3,0.2,False,True,BEHAVIORAL_DEFAULT_SURPLUS_COLLATERAL,3.0,1,0,0,0.2295668026988248,3000.0,1.0,0.0,1552.6183788677126,6313.283449869156,15991.457693865534,False,0.8,,150.0,0.05
sweep_04016,158,DAILY_0001,5,1000.0,1.3,0.2,True,False,,,0,2,2,0.6108407343567581,0.0,1.0,0.0,0.0,17327.297792749472,18723.7506681538,False,1.0,,150.0,0.05
sweep_04017,159,DAILY_0001,5,1000.0,1.3,0.2,True,False,,,0,2,2,0.6108407343567581,0.0,1.0,0.0,0.0,17547.075472215663,18944.852754010433,False,1.0,,150.0,0.05
sweep_04018,160,DAILY_0001,5,1000.0,1.3,0.2,False,True,BEHAVIORAL_DEFAULT_SURPLUS_COLLATERAL,5.0,1,3,3,0.6108407343567581,1000.0,1.0,0.0,6772.079082603722,13559.294233579409,18866.151040940083,False,0.8,,150.0,0.05
sweep_04019,161,DAILY_0001,5,1000.0,1.3,0.2,True,False,,,0,2,2,0.6108407343567581,0.0,1.0,0.0,0.0,16722.38973114001,18385.410093323815,False,1.0,,150.0,0.05
sweep_04020,162,DAILY_0001,5,1000.0,1.3,0.2,False,True,BEHAVIORAL_DEFAULT_SURPLUS_COLLATERAL,3.0,1,0,0,0.2295668026988248,3000.0,1.0,0.0,5036.753913052339,6099.333759251945,15763.502481332098,False,0.8,,150.0,0.05
sweep_04021,163,DAILY_0001,5,1000.0,1.3,0.2,True,False,,,0,2,2,0.6108407343567581,0.0,1.0,0.0,0.0,17276.966005569957,18856.46167628838,False,1.0,,150.0,0.05
sweep_04022,164,DAILY_0001,5,1000.0,1.3,0.2,True,False,,,0,2,2,0.6108407343567581,0.0,1.0,0.0,0.0,17233.351687522765,18718.211060446614,False,1.0,,150.0,0.05
sweep_04023,165,DAILY_0001,5,1000.0,1.3,0.2,True,False,,,0,2,2,0.6108407343567581,0.0,1.0,0.0,0.0,16913.7215097475,18492.081553934615,False,1.0,,150.0,0.05
sweep_04024,166,DAILY_0001,5,1000.0,1.3,0.2,False,True,BEHAVIORAL_DEFAULT_SURPLUS_COLLATERAL,5.0,1,2,2,0.6108407343567581,1000.0,1.0,0.0,3419.5483099952107,13275.843211445086,18884.85731910067,False,0.8,,150.0,0.05
sweep_04025,167,DAILY_0001,5,1000.0,1.3,0.2,True,False,,,0,2,2,0.6108407343567581,0.0,1.0,0.0,0.0,16859.790773916782,18551.94774989423,False,1.0,,150.0,0.05
sweep_04026,168,DAILY_0001,5,1000.0,1.3,0.2,False,True,BEHAVIORAL_DEFAULT_SURPLUS_COLLATERAL,5.0,1,2,2,0.6108407343567581,1000.0,1.0,0.0,6728.780272884556,12306.50352346156,18154.53594870897,False,0.8,,150.0,0.05
sweep_04027,169,DAILY_0001,5,1000.0,1.3,0.2,False,True,BEHAVIORAL_DEFAULT_SURPLUS_COLLATERAL,5.0,1,2,2,0.6108407343567581,1000.0,1.0,0.0,3387.734436108174,13383.861734067441,18795.20651876909,False,0.8,,150.0,0.05
sweep_04028,170,DAILY_0001,5,1000.0,1.3,0.2,True,False,,,0,2,2,0.6108407343567581,0.0,1.0,0.0,0.0,17232.159337492943,18636.625679009343,False,1.0,,150.0,0.05
sweep_04029,171,DAILY_0001,5,1000.0,1.3,0.2,True,False,,,0,2,2,0.6108407343567581,0.0,1.0,0.0,0.0,16487.879755940605,18269.67911856098,False,1.0,,150.0,0.05
sweep_04030,172,DAILY_0001,5,1000.0,1.3,0.2,False,True,BEHAVIORAL_DEFAULT_SURPLUS_COLLATERAL,5.0,1,2,2,0.6108407343567581,1000.0,1.0,0.0,775.0945556789193,12754.088913575759,18430.607200316314,False,0.8,,150.0,0.05
sweep_04031,173,DAILY_0001,5,1000.0,1.3,0.2,True,False,,,0,2,2,0.6108407343567581,0.0,1.0,0.0,0.0,16811.936915077735,18594.736037723065,False,1.0,,150.0,0.05
sweep_04032,174,DAILY_0001,5,1000.0,1.3,0.2,True,False,,,0,2,2,0.6108407343567581,0.0,1.0,0.0,0.0,16928.24289810534,18534.47309266965,False,1.0,,150.0,0.05
sweep_04033,175,DAILY_0001,5,1000.0,1.3,0.2,True,False,,,0,2,2,0.6108407343567581,0.0,1.0,0.0,0.0,16822.84112582361,18453.19198994238,False,1.0,,150.0,0.05
sweep_04034,176,DAILY_0001,5,1000.0,1.3,0.2,True,False,,,0,2,2,0.6108407343567581,0.0,1.0,0.0,0.0,16402.90381242599,18250.55318346243,False,1.0,,150.0,0.05
sweep_04035,177,DAILY_0001,5,1000.0,1.3,0.2,False,True,BEHAVIORAL_DEFAULT_SURPLUS_COLLATERAL,2.0,1,0,0,0.0802993013430624,4000.0,1.0,0.0,2845.319175431184,3160.1909052878864,6996.333607994688,False,0.8,,150.0,0.05
sweep_04036,178,DAILY_0001,5,1000.0,1.3,0.2,True,False,,,0,2,2,0.6108407343567581,0.0,1.0,0.0,0.0,16613.95277706074,18387.76149095621,False,1.0,,150.0,0.05
sweep_04037,179,DAILY_0001,5,1000.0,1.3,0.2,True,False,,,0,2,2,0.6108407343567581,0.0,1.0,0.0,0.0,16825.94357748756,18428.961030507613,False,1.0,,150.0,0.05
sweep_04038,180,DAILY_0001,5,1000.0,1.3,0.2,True,False,,,0,2,2,0.6108407343567581,0.0,1.0,0.0,0.0,17332.698660576734,18683.47211398109,False,1.0,,150.0,0.05
sweep_04039,181,DAILY_0001,5,1000.0,1.3,0.2,False,True,BEHAVIORAL_DEFAULT_SURPLUS_COLLATERAL,4.0,1,2,2,0.6108407343567581,2000.0,1.0,0.0,1137.4671242798386,9381.7156603568,16762.78391801096,False,0.8,,150.0,0.05
sweep_04040,182,DAILY_0001,5,1000.0,1.3,0.2,False,True,BEHAVIORAL_DEFAULT_SURPLUS_COLLATERAL,4.0,1,2,2,0.6108407343567581,2000.0,1.0,0.0,1088.2183153501805,9613.459796300805,16694.67258999265,False,0.8,,150.0,0.05
sweep_04041,183,DAILY_0001,5,1000.0,1.3,0.2,False,True,BEHAVIORAL_DEFAULT_SURPLUS_COLLATERAL,5.0,1,2,2,0.6108407343567581,1000.0,1.0,0.0,2932.3634061507705,12517.895991903359,18311.098700152696,False,0.8,,150.0,0.05
sweep_04042,184,DAILY_0001,5,1000.0,1.3,0.2,True,False,,,0,2,2,0.6108407343567581,0.0,1.0,0.0,0.0,17226.715015370733,18875.57239673209,False,1.0,,150.0,0.05
sweep_04043,185,DAILY_0001,5,1000.0,1.3,0.2,False,True,BEHAVIORAL_DEFAULT_SURPLUS_COLLATERAL,4.0,1,2,2,0.6108407343567581,2000.0,1.0,0.0,899.9216531150469,9321.804157226868,16643.65707645779,False,0.8,,150.0,0.05
sweep_04044,186,DAILY_0001,5,1000.0,1.3,0.2,False,True,BEHAVIORAL_DEFAULT_SURPLUS_COLLATERAL,3.0,1,0,0,0.2295668026988248,3000.0,1.0,0.0,1638.8921393905175,6559.983069571281,16042.39685138671,False,0.8,,150.0,0.05
sweep_04045,187,DAILY_0001,5,1000.0,1.3,0.2,False,True,BEHAVIORAL_DEFAULT_SURPLUS_COLLATERAL,4.0,1,2,2,0.6108407343567581,2000.0,1.0,0.0,1008.1993272431787,9703.856181907031,16736.88617294528,False,0.8,,150.0,0.05
sweep_04046,188,DAILY_0001,5,1000.0,1.3,0.2,False,True,BEHAVIORAL_DEFAULT_SURPLUS_COLLATERAL,5.0,1,2,2,0.6108407343567581,1000.0,1.0,0.0,3384.6586880399873,13167.848974053273,18655.08444626657,False,0.8,,150.0,0.05
sweep_04047,189,DAILY_0001,5,1000.0,1.3,0.2,True,False,,,0,2,2,0.6108407343567581,0.0,1.0,0.0,0.0,17458.454152212147,18888.820573374036,False,1.0,,150.0,0.05
sweep_04048,190,DAILY_0001,5,1000.0,1.3,0.2,False,True,BEHAVIORAL_DEFAULT_SURPLUS_COLLATERAL,4.0,1,2,2,0.6108407343567581,2000.0,1.0,0.0,3289.85530103591,9384.639416814975,16585.130766891052,False,0.8,,150.0,0.05
sweep_04049,191,DAILY_0001,5,1000.0,1.3,0.2,True,False,,,0,2,2,0.6108407343567581,0.0,1.0,0.0,0.0,16741.237276910877,18391.456379874995,False,1.0,,150.0,0.05
sweep_04050,42,DAILY_0001,5,1000.0,1.4,0.2,True,False,,,0,2,2,0.6108407343567581,0.0,1.0,0.0,0.0,17143.15024973444,20168.809697945762,False,1.0,,50.0,0.05
sweep_04051,43,DAILY_0001,5,1000.0,1.4,0.2,True,False,,,0,2,2,0.6108407343567581,0.0,1.0,0.0,0.0,16683.664856290503,19974.828777073664,False,1.0,,50.0,0.05
sweep_04052,44,DAILY_0001,5,1000.0,1.4,0.2,True,False,,,0,2,2,0.6108407343567581,0.0,1.0,0.0,0.0,16963.961355801184,20261.727965920887,False,1.0,,50.0,0.05
sweep_04053,45,DAILY_0001,5,1000.0,1.4,0.2,False,True,BEHAVIORAL_DEFAULT_SURPLUS_COLLATERAL,5.0,1,2,2,0.6108407343567581,1000.0,1.0,0.0,7451.498254428778,12896.079661440042,20085.8751123226,False,0.8,,50.0,0.05
sweep_04054,46,DAILY_0001,5,1000.0,1.4,0.2,True,False,,,0,2,2,0.6108407343567581,0.0,1.0,0.0,0.0,16307.234970412434,19697.94203621921,False,1.0,,50.0,0.05
sweep_04055,47,DAILY_0001,5,1000.0,1.4,0.2,True,False,,,0,2,2,0.6108407343567581,0.0,1.0,0.0,0.0,17175.220923270765,20323.503539134304,False,1.0,,50.0,0.05
sweep_04056,48,DAILY_0001,5,1000.0,1.4,0.2,False,True,BEHAVIORAL_DEFAULT_SURPLUS_COLLATERAL,3.0,1,0,0,0.2295668026988248,3000.0,1.0,0.0,1964.8945691485715,6384.596399760172,17285.851454602533,False,0.8,,50.0,0.05
sweep_04057,49,DAILY_0001,5,1000.0,1.4,0.2,True,False,,,0,2,2,0.6108407343567581,0.0,1.0,0.0,0.0,17411.6649980281,20510.34874027667,False,1.0,,50.0,0.05
sweep_04058,50,DAILY_0001,5,1000.0,1.4,0.2,True,False,,,0,2,2,0.6108407343567581,0.0,1.0,0.0,0.0,16470.071539501125,19854.84196908392,False,1.0,,50.0,0.05
sweep_04059,51,DAILY_0001,5,1000.0,1.4,0.2,True,False,,,0,2,2,0.6108407343567581,0.0,1.0,0.0,0.0,16553.917458671152,19753.176649667672,False,1.0,,50.0,0.05
sweep_04060,52,DAILY_0001,5,1000.0,1.4,0.2,False,True,BEHAVIORAL_DEFAULT_SURPLUS_COLLATERAL,5.0,1,2,2,0.6108407343567581,1000.0,1.0,0.0,7303.9426129286,13756.613367327447,20674.34975521425,False,0.8,,50.0,0.05
sweep_04061,53,DAILY_0001,5,1000.0,1.4,0.2,False,True,BEHAVIORAL_DEFAULT_SURPLUS_COLLATERAL,5.0,1,2,2,0.6108407343567581,1000.0,1.0,0.0,7384.143162284552,12961.478326267516,20237.057550839112,False,0.8,,50.0,0.05
sweep_04062,54,DAILY_0001,5,1000.0,1.4,0.2,False,True,BEHAVIORAL_DEFAULT_SURPLUS_COLLATERAL,5.0,1,2,2,0.6108407343567581,1000.0,1.0,0.0,659.9780142615527,12569.941496225256,20028.354105728493,False,0.8,,50.0,0.05
sweep_04063,55,DAILY_0001,5,1000.0,1.4,0.2,False,True,BEHAVIORAL_DEFAULT_SURPLUS_COLLATERAL,5.0,1,2,2,0.6108407343567581,1000.0,1.0,0.0,3738.8102205462637,13020.111295967612,20136.1104350813,False,0.8,,50.0,0.05
sweep_04064,56,DAILY_0001,5,1000.0,1.4,0.2,False,True,BEHAVIORAL_DEFAULT_SURPLUS_COLLATERAL,5.0,1,2,2,0.6108407343567581,1000.0,1.0,0.0,3688.5495307510746,12704.486967871519,20017.874530640645,False,0.8,,50.0,0.05
sweep_04065,57,DAILY_0001,5,1000.0,1.4,0.2,True,False,,,0,2,2,0.6108407343567581,0.0,1.0,0.0,0.0,16629.925622068513,19850.72256245436,False,1.0,,50.0,0.05
sweep_04066,58,DAILY_0001,5,1000.0,1.4,0.2,True,False,,,0,2,2,0.6108407343567581,0.0,1.0,0.0,0.0,17118.252725129587,20349.412126343443,False,1.0,,50.0,0.05
sweep_04067,59,DAILY_0001,5,1000.0,1.4,0.2,False,True,BEHAVIORAL_DEFAULT_SURPLUS_COLLATERAL,4.0,1,2,2,0.6108407343567581,2000.0,1.0,0.0,1115.7808043673763,9396.14470761244,18111.02334964636,False,0.8,,50.0,0.05
sweep_04068,60,DAILY_0001,5,1000.0,1.4,0.2,True,False,,,0,2,2,0.6108407343567581,0.0,1.0,0.0,0.0,16890.892442598783,20092.622989167707,False,1.0,,50.0,0.05
sweep_04069,61,DAILY_0001,5,1000.0,1.4,0.2,True,False,,,0,2,2,0.6108407343567581,0.0,1.0,0.0,0.0,17049.548692196306,20284.57690905529,False,1.0,,50.0,0.05
sweep_04070,62,DAILY_0001,5,1000.0,1.4,0.2,True,False,,,0,2,2,0.6108407343567581,0.0,1.0,0.0,0.0,16688.163188009137,20048.80349691093,False,1.0,,50.0,0.05
sweep_04071,63,DAILY_0001,5,1000.0,1.4,0.2,False,True,BEHAVIORAL_DEFAULT_SURPLUS_COLLATERAL,5.0,1,2,2,0.6108407343567581,1000.0,1.0,0.0,3711.0298879369593,12560.781626539678,19890.79212954821,False,0.8,,50.0,0.05
sweep_04072,64,DAILY_0001,5,1000.0,1.4,0.2,False,True,BEHAVIORAL_DEFAULT_SURPLUS_COLLATERAL,3.0,1,0,0,0.2295668026988248,3000.0,1.0,0.0,5709.034176172903,6151.058035452796,17138.150921349836,False,0.8,,50.0,0.05
sweep_04073,65,DAILY_0001,5,1000.0,1.4,0.2,False,True,BEHAVIORAL_DEFAULT_SURPLUS_COLLATERAL,2.0,1,0,0,0.0802993013430624,4000.0,1.0,0.0,3373.5320026155687,3099.9623073224475,7536.314356949958,False,0.8,,50.0,0.05
sweep_04074,66,DAILY_0001,5,1000.0,1.4,0.2,True,False,,,0,2,2,0.6108407343567581,0.0,1.0,0.0,0.0,17056.111050431617,20208.454073170837,False,1.0,,50.0,0.05
sweep_04075,67,DAILY_0001,5,1000.0,1.4,0.2,True,False,,,0,2,2,0.6108407343567581,0.0,1.0,0.0,0.0,17358.7323024141,20344.540562821825,False,1.0,,50.0,0.05
sweep_04076,68,DAILY_0001,5,1000.0,1.4,0.2,False,True,BEHAVIORAL_DEFAULT_SURPLUS_COLLATERAL,4.0,1,2,2,0.6108407343567581,2000.0,1.0,0.0,1148.072176168826,9384.172146377827,18045.582483342652,False,0.8,,50.0,0.05
sweep_04077,69,DAILY_0001,5,1000.0,1.4,0.2,False,True,BEHAVIORAL_DEFAULT_SURPLUS_COLLATERAL,3.0,1,0,0,0.2295668026988248,3000.0,1.0,0.0,1925.839307932929,6254.764509256824,17241.49991879974,False,0.8,,50.0,0.05
sweep_04078,70,DAILY_0001,5,1000.0,1.4,0.2,True,False,,,0,2,2,0.6108407343567581,0.0,1.0,0.0,0.0,18008.300555488746,20633.952309866534,False,1.0,,50.0,0.05
sweep_04079,71,DAILY_0001,5,1000.0,1.4,0.2,True,False,,,0,2,2,0.6108407343567581,0.0,1.0,0.0,0.0,17077.07193201092,20223.056365556273,False,1.0,,50.0,0.05
sweep_04080,72,DAILY_0001,5,1000.0,1.4,0.2,False,True,BEHAVIORAL_DEFAULT_SURPLUS_COLLATERAL,5.0,1,2,2,0.6108407343567581,1000.0,1.0,0.0,747.6785029772273,12739.57666014175,19952.39294462782,False,0.8,,50.0,0.05
sweep_04081,73,DAILY_0001,5,1000.0,1.4,0.2,True,False,,,0,2,2,0.6108407343567581,0.0,1.0,0.0,0.0,16909.5959464029,20093.67137570495,False,1.0,,50.0,0.05
sweep_04082,74,DAILY_0001,5,1000.0,1.4,0.2,False,True,BEHAVIORAL_DEFAULT_SURPLUS_COLLATERAL,3.0,1,0,0,0.2295668026988248,3000.0,1.0,0.0,5745.408094132359,6142.21535254676,17165.16736817876,False,0.8,,50.0,0.05
sweep_04083,75,DAILY_0001,5,1000.0,1.4,0.2,True,False,,,0,2,2,0.6108407343567581,0.0,1.0,0.0,0.0,16697.360309291158,19996.259921413406,False,1.0,,50.0,0.05
sweep_04084,76,DAILY_0001,5,1000.0,1.4,0.2,True,False,,,0,2,2,0.6108407343567581,0.0,1.0,0.0,0.0,16671.801168191498,20017.33561696536,False,1.0,,50.0,0.05
sweep_04085,77,DAILY_0001,5,1000.0,1.4,0.2,True,False,,,0,2,2,0.6108407343567581,0.0,1.0,0.0,0.0,16763.124564751575,20084.58368156862,False,1.0,,50.0,0.05
sweep_04086,78,DAILY_0001,5,1000.0,1.4,0.2,True,False,,,0,2,2,0.6108407343567581,0.0,1.0,0.0,0.0,16719.51222653161,19937.286175624937,False,1.0,,50.0,0.05
sweep_04087,79,DAILY_0001,5,1000.0,1.4,0.2,True,False,,,0,2,2,0.6108407343567581,0.0,1.0,0.0,0.0,16476.77247232043,19838.542282687882,False,1.0,,50.0,0.05
sweep_04088,80,DAILY_0001,5,1000.0,1.4,0.2,True,False,,,0,2,2,0.6108407343567581,0.0,1.0,0.0,0.0,16187.427798734678,19667.66516349387,False,1.0,,50.0,0.05
sweep_04089,81,DAILY_0001,5,1000.0,1.4,0.2,True,False,,,0,3,3,0.6108407343567581,0.0,1.0,0.0,0.0,17261.26216002694,20241.37550683879,False,1.0,,50.0,0.05
sweep_04090,82,DAILY_0001,5,1000.0,1.4,0.2,True,False,,,0,2,2,0.6108407343567581,0.0,1.0,0.0,0.0,17428.23657344996,20578.04692604537,False,1.0,,50.0,0.05
sweep_04091,83,DAILY_0001,5,1000.0,1.4,0.2,False,True,BEHAVIORAL_DEFAULT_SURPLUS_COLLATERAL,5.0,1,2,2,0.6108407343567581,1000.0,1.0,0.0,928.5866138350475,13023.010849409744,20154.61807069603,False,0.8,,50.0,0.05
sweep_04092,84,DAILY_0001,5,1000.0,1.4,0.2,False,True,BEHAVIORAL_DEFAULT_SURPLUS_COLLATERAL,3.0,1,0,0,0.2295668026988248,3000.0,1.0,0.0,1941.891065098629,6504.624246924773,17490.19849288314,False,0.8,,50.0,0.05
sweep_04093,85,DAILY_0001,5,1000.0,1.4,0.2,False,True,BEHAVIORAL_DEFAULT_SURPLUS_COLLATERAL,4.0,1,2,2,0.6108407343567581,2000.0,1.0,0.0,1179.193449675009,9644.511591981416,18069.691525282873,False,0.8,,50.0,0.05
sweep_04094,86,DAILY_0001,5,1000.0,1.4,0.2,True,False,,,0,2,2,0.6108407343567581,0.0,1.0,0.0,0.0,17346.9008892341,20418.18477973727,False,1.0,,50.0,0.05
sweep_04095,87,DAILY_0001,5,1000.0,1.4,0.2,True,False,,,0,2,2,0.6108407343567581,0.0,1.0,0.0,0.0,16887.21410701461,20086.3546641767,False,1.0,,50.0,0.05
sweep_04096,88,DAILY_0001,5,1000.0,1.4,0.2,False,True,BEHAVIORAL_DEFAULT_SURPLUS_COLLATERAL,3.0,1,0,0,0.2295668026988248,3000.0,1.0,0.0,5706.250279722355,6598.059130640779,17393.872231264253,False,0.8,,50.0,0.05
sweep_04097,89,DAILY_0001,5,1000.0,1.4,0.2,True,False,,,0,2,2,0.6108407343567581,0.0,1.0,0.0,0.0,16483.760527058344,19868.196610476807,False,1.0,,50.0,0.05
sweep_04098,90,DAILY_0001,5,1000.0,1.4,0.2,False,True,BEHAVIORAL_DEFAULT_SURPLUS_COLLATERAL,4.0,1,2,2,0.6108407343567581,2000.0,1.0,0.0,3700.555211705394,9428.143344053857,18087.56030827599,False,0.8,,50.0,0.05
sweep_04099,91,DAILY_0001,5,1000.0,1.4,0.2,True,False,,,0,2,2,0.6108407343567581,0.0,1.0,0.0,0.0,16432.64453049189,19886.92762122055,False,1.0,,50.0,0.05
sweep_04100,92,DAILY_0001,5,1000.0,1.4,0.2,True,False,,,0,2,2,0.6108407343567581,0.0,1.0,0.0,0.0,16541.46983637411,19937.225810555636,False,1.0,,50.0,0.05
sweep_04101,93,DAILY_0001,5,1000.0,1.4,0.2,False,True,BEHAVIORAL_DEFAULT_SURPLUS_COLLATERAL,3.0,1,0,0,0.2295668026988248,3000.0,1.0,0.0,1970.8419679140752,7022.911645595454,18018.085643332182,False,0.8,,50.0,0.05
sweep_04102,94,DAILY_0001,5,1000.0,1.4,0.2,True,False,,,0,2,2,0.6108407343567581,0.0,1.0,0.0,0.0,16816.49136159871,20112.015106457475,False,1.0,,50.0,0.05
sweep_04103,95,DAILY_0001,5,1000.0,1.4,0.2,True,False,,,0,2,2,0.6108407343567581,0.0,1.0,0.0,0.0,17545.744689882886,20460.52371521847,False,1.0,,50.0,0.05
sweep_04104,96,DAILY_0001,5,1000.0,1.4,0.2,True,False,,,0,2,2,0.6108407343567581,0.0,1.0,0.0,0.0,17272.505142960632,20160.96715326994,False,1.0,,50.0,0.05
sweep_04105,97,DAILY_0001,5,1000.0,1.4,0.2,True,False,,,0,2,2,0.6108407343567581,0.0,1.0,0.0,0.0,17205.00493267573,20229.586537531388,False,1.0,,50.0,0.05
sweep_04106,98,DAILY_0001,5,1000.0,1.4,0.2,True,False,,,0,2,2,0.6108407343567581,0.0,1.0,0.0,0.0,17117.740576801672,20318.1570032241,False,1.0,,50.0,0.05
sweep_04107,99,DAILY_0001,5,1000.0,1.4,0.2,False,True,BEHAVIORAL_DEFAULT_SURPLUS_COLLATERAL,4.0,1,2,2,0.6108407343567581,2000.0,1.0,0.0,3699.48795541694,9546.407766635395,18091.683884332688,False,0.8,,50.0,0.05
sweep_04108,100,DAILY_0001,5,1000.0,1.4,0.2,True,False,,,0,2,2,0.6108407343567581,0.0,1.0,0.0,0.0,17296.288473944063,20419.91611923822,False,1.0,,50.0,0.05
sweep_04109,101,DAILY_0001,5,1000.0,1.4,0.2,False,True,BEHAVIORAL_DEFAULT_SURPLUS_COLLATERAL,5.0,1,2,2,0.6108407343567581,1000.0,1.0,0.0,3468.7196450815145,13094.897102232273,20307.520583431193,False,0.8,,50.0,0.05
sweep_04110,102,DAILY_0001,5,1000.0,1.4,0.2,False,True,BEHAVIORAL_DEFAULT_SURPLUS_COLLATERAL,5.0,1,2,2,0.6108407343567581,1000.0,1.0,0.0,7525.463061045413,13315.718463742422,20519.473038730175,False,0.8,,50.0,0.05
sweep_04111,103,DAILY_0001,5,1000.0,1.4,0.2,False,True,BEHAVIORAL_DEFAULT_SURPLUS_COLLATERAL,4.0,1,2,2,0.6108407343567581,2000.0,1.0,0.0,1339.8395091026287,9410.055771571677,18050.84712853228,False,0.8,,50.0,0.05
sweep_04112,104,DAILY_0001,5,1000.0,1.4,0.2,True,False,,,0,2,2,0.6108407343567581,0.0,1.0,0.0,0.0,16965.565545296653,20061.336096923522,False,1.0,,50.0,0.05
sweep_04113,105,DAILY_0001,5,1000.0,1.4,0.2,False,True,BEHAVIORAL_DEFAULT_SURPLUS_COLLATERAL,4.0,1,2,2,0.6108407343567581,2000.0,1.0,0.0,3703.117252250795,10112.068977480729,18271.567307050416,False,0.8,,50.0,0.05
sweep_04114,106,DAILY_0001,5,1000.0,1.4,0.2,False,True,BEHAVIORAL_DEFAULT_SURPLUS_COLLATERAL,5.0,1,2,2,0.6108407343567581,1000.0,1.0,0.0,1023.335244408735,13317.118454353504,20325.162733566696,False,0.8,,50.0,0.05
sweep_04115,107,DAILY_0001,5,1000.0,1.4,0.2,False,True,BEHAVIORAL_DEFAULT_SURPLUS_COLLATERAL,4.0,1,2,2,0.6108407343567581,2000.0,1.0,0.0,1348.790074322022,9504.711727327722,17971.42594539465,False,0.8,,50.0,0.05
sweep_04116,108,DAILY_0001,5,1000.0,1.4,0.2,False,True,BEHAVIORAL_DEFAULT_SURPLUS_COLLATERAL,4.0,1,2,2,0.6108407343567581,2000.0,1.0,0.0,3701.292137863624,9229.632260373746,18044.141950580615,False,0.8,,50.0,0.05
sweep_04117,109,DAILY_0001,5,1000.0,1.4,0.2,True,False,,,0,2,2,0.6108407343567581,0.0,1.0,0.0,0.0,17097.560018571552,20233.84234822119,False,1.0,,50.0,0.05
sweep_04118,110,DAILY_0001,5,1000.0,1.4,0.2,True,False,,,0,2,2,0.6108407343567581,0.0,1.0,0.0,0.0,17252.145983174083,20424.770916748406,False,1.0,,50.0,0.05
sweep_04119,111,DAILY_0001,5,1000.0,1.4,0.2,False,True,BEHAVIORAL_DEFAULT_SURPLUS_COLLATERAL,5.0,1,2,2,0.6108407343567581,1000.0,1.0,0.0,3359.6748701651204,13005.811951455453,20091.155228423857,False,0.8,,50.0,0.05
sweep_04120,112,DAILY_0001,5,1000.0,1.4,0.2,True,False,,,0,2,2,0.6108407343567581,0.0,1.0,0.0,0.0,16909.07625773677,20142.948672684557,False,1.0,,50.0,0.05
sweep_04121,113,DAILY_0001,5,1000.0,1.4,0.2,False,True,BEHAVIORAL_DEFAULT_SURPLUS_COLLATERAL,3.0,1,0,0,0.2295668026988248,3000.0,1.0,0.0,1998.15338725715,6623.312533026473,17473.92952456494,False,0.8,,50.0,0.05
sweep_04122,114,DAILY_0001,5,1000.0,1.4,0.2,False,True,BEHAVIORAL_DEFAULT_SURPLUS_COLLATERAL,3.0,1,0,0,0.2295668026988248,3000.0,1.0,0.0,1911.3815656249972,6121.454939968626,17125.096168207438,False,0.8,,50.0,0.05
sweep_04123,115,DAILY_0001,5,1000.0,1.4,0.2,True,False,,,0,2,2,0.6108407343567581,0.0,1.0,0.0,0.0,16756.555719327873,19853.36443895736,False,1.0,,50.0,0.05
sweep_04124,116,DAILY_0001,5,1000.0,1.4,0.2,False,True,BEHAVIORAL_DEFAULT_SURPLUS_COLLATERAL,3.0,1,0,0,0.2295668026988248,3000.0,1.0,0.0,5877.540257237106,6397.070943819939,17429.060688657206,False,0.8,,50.0,0.05
sweep_04125,117,DAILY_0001,5,1000.0,1.4,0.2,False,True,BEHAVIORAL_DEFAULT_SURPLUS_COLLATERAL,2.0,1,0,0,0.0802993013430624,4000.0,1.0,0.0,3407.2981087928365,3189.4444401873525,7573.179660802901,False,0.8,,50.0,0.05
sweep_04126,118,DAILY_0001,5,1000.0,1.4,0.2,True,False,,,0,2,2,0.6108407343567581,0.0,1.0,0.0,0.0,16908.748437966286,20189.995956604394,False,1.0,,50.0,0.05
sweep_04127,119,DAILY_0001,5,1000.0,1.4,0.2,True,False,,,0,2,2,0.6108407343567581,0.0,1.0,0.0,0.0,16730.031620694273,20130.888616206557,False,1.0,,50.0,0.05
sweep_04128,120,DAILY_0001,5,1000.0,1.4,0.2,True,False,,,0,2,2,0.6108407343567581,0.0,1.0,0.0,0.0,17299.20314416707,20540.84557972246,False,1.0,,50.0,0.05
sweep_04129,121,DAILY_0001,5,1000.0,1.4,0.2,False,True,BEHAVIORAL_DEFAULT_SURPLUS_COLLATERAL,4.0,1,2,2,0.6108407343567581,2000.0,1.0,0.0,3699.4923862672877,9287.607451281923,17977.66221618409,False,0.8,,50.0,0.05
sweep_04130,122,DAILY_0001,5,1000.0,1.4,0.2,True,False,,,0,2,2,0.6108407343567581,0.0,1.0,0.0,0.0,16786.425779314144,20149.38737943737,False,1.0,,50.0,0.05
sweep_04131,123,DAILY_0001,5,1000.0,1.4,0.2,False,True,BEHAVIORAL_DEFAULT_SURPLUS_COLLATERAL,4.0,1,3,3,0.6108407343567581,2000.0,1.0,0.0,3701.329554146887,10213.097259473365,18297.255333012577,False,0.8,,50.0,0.05
sweep_04132,124,DAILY_0001,5,1000.0,1.4,0.2,True,False,,,0,2,2,0.6108407343567581,0.0,1.0,0.0,0.0,17378.096470344266,20393.078315633826,False,1.0,,50.0,0.05
sweep_04133,125,DAILY_0001,5,1000.0,1.4,0.2,True,False,,,0,2,2,0.6108407343567581,0.0,1.0,0.0,0.0,17222.14785778652,20331.177221933907,False,1.0,,50.0,0.05
sweep_04134,126,DAILY_0001,5,1000.0,1.4,0.2,False,True,BEHAVIORAL_DEFAULT_SURPLUS_COLLATERAL,3.0,1,0,0,0.2295668026988248,3000.0,1.0,0.0,5952.5939254525965,6608.331218475114,17617.36494160293,False,0.8,,50.0,0.05
sweep_04135,127,DAILY_0001,5,1000.0,1.4,0.2,True,False,,,0,2,2,0.6108407343567581,0.0,1.0,0.0,0.0,17068.994068195138,20235.73631672148,False,1.0,,50.0,0.05
sweep_04136,128,DAILY_0001,5,1000.0,1.4,0.2,True,False,,,0,2,2,0.6108407343567581,0.0,1.0,0.0,0.0,17380.160876094935,20270.678968773995,False,1.0,,50.0,0.05
sweep_04137,129,DAILY_0001,5,1000.0,1.4,0.2,True,False,,,0,2,2,0.6108407343567581,0.0,1.0,0.0,0.0,16680.988802965425,19959.729836315,False,1.0,,50.0,0.05
sweep_04138,130,DAILY_0001,5,1000.0,1.4,0.2,False,True,BEHAVIORAL_DEFAULT_SURPLUS_COLLATERAL,5.0,1,2,2,0.6108407343567581,1000.0,1.0,0.0,3735.648280394149,12730.738840773127,19982.27019667164,False,0.8,,50.0,0.05
sweep_04139,131,DAILY_0001,5,1000.0,1.4,0.2,False,True,BEHAVIORAL_DEFAULT_SURPLUS_COLLATERAL,4.0,1,2,2,0.6108407343567581,2000.0,1.0,0.0,3700.3992659951373,9894.940183776958,18137.103538893178,False,0.8,,50.0,0.05
sweep_04140,132,DAILY_0001,5,1000.0,1.4,0.2,False,True,BEHAVIORAL_DEFAULT_SURPLUS_COLLATERAL,4.0,1,2,2,0.6108407343567581,2000.0,1.0,0.0,1150.325060238436,9452.061028387478,18005.244182281087,False,0.8,,50.0,0.05
sweep_04141,133,DAILY_0001,5,1000.0,1.4,0.2,False,True,BEHAVIORAL_DEFAULT_SURPLUS_COLLATERAL,2.0,1,0,0,0.0802993013430624,4000.0,1.0,0.0,3354.6015141222506,3049.7954187370806,7515.646347238474,False,0.8,,50.0,0.05
sweep_04142,134,DAILY_0001,5,1000.0,1.4,0.2,False,True,BEHAVIORAL_DEFAULT_SURPLUS_COLLATERAL,3.0,1,0,0,0.2295668026988248,3000.0,1.0,0.0,1987.198113466402,6618.547990000483,17498.615306028754,False,0.8,,50.0,0.05
sweep_04143,135,DAILY_0001,5,1000.0,1.4,0.2,True,False,,,0,2,2,0.6108407343567581,0.0,1.0,0.0,0.0,17308.180105341366,20341.54088515597,False,1.0,,50.0,0.05
sweep_04144,136,DAILY_0001,5,1000.0,1.4,0.2,False,True,BEHAVIORAL_DEFAULT_SURPLUS_COLLATERAL,5.0,1,2,2,0.6108407343567581,1000.0,1.0,0.0,3429.318986698525,12439.168673732074,19872.87734298185,False,0.8,,50.0,0.05
sweep_04145,137,DAILY_0001,5,1000.0,1.4,0.2,False,True,BEHAVIORAL_DEFAULT_SURPLUS_COLLATERAL,4.0,1,2,2,0.6108407343567581,2000.0,1.0,0.0,1250.2308303652685,9538.559186760156,18094.277669918163,False,0.8,,50.0,0.05
sweep_04146,138,DAILY_0001,5,1000.0,1.4,0.2,False,True,BEHAVIORAL_DEFAULT_SURPLUS_COLLATERAL,5.0,1,2,2,0.6108407343567581,1000.0,1.0,0.0,687.8176613016572,12533.99100881035,19914.557648811042,False,0.8,,50.0,0.05
sweep_04147,139,DAILY_0001,5,1000.0,1.4,0.2,False,True,BEHAVIORAL_DEFAULT_SURPLUS_COLLATERAL,2.0,1,0,0,0.0802993013430624,4000.0,1.0,0.0,3377.751798211606,3111.145009532911,7540.9214634380005,False,0.8,,50.0,0.05
sweep_04148,140,DAILY_0001,5,1000.0,1.4,0.2,False,True,BEHAVIORAL_DEFAULT_SURPLUS_COLLATERAL,2.0,1,0,0,0.0802993013430624,4000.0,1.0,0.0,3396.7443610551463,3161.476398733924,7561.657244949125,False,0.8,,50.0,0.05
sweep_04149,141,DAILY_0001,5,1000.0,1.4,0.2,True,False,,,0,2,2,0.6108407343567581,0.0,1.0,0.0,0.0,17185.12705013151,20248.307499375675,False,1.0,,50.0,0.05
sweep_04150,142,DAILY_0001,5,1000.0,1.4,0.2,False,True,BEHAVIORAL_DEFAULT_SURPLUS_COLLATERAL,2.0,1,0,0,0.0802993013430624,4000.0,1.0,0.0,3398.5705424374846,3166.3158849403544,7563.651041071101,False,0.8,,50.0,0.05
sweep_04151,143,DAILY_0001,5,1000.0,1.4,0.2,True,False,,,0,2,2,0.6108407343567581,0.0,1.0,0.0,0.0,16445.290904199723,19867.952211381948,False,1.0,,50.0,0.05
sweep_04152,144,DAILY_0001,5,1000.0,1.4,0.2,True,False,,,0,2,2,0.6108407343567581,0.0,1.0,0.0,0.0,17343.411988435073,20455.422355983803,False,1.0,,50.0,0.05
sweep_04153,145,DAILY_0001,5,1000.0,1.4,0.2,True,False,,,0,2,2,0.6108407343567581,0.0,1.0,0.0,0.0,17193.72751399906,20393.41594589947,False,1.0,,50.0,0.05
sweep_04154,146,DAILY_0001,5,1000.0,1.4,0.2,True,False,,,0,2,2,0.6108407343567581,0.0,1.0,0.0,0.0,16193.924104929843,19691.91424395535,False,1.0,,50.0,0.05
sweep_04155,147,DAILY_0001,5,1000.0,1.4,0.2,False,True,BEHAVIORAL_DEFAULT_SURPLUS_COLLATERAL,4.0,1,2,2,0.6108407343567581,2000.0,1.0,0.0,1210.4858098275522,9889.107754331599,18143.104406606937,False,0.8,,50.0,0.05
sweep_04156,148,DAILY_0001,5,1000.0,1.4,0.2,True,False,,,0,2,2,0.6108407343567581,0.0,1.0,0.0,0.0,17096.666287603017,20335.255013172122,False,1.0,,50.0,0.05
sweep_04157,149,DAILY_0001,5,1000.0,1.4,0.2,False,True,BEHAVIORAL_DEFAULT_SURPLUS_COLLATERAL,4.0,1,2,2,0.6108407343567581,2000.0,1.0,0.0,1114.6895811253498,9814.02173860668,18271.140023221782,False,0.8,,50.0,0.05
sweep_04158,150,DAILY_0001,5,1000.0,1.4,0.2,True,False,,,0,2,2,0.6108407343567581,0.0,1.0,0.0,0.0,16546.279710931314,19929.12642853229,False,1.0,,50.0,0.05
sweep_04159,151,DAILY_0001,5,1000.0,1.4,0.2,False,True,BEHAVIORAL_DEFAULT_SURPLUS_COLLATERAL,5.0,1,2,2,0.6108407343567581,1000.0,1.0,0.0,3624.923516726607,13335.570209326292,20432.18539994546,False,0.8,,50.0,0.05
sweep_04160,152,DAILY_0001,5,1000.0,1.4,0.2,True,False,,,0,2,2,0.6108407343567581,0.0,1.0,0.0,0.0,17093.36930493184,20314.776073695328,False,1.0,,50.0,0.05
sweep_04161,153,DAILY_0001,5,1000.0,1.4,0.2,True,False,,,0,2,2,0.6108407343567581,0.0,1.0,0.0,0.0,16508.84948067981,19828.75103859847,False,1.0,,50.0,0.05
sweep_04162,154,DAILY_0001,5,1000.0,1.4,0.2,True,False,,,0,2,2,0.6108407343567581,0.0,1.0,0.0,0.0,16928.440090342658,20103.16302191604,False,1.0,,50.0,0.05
sweep_04163,155,DAILY_0001,5,1000.0,1.4,0.2,False,True,BEHAVIORAL_DEFAULT_SURPLUS_COLLATERAL,3.0,1,0,0,0.2295668026988248,3000.0,1.0,0.0,5828.604488093881,6224.123226178908,17285.951255731867,False,0.8,,50.0,0.05
sweep_04164,156,DAILY_0001,5,1000.0,1.4,0.2,True,False,,,0,2,2,0.6108407343567581,0.0,1.0,0.0,0.0,16822.870383115638,20115.71682728831,False,1.0,,50.0,0.05
sweep_04165,157,DAILY_0001,5,1000.0,1.4,0.2,False,True,BEHAVIORAL_DEFAULT_SURPLUS_COLLATERAL,3.0,1,0,0,0.2295668026988248,3000.0,1.0,0.0,1917.2449128230173,6313.283449869156,17333.88574574934,False,0.8,,50.0,0.05
sweep_04166,158,DAILY_0001,5,1000.0,1.4,0.2,True,False,,,0,2,2,0.6108407343567581,0.0,1.0,0.0,0.0,17327.297792749472,20291.790616849154,False,1.0,,50.0,0.05
sweep_04167,159,DAILY_0001,5,1000.0,1.4,0.2,True,False,,,0,2,2,0.6108407343567581,0.0,1.0,0.0,0.0,17547.075472215663,20512.892702705787,False,1.0,,50.0,0.05
sweep_04168,160,DAILY_0001,5,1000.0,1.4,0.2,False,True,BEHAVIORAL_DEFAULT_SURPLUS_COLLATERAL,5.0,1,3,3,0.6108407343567581,1000.0,1.0,0.0,7406.938022624066,13559.294233579409,20453.736040582186,False,0.8,,50.0,0.05
sweep_04169,161,DAILY_0001,5,1000.0,1.4,0.2,True,False,,,0,2,2,0.6108407343567581,0.0,1.0,0.0,0.0,16722.38973114001,19953.45004201917,False,1.0,,50.0,0.05
sweep_04170,162,DAILY_0001,5,1000.0,1.4,0.2,False,True,BEHAVIORAL_DEFAULT_SURPLUS_COLLATERAL,3.0,1,0,0,0.2295668026988248,3000.0,1.0,0.0,5706.378515256663,6099.333759251945,17105.930533215906,False,0.8,,50.0,0.05
sweep_04171,163,DAILY_0001,5,1000.0,1.4,0.2,True,False,,,0,2,2,0.6108407343567581,0.0,1.0,0.0,0.0,17276.966005569957,20424.501624983735,False,1.0,,50.0,0.05
sweep_04172,164,DAILY_0001,5,1000.0,1.4,0.2,True,False,,,0,2,2,0.6108407343567581,0.0,1.0,0.0,0.0,17233.351687522765,20286.251009141968,False,1.0,,50.0,0.05
sweep_04173,165,DAILY_0001,5,1000.0,1.4,0.2,True,False,,,0,2,2,0.6108407343567581,0.0,1.0,0.0,0.0,16913.7215097475,20060.121502629972,False,1.0,,50.0,0.05
sweep_04174,166,DAILY_0001,5,1000.0,1.4,0.2,False,True,BEHAVIORAL_DEFAULT_SURPLUS_COLLATERAL,5.0,1,2,2,0.6108407343567581,1000.0,1.0,0.0,3783.9454349733824,13275.843211445086,20452.897267796026,False,0.8,,50.0,0.05
sweep_04175,167,DAILY_0001,5,1000.0,1.4,0.2,True,False,,,0,2,2,0.6108407343567581,0.0,1.0,0.0,0.0,16859.790773916782,20119.987698589583,False,1.0,,50.0,0.05
sweep_04176,168,DAILY_0001,5,1000.0,1.4,0.2,False,True,BEHAVIORAL_DEFAULT_SURPLUS_COLLATERAL,5.0,1,2,2,0.6108407343567581,1000.0,1.0,0.0,7363.639212904902,12306.50352346156,19722.575897404327,False,0.8,,50.0,0.05
sweep_04177,169,DAILY_0001,5,1000.0,1.4,0.2,False,True,BEHAVIORAL_DEFAULT_SURPLUS_COLLATERAL,5.0,1,2,2,0.6108407343567581,1000.0,1.0,0.0,3733.4302395301684,13383.861734067441,20363.246467464447,False,0.8,,50.0,0.05
sweep_04178,170,DAILY_0001,5,1000.0,1.4,0.2,True,False,,,0,2,2,0.6108407343567581,0.0,1.0,0.0,0.0,17232.159337492943,20204.6656277047,False,1.0,,50.0,0.05
sweep_04179,171,DAILY_0001,5,1000.0,1.4,0.2,True,False,,,0,2,2,0.6108407343567581,0.0,1.0,0.0,0.0,16487.879755940605,19837.719067256334,False,1.0,,50.0,0.05
sweep_04180,172,DAILY_0001,5,1000.0,1.4,0.2,False,True,BEHAVIORAL_DEFAULT_SURPLUS_COLLATERAL,5.0,1,2,2,0.6108407343567581,1000.0,1.0,0.0,930.4927949857165,12754.088913575759,19998.64714901167,False,0.8,,50.0,0.05
sweep_04181,173,DAILY_0001,5,1000.0,1.4,0.2,True,False,,,0,2,2,0.6108407343567581,0.0,1.0,0.0,0.0,16811.936915077735,20162.77598641842,False,1.0,,50.0,0.05
sweep_04182,174,DAILY_0001,5,1000.0,1.4,0.2,True,False,,,0,2,2,0.6108407343567581,0.0,1.0,0.0,0.0,16928.24289810534,20102.513041365,False,1.0,,50.0,0.05
sweep_04183,175,DAILY_0001,5,1000.0,1.4,0.2,True,False,,,0,2,2,0.6108407343567581,0.0,1.0,0.0,0.0,16822.84112582361,20021.231938637735,False,1.0,,50.0,0.05
sweep_04184,176,DAILY_0001,5,1000.0,1.4,0.2,True,False,,,0,2,2,0.6108407343567581,0.0,1.0,0.0,0.0,16402.90381242599,19818.593132157785,False,1.0,,50.0,0.05
sweep_04185,177,DAILY_0001,5,1000.0,1.4,0.2,False,True,BEHAVIORAL_DEFAULT_SURPLUS_COLLATERAL,2.0,1,0,0,0.0802993013430624,4000.0,1.0,0.0,3396.2592797679736,3160.1909052878864,7561.1276408262465,False,0.8,,50.0,0.05
sweep_04186,178,DAILY_0001,5,1000.0,1.4,0.2,True,False,,,0,2,2,0.6108407343567581,0.0,1.0,0.0,0.0,16613.95277706074,19955.80143965156,False,1.0,,50.0,0.05
sweep_04187,179,DAILY_0001,5,1000.0,1.4,0.2,True,False,,,0,2,2,0.6108407343567581,0.0,1.0,0.0,0.0,16825.94357748756,19997.00097920297,False,1.0,,50.0,0.05
sweep_04188,180,DAILY_0001,5,1000.0,1.4,0.2,True,False,,,0,2,2,0.6108407343567581,0.0,1.0,0.0,0.0,17332.698660576734,20251.512062676444,False,1.0,,50.0,0.05
sweep_04189,181,DAILY_0001,5,1000.0,1.4,0.2,False,True,BEHAVIORAL_DEFAULT_SURPLUS_COLLATERAL,4.0,1,2,2,0.6108407343567581,2000.0,1.0,0.0,1359.925116702455,9381.7156603568,18135.440256916212,False,0.8,,50.0,0.05
sweep_04190,182,DAILY_0001,5,1000.0,1.4,0.2,False,True,BEHAVIORAL_DEFAULT_SURPLUS_COLLATERAL,4.0,1,2,2,0.6108407343567581,2000.0,1.0,0.0,1310.6763077727965,9613.459796300805,18067.328928897903,False,0.8,,50.0,0.05
sweep_04191,183,DAILY_0001,5,1000.0,1.4,0.2,False,True,BEHAVIORAL_DEFAULT_SURPLUS_COLLATERAL,5.0,1,2,2,0.6108407343567581,1000.0,1.0,0.0,3296.7605311289426,12517.895991903359,19879.13864884805,False,0.8,,50.0,0.05
sweep_04192,184,DAILY_0001,5,1000.0,1.4,0.2,True,False,,,0,2,2,0.6108407343567581,0.0,1.0,0.0,0.0,17226.715015370733,20443.612345427442,False,1.0,,50.0,0.05
sweep_04193,185,DAILY_0001,5,1000.0,1.4,0.2,False,True,BEHAVIORAL_DEFAULT_SURPLUS_COLLATERAL,4.0,1,2,2,0.6108407343567581,2000.0,1.0,0.0,1134.4140943445482,9321.804157226868,18016.313415363045,False,0.8,,50.0,0.05
sweep_04194,186,DAILY_0001,5,1000.0,1.4,0.2,False,True,BEHAVIORAL_DEFAULT_SURPLUS_COLLATERAL,3.0,1,0,0,0.2295668026988248,3000.0,1.0,0.0,2003.5186733458222,6559.983069571281,17384.824903270513,False,0.8,,50.0,0.05
sweep_04195,187,DAILY_0001,5,1000.0,1.4,0.2,False,True,BEHAVIORAL_DEFAULT_SURPLUS_COLLATERAL,4.0,1,2,2,0.6108407343567581,2000.0,1.0,0.0,1230.6573196657941,9703.856181907031,18109.542511850537,False,0.8,,50.0,0.05
sweep_04196,188,DAILY_0001,5,1000.0,1.4,0.2,False,True,BEHAVIORAL_DEFAULT_SURPLUS_COLLATERAL,5.0,1,2,2,0.6108407343567581,1000.0,1.0,0.0,3730.3544914619806,13167.848974053273,20223.124394961924,False,0.8,,50.0,0.05
sweep_04197,189,DAILY_0001,5,1000.0,1.4,0.2,True,False,,,0,2,2,0.6108407343567581,0.0,1.0,0.0,0.0,17458.454152212147,20456.86052206939,False,1.0,,50.0,0.05
sweep_04198,190,DAILY_0001,5,1000.0,1.4,0.2,False,True,BEHAVIORAL_DEFAULT_SURPLUS_COLLATERAL,4.0,1,2,2,0.6108407343567581,2000.0,1.0,0.0,3698.392066222139,9384.639416814975,17957.78710579631,False,0.8,,50.0,0.05
sweep_04199,191,DAILY_0001,5,1000.0,1.4,0.2,True,False,,,0,2,2,0.6108407343567581,0.0,1.0,0.0,0.0,16741.237276910877,19959.49632857035,False,1.0,,50.0,0.05
sweep_04200,42,DAILY_0001,5,1000.0,1.4,0.2,True,False,,,0,2,2,0.6108407343567581,0.0,1.0,0.0,0.0,17143.15024973444,20168.809697945762,False,1.0,,100.0,0.05
sweep_04201,43,DAILY_0001,5,1000.0,1.4,0.2,True,False,,,0,2,2,0.6108407343567581,0.0,1.0,0.0,0.0,16683.664856290503,19974.828777073664,False,1.0,,100.0,0.05
sweep_04202,44,DAILY_0001,5,1000.0,1.4,0.2,True,False,,,0,2,2,0.6108407343567581,0.0,1.0,0.0,0.0,16963.961355801184,20261.727965920887,False,1.0,,100.0,0.05
sweep_04203,45,DAILY_0001,5,1000.0,1.4,0.2,False,True,BEHAVIORAL_DEFAULT_SURPLUS_COLLATERAL,5.0,1,2,2,0.6108407343567581,1000.0,1.0,0.0,7451.498254428778,12896.079661440042,20085.8751123226,False,0.8,,100.0,0.05
sweep_04204,46,DAILY_0001,5,1000.0,1.4,0.2,True,False,,,0,2,2,0.6108407343567581,0.0,1.0,0.0,0.0,16307.234970412434,19697.94203621921,False,1.0,,100.0,0.05
sweep_04205,47,DAILY_0001,5,1000.0,1.4,0.2,True,False,,,0,2,2,0.6108407343567581,0.0,1.0,0.0,0.0,17175.220923270765,20323.503539134304,False,1.0,,100.0,0.05
sweep_04206,48,DAILY_0001,5,1000.0,1.4,0.2,False,True,BEHAVIORAL_DEFAULT_SURPLUS_COLLATERAL,3.0,1,0,0,0.2295668026988248,3000.0,1.0,0.0,1964.8945691485715,6384.596399760172,17285.851454602533,False,0.8,,100.0,0.05
sweep_04207,49,DAILY_0001,5,1000.0,1.4,0.2,True,False,,,0,2,2,0.6108407343567581,0.0,1.0,0.0,0.0,17411.6649980281,20510.34874027667,False,1.0,,100.0,0.05
sweep_04208,50,DAILY_0001,5,1000.0,1.4,0.2,True,False,,,0,2,2,0.6108407343567581,0.0,1.0,0.0,0.0,16470.071539501125,19854.84196908392,False,1.0,,100.0,0.05
sweep_04209,51,DAILY_0001,5,1000.0,1.4,0.2,True,False,,,0,2,2,0.6108407343567581,0.0,1.0,0.0,0.0,16553.917458671152,19753.176649667672,False,1.0,,100.0,0.05
sweep_04210,52,DAILY_0001,5,1000.0,1.4,0.2,False,True,BEHAVIORAL_DEFAULT_SURPLUS_COLLATERAL,5.0,1,2,2,0.6108407343567581,1000.0,1.0,0.0,7303.9426129286,13756.613367327447,20674.34975521425,False,0.8,,100.0,0.05
sweep_04211,53,DAILY_0001,5,1000.0,1.4,0.2,False,True,BEHAVIORAL_DEFAULT_SURPLUS_COLLATERAL,5.0,1,2,2,0.6108407343567581,1000.0,1.0,0.0,7384.143162284552,12961.478326267516,20237.057550839112,False,0.8,,100.0,0.05
sweep_04212,54,DAILY_0001,5,1000.0,1.4,0.2,False,True,BEHAVIORAL_DEFAULT_SURPLUS_COLLATERAL,5.0,1,2,2,0.6108407343567581,1000.0,1.0,0.0,659.9780142615527,12569.941496225256,20028.354105728493,False,0.8,,100.0,0.05
sweep_04213,55,DAILY_0001,5,1000.0,1.4,0.2,False,True,BEHAVIORAL_DEFAULT_SURPLUS_COLLATERAL,5.0,1,2,2,0.6108407343567581,1000.0,1.0,0.0,3738.8102205462637,13020.111295967612,20136.1104350813,False,0.8,,100.0,0.05
sweep_04214,56,DAILY_0001,5,1000.0,1.4,0.2,False,True,BEHAVIORAL_DEFAULT_SURPLUS_COLLATERAL,5.0,1,2,2,0.6108407343567581,1000.0,1.0,0.0,3688.5495307510746,12704.486967871519,20017.874530640645,False,0.8,,100.0,0.05
sweep_04215,57,DAILY_0001,5,1000.0,1.4,0.2,True,False,,,0,2,2,0.6108407343567581,0.0,1.0,0.0,0.0,16629.925622068513,19850.72256245436,False,1.0,,100.0,0.05
sweep_04216,58,DAILY_0001,5,1000.0,1.4,0.2,True,False,,,0,2,2,0.6108407343567581,0.0,1.0,0.0,0.0,17118.252725129587,20349.412126343443,False,1.0,,100.0,0.05
sweep_04217,59,DAILY_0001,5,1000.0,1.4,0.2,False,True,BEHAVIORAL_DEFAULT_SURPLUS_COLLATERAL,4.0,1,2,2,0.6108407343567581,2000.0,1.0,0.0,1115.7808043673763,9396.14470761244,18111.02334964636,False,0.8,,100.0,0.05
sweep_04218,60,DAILY_0001,5,1000.0,1.4,0.2,True,False,,,0,2,2,0.6108407343567581,0.0,1.0,0.0,0.0,16890.892442598783,20092.622989167707,False,1.0,,100.0,0.05
sweep_04219,61,DAILY_0001,5,1000.0,1.4,0.2,True,False,,,0,2,2,0.6108407343567581,0.0,1.0,0.0,0.0,17049.548692196306,20284.57690905529,False,1.0,,100.0,0.05
sweep_04220,62,DAILY_0001,5,1000.0,1.4,0.2,True,False,,,0,2,2,0.6108407343567581,0.0,1.0,0.0,0.0,16688.163188009137,20048.80349691093,False,1.0,,100.0,0.05
sweep_04221,63,DAILY_0001,5,1000.0,1.4,0.2,False,True,BEHAVIORAL_DEFAULT_SURPLUS_COLLATERAL,5.0,1,2,2,0.6108407343567581,1000.0,1.0,0.0,3711.0298879369593,12560.781626539678,19890.79212954821,False,0.8,,100.0,0.05
sweep_04222,64,DAILY_0001,5,1000.0,1.4,0.2,False,True,BEHAVIORAL_DEFAULT_SURPLUS_COLLATERAL,3.0,1,0,0,0.2295668026988248,3000.0,1.0,0.0,5709.034176172903,6151.058035452796,17138.150921349836,False,0.8,,100.0,0.05
sweep_04223,65,DAILY_0001,5,1000.0,1.4,0.2,False,True,BEHAVIORAL_DEFAULT_SURPLUS_COLLATERAL,2.0,1,0,0,0.0802993013430624,4000.0,1.0,0.0,3373.5320026155687,3099.9623073224475,7536.314356949958,False,0.8,,100.0,0.05
sweep_04224,66,DAILY_0001,5,1000.0,1.4,0.2,True,False,,,0,2,2,0.6108407343567581,0.0,1.0,0.0,0.0,17056.111050431617,20208.454073170837,False,1.0,,100.0,0.05
sweep_04225,67,DAILY_0001,5,1000.0,1.4,0.2,True,False,,,0,2,2,0.6108407343567581,0.0,1.0,0.0,0.0,17358.7323024141,20344.540562821825,False,1.0,,100.0,0.05
sweep_04226,68,DAILY_0001,5,1000.0,1.4,0.2,False,True,BEHAVIORAL_DEFAULT_SURPLUS_COLLATERAL,4.0,1,2,2,0.6108407343567581,2000.0,1.0,0.0,1148.072176168826,9384.172146377827,18045.582483342652,False,0.8,,100.0,0.05
sweep_04227,69,DAILY_0001,5,1000.0,1.4,0.2,False,True,BEHAVIORAL_DEFAULT_SURPLUS_COLLATERAL,3.0,1,0,0,0.2295668026988248,3000.0,1.0,0.0,1925.839307932929,6254.764509256824,17241.49991879974,False,0.8,,100.0,0.05
sweep_04228,70,DAILY_0001,5,1000.0,1.4,0.2,True,False,,,0,2,2,0.6108407343567581,0.0,1.0,0.0,0.0,18008.300555488746,20633.952309866534,False,1.0,,100.0,0.05
sweep_04229,71,DAILY_0001,5,1000.0,1.4,0.2,True,False,,,0,2,2,0.6108407343567581,0.0,1.0,0.0,0.0,17077.07193201092,20223.056365556273,False,1.0,,100.0,0.05
sweep_04230,72,DAILY_0001,5,1000.0,1.4,0.2,False,True,BEHAVIORAL_DEFAULT_SURPLUS_COLLATERAL,5.0,1,2,2,0.6108407343567581,1000.0,1.0,0.0,747.6785029772273,12739.57666014175,19952.39294462782,False,0.8,,100.0,0.05
sweep_04231,73,DAILY_0001,5,1000.0,1.4,0.2,True,False,,,0,2,2,0.6108407343567581,0.0,1.0,0.0,0.0,16909.5959464029,20093.67137570495,False,1.0,,100.0,0.05
sweep_04232,74,DAILY_0001,5,1000.0,1.4,0.2,False,True,BEHAVIORAL_DEFAULT_SURPLUS_COLLATERAL,3.0,1,0,0,0.2295668026988248,3000.0,1.0,0.0,5745.408094132359,6142.21535254676,17165.16736817876,False,0.8,,100.0,0.05
sweep_04233,75,DAILY_0001,5,1000.0,1.4,0.2,True,False,,,0,2,2,0.6108407343567581,0.0,1.0,0.0,0.0,16697.360309291158,19996.259921413406,False,1.0,,100.0,0.05
sweep_04234,76,DAILY_0001,5,1000.0,1.4,0.2,True,False,,,0,2,2,0.6108407343567581,0.0,1.0,0.0,0.0,16671.801168191498,20017.33561696536,False,1.0,,100.0,0.05
sweep_04235,77,DAILY_0001,5,1000.0,1.4,0.2,True,False,,,0,2,2,0.6108407343567581,0.0,1.0,0.0,0.0,16763.124564751575,20084.58368156862,False,1.0,,100.0,0.05
sweep_04236,78,DAILY_0001,5,1000.0,1.4,0.2,True,False,,,0,2,2,0.6108407343567581,0.0,1.0,0.0,0.0,16719.51222653161,19937.286175624937,False,1.0,,100.0,0.05
sweep_04237,79,DAILY_0001,5,1000.0,1.4,0.2,True,False,,,0,2,2,0.6108407343567581,0.0,1.0,0.0,0.0,16476.77247232043,19838.542282687882,False,1.0,,100.0,0.05
sweep_04238,80,DAILY_0001,5,1000.0,1.4,0.2,True,False,,,0,2,2,0.6108407343567581,0.0,1.0,0.0,0.0,16187.427798734678,19667.66516349387,False,1.0,,100.0,0.05
sweep_04239,81,DAILY_0001,5,1000.0,1.4,0.2,True,False,,,0,3,3,0.6108407343567581,0.0,1.0,0.0,0.0,17261.26216002694,20241.37550683879,False,1.0,,100.0,0.05
sweep_04240,82,DAILY_0001,5,1000.0,1.4,0.2,True,False,,,0,2,2,0.6108407343567581,0.0,1.0,0.0,0.0,17428.23657344996,20578.04692604537,False,1.0,,100.0,0.05
sweep_04241,83,DAILY_0001,5,1000.0,1.4,0.2,False,True,BEHAVIORAL_DEFAULT_SURPLUS_COLLATERAL,5.0,1,2,2,0.6108407343567581,1000.0,1.0,0.0,928.5866138350475,13023.010849409744,20154.61807069603,False,0.8,,100.0,0.05
sweep_04242,84,DAILY_0001,5,1000.0,1.4,0.2,False,True,BEHAVIORAL_DEFAULT_SURPLUS_COLLATERAL,3.0,1,0,0,0.2295668026988248,3000.0,1.0,0.0,1941.891065098629,6504.624246924773,17490.19849288314,False,0.8,,100.0,0.05
sweep_04243,85,DAILY_0001,5,1000.0,1.4,0.2,False,True,BEHAVIORAL_DEFAULT_SURPLUS_COLLATERAL,4.0,1,2,2,0.6108407343567581,2000.0,1.0,0.0,1179.193449675009,9644.511591981416,18069.691525282873,False,0.8,,100.0,0.05
sweep_04244,86,DAILY_0001,5,1000.0,1.4,0.2,True,False,,,0,2,2,0.6108407343567581,0.0,1.0,0.0,0.0,17346.9008892341,20418.18477973727,False,1.0,,100.0,0.05
sweep_04245,87,DAILY_0001,5,1000.0,1.4,0.2,True,False,,,0,2,2,0.6108407343567581,0.0,1.0,0.0,0.0,16887.21410701461,20086.3546641767,False,1.0,,100.0,0.05
sweep_04246,88,DAILY_0001,5,1000.0,1.4,0.2,False,True,BEHAVIORAL_DEFAULT_SURPLUS_COLLATERAL,3.0,1,0,0,0.2295668026988248,3000.0,1.0,0.0,5706.250279722355,6598.059130640779,17393.872231264253,False,0.8,,100.0,0.05
sweep_04247,89,DAILY_0001,5,1000.0,1.4,0.2,True,False,,,0,2,2,0.6108407343567581,0.0,1.0,0.0,0.0,16483.760527058344,19868.196610476807,False,1.0,,100.0,0.05
sweep_04248,90,DAILY_0001,5,1000.0,1.4,0.2,False,True,BEHAVIORAL_DEFAULT_SURPLUS_COLLATERAL,4.0,1,2,2,0.6108407343567581,2000.0,1.0,0.0,3700.555211705394,9428.143344053857,18087.56030827599,False,0.8,,100.0,0.05
sweep_04249,91,DAILY_0001,5,1000.0,1.4,0.2,True,False,,,0,2,2,0.6108407343567581,0.0,1.0,0.0,0.0,16432.64453049189,19886.92762122055,False,1.0,,100.0,0.05
sweep_04250,92,DAILY_0001,5,1000.0,1.4,0.2,True,False,,,0,2,2,0.6108407343567581,0.0,1.0,0.0,0.0,16541.46983637411,19937.225810555636,False,1.0,,100.0,0.05
sweep_04251,93,DAILY_0001,5,1000.0,1.4,0.2,False,True,BEHAVIORAL_DEFAULT_SURPLUS_COLLATERAL,3.0,1,0,0,0.2295668026988248,3000.0,1.0,0.0,1970.8419679140752,7022.911645595454,18018.085643332182,False,0.8,,100.0,0.05
sweep_04252,94,DAILY_0001,5,1000.0,1.4,0.2,True,False,,,0,2,2,0.6108407343567581,0.0,1.0,0.0,0.0,16816.49136159871,20112.015106457475,False,1.0,,100.0,0.05
sweep_04253,95,DAILY_0001,5,1000.0,1.4,0.2,True,False,,,0,2,2,0.6108407343567581,0.0,1.0,0.0,0.0,17545.744689882886,20460.52371521847,False,1.0,,100.0,0.05
sweep_04254,96,DAILY_0001,5,1000.0,1.4,0.2,True,False,,,0,2,2,0.6108407343567581,0.0,1.0,0.0,0.0,17272.505142960632,20160.96715326994,False,1.0,,100.0,0.05
sweep_04255,97,DAILY_0001,5,1000.0,1.4,0.2,True,False,,,0,2,2,0.6108407343567581,0.0,1.0,0.0,0.0,17205.00493267573,20229.586537531388,False,1.0,,100.0,0.05
sweep_04256,98,DAILY_0001,5,1000.0,1.4,0.2,True,False,,,0,2,2,0.6108407343567581,0.0,1.0,0.0,0.0,17117.740576801672,20318.1570032241,False,1.0,,100.0,0.05
sweep_04257,99,DAILY_0001,5,1000.0,1.4,0.2,False,True,BEHAVIORAL_DEFAULT_SURPLUS_COLLATERAL,4.0,1,2,2,0.6108407343567581,2000.0,1.0,0.0,3699.48795541694,9546.407766635395,18091.683884332688,False,0.8,,100.0,0.05
sweep_04258,100,DAILY_0001,5,1000.0,1.4,0.2,True,False,,,0,2,2,0.6108407343567581,0.0,1.0,0.0,0.0,17296.288473944063,20419.91611923822,False,1.0,,100.0,0.05
sweep_04259,101,DAILY_0001,5,1000.0,1.4,0.2,False,True,BEHAVIORAL_DEFAULT_SURPLUS_COLLATERAL,5.0,1,2,2,0.6108407343567581,1000.0,1.0,0.0,3468.7196450815145,13094.897102232273,20307.520583431193,False,0.8,,100.0,0.05
sweep_04260,102,DAILY_0001,5,1000.0,1.4,0.2,False,True,BEHAVIORAL_DEFAULT_SURPLUS_COLLATERAL,5.0,1,2,2,0.6108407343567581,1000.0,1.0,0.0,7525.463061045413,13315.718463742422,20519.473038730175,False,0.8,,100.0,0.05
sweep_04261,103,DAILY_0001,5,1000.0,1.4,0.2,False,True,BEHAVIORAL_DEFAULT_SURPLUS_COLLATERAL,4.0,1,2,2,0.6108407343567581,2000.0,1.0,0.0,1339.8395091026287,9410.055771571677,18050.84712853228,False,0.8,,100.0,0.05
sweep_04262,104,DAILY_0001,5,1000.0,1.4,0.2,True,False,,,0,2,2,0.6108407343567581,0.0,1.0,0.0,0.0,16965.565545296653,20061.336096923522,False,1.0,,100.0,0.05
sweep_04263,105,DAILY_0001,5,1000.0,1.4,0.2,False,True,BEHAVIORAL_DEFAULT_SURPLUS_COLLATERAL,4.0,1,2,2,0.6108407343567581,2000.0,1.0,0.0,3703.117252250795,10112.068977480729,18271.567307050416,False,0.8,,100.0,0.05
sweep_04264,106,DAILY_0001,5,1000.0,1.4,0.2,False,True,BEHAVIORAL_DEFAULT_SURPLUS_COLLATERAL,5.0,1,2,2,0.6108407343567581,1000.0,1.0,0.0,1023.335244408735,13317.118454353504,20325.162733566696,False,0.8,,100.0,0.05
sweep_04265,107,DAILY_0001,5,1000.0,1.4,0.2,False,True,BEHAVIORAL_DEFAULT_SURPLUS_COLLATERAL,4.0,1,2,2,0.6108407343567581,2000.0,1.0,0.0,1348.790074322022,9504.711727327722,17971.42594539465,False,0.8,,100.0,0.05
sweep_04266,108,DAILY_0001,5,1000.0,1.4,0.2,False,True,BEHAVIORAL_DEFAULT_SURPLUS_COLLATERAL,4.0,1,2,2,0.6108407343567581,2000.0,1.0,0.0,3701.292137863624,9229.632260373746,18044.141950580615,False,0.8,,100.0,0.05
sweep_04267,109,DAILY_0001,5,1000.0,1.4,0.2,True,False,,,0,2,2,0.6108407343567581,0.0,1.0,0.0,0.0,17097.560018571552,20233.84234822119,False,1.0,,100.0,0.05
sweep_04268,110,DAILY_0001,5,1000.0,1.4,0.2,True,False,,,0,2,2,0.6108407343567581,0.0,1.0,0.0,0.0,17252.145983174083,20424.770916748406,False,1.0,,100.0,0.05
sweep_04269,111,DAILY_0001,5,1000.0,1.4,0.2,False,True,BEHAVIORAL_DEFAULT_SURPLUS_COLLATERAL,5.0,1,2,2,0.6108407343567581,1000.0,1.0,0.0,3359.6748701651204,13005.811951455453,20091.155228423857,False,0.8,,100.0,0.05
sweep_04270,112,DAILY_0001,5,1000.0,1.4,0.2,True,False,,,0,2,2,0.6108407343567581,0.0,1.0,0.0,0.0,16909.07625773677,20142.948672684557,False,1.0,,100.0,0.05
sweep_04271,113,DAILY_0001,5,1000.0,1.4,0.2,False,True,BEHAVIORAL_DEFAULT_SURPLUS_COLLATERAL,3.0,1,0,0,0.2295668026988248,3000.0,1.0,0.0,1998.15338725715,6623.312533026473,17473.92952456494,False,0.8,,100.0,0.05
sweep_04272,114,DAILY_0001,5,1000.0,1.4,0.2,False,True,BEHAVIORAL_DEFAULT_SURPLUS_COLLATERAL,3.0,1,0,0,0.2295668026988248,3000.0,1.0,0.0,1911.3815656249972,6121.454939968626,17125.096168207438,False,0.8,,100.0,0.05
sweep_04273,115,DAILY_0001,5,1000.0,1.4,0.2,True,False,,,0,2,2,0.6108407343567581,0.0,1.0,0.0,0.0,16756.555719327873,19853.36443895736,False,1.0,,100.0,0.05
sweep_04274,116,DAILY_0001,5,1000.0,1.4,0.2,False,True,BEHAVIORAL_DEFAULT_SURPLUS_COLLATERAL,3.0,1,0,0,0.2295668026988248,3000.0,1.0,0.0,5877.540257237106,6397.070943819939,17429.060688657206,False,0.8,,100.0,0.05
sweep_04275,117,DAILY_0001,5,1000.0,1.4,0.2,False,True,BEHAVIORAL_DEFAULT_SURPLUS_COLLATERAL,2.0,1,0,0,0.0802993013430624,4000.0,1.0,0.0,3407.2981087928365,3189.4444401873525,7573.179660802901,False,0.8,,100.0,0.05
sweep_04276,118,DAILY_0001,5,1000.0,1.4,0.2,True,False,,,0,2,2,0.6108407343567581,0.0,1.0,0.0,0.0,16908.748437966286,20189.995956604394,False,1.0,,100.0,0.05
sweep_04277,119,DAILY_0001,5,1000.0,1.4,0.2,True,False,,,0,2,2,0.6108407343567581,0.0,1.0,0.0,0.0,16730.031620694273,20130.888616206557,False,1.0,,100.0,0.05
sweep_04278,120,DAILY_0001,5,1000.0,1.4,0.2,True,False,,,0,2,2,0.6108407343567581,0.0,1.0,0.0,0.0,17299.20314416707,20540.84557972246,False,1.0,,100.0,0.05
sweep_04279,121,DAILY_0001,5,1000.0,1.4,0.2,False,True,BEHAVIORAL_DEFAULT_SURPLUS_COLLATERAL,4.0,1,2,2,0.6108407343567581,2000.0,1.0,0.0,3699.4923862672877,9287.607451281923,17977.66221618409,False,0.8,,100.0,0.05
sweep_04280,122,DAILY_0001,5,1000.0,1.4,0.2,True,False,,,0,2,2,0.6108407343567581,0.0,1.0,0.0,0.0,16786.425779314144,20149.38737943737,False,1.0,,100.0,0.05
sweep_04281,123,DAILY_0001,5,1000.0,1.4,0.2,False,True,BEHAVIORAL_DEFAULT_SURPLUS_COLLATERAL,4.0,1,3,3,0.6108407343567581,2000.0,1.0,0.0,3701.329554146887,10213.097259473365,18297.255333012577,False,0.8,,100.0,0.05
sweep_04282,124,DAILY_0001,5,1000.0,1.4,0.2,True,False,,,0,2,2,0.6108407343567581,0.0,1.0,0.0,0.0,17378.096470344266,20393.078315633826,False,1.0,,100.0,0.05
sweep_04283,125,DAILY_0001,5,1000.0,1.4,0.2,True,False,,,0,2,2,0.6108407343567581,0.0,1.0,0.0,0.0,17222.14785778652,20331.177221933907,False,1.0,,100.0,0.05
sweep_04284,126,DAILY_0001,5,1000.0,1.4,0.2,False,True,BEHAVIORAL_DEFAULT_SURPLUS_COLLATERAL,3.0,1,0,0,0.2295668026988248,3000.0,1.0,0.0,5952.5939254525965,6608.331218475114,17617.36494160293,False,0.8,,100.0,0.05
sweep_04285,127,DAILY_0001,5,1000.0,1.4,0.2,True,False,,,0,2,2,0.6108407343567581,0.0,1.0,0.0,0.0,17068.994068195138,20235.73631672148,False,1.0,,100.0,0.05
sweep_04286,128,DAILY_0001,5,1000.0,1.4,0.2,True,False,,,0,2,2,0.6108407343567581,0.0,1.0,0.0,0.0,17380.160876094935,20270.678968773995,False,1.0,,100.0,0.05
sweep_04287,129,DAILY_0001,5,1000.0,1.4,0.2,True,False,,,0,2,2,0.6108407343567581,0.0,1.0,0.0,0.0,16680.988802965425,19959.729836315,False,1.0,,100.0,0.05
sweep_04288,130,DAILY_0001,5,1000.0,1.4,0.2,False,True,BEHAVIORAL_DEFAULT_SURPLUS_COLLATERAL,5.0,1,2,2,0.6108407343567581,1000.0,1.0,0.0,3735.648280394149,12730.738840773127,19982.27019667164,False,0.8,,100.0,0.05
sweep_04289,131,DAILY_0001,5,1000.0,1.4,0.2,False,True,BEHAVIORAL_DEFAULT_SURPLUS_COLLATERAL,4.0,1,2,2,0.6108407343567581,2000.0,1.0,0.0,3700.3992659951373,9894.940183776958,18137.103538893178,False,0.8,,100.0,0.05
sweep_04290,132,DAILY_0001,5,1000.0,1.4,0.2,False,True,BEHAVIORAL_DEFAULT_SURPLUS_COLLATERAL,4.0,1,2,2,0.6108407343567581,2000.0,1.0,0.0,1150.325060238436,9452.061028387478,18005.244182281087,False,0.8,,100.0,0.05
sweep_04291,133,DAILY_0001,5,1000.0,1.4,0.2,False,True,BEHAVIORAL_DEFAULT_SURPLUS_COLLATERAL,2.0,1,0,0,0.0802993013430624,4000.0,1.0,0.0,3354.6015141222506,3049.7954187370806,7515.646347238474,False,0.8,,100.0,0.05
sweep_04292,134,DAILY_0001,5,1000.0,1.4,0.2,False,True,BEHAVIORAL_DEFAULT_SURPLUS_COLLATERAL,3.0,1,0,0,0.2295668026988248,3000.0,1.0,0.0,1987.198113466402,6618.547990000483,17498.615306028754,False,0.8,,100.0,0.05
sweep_04293,135,DAILY_0001,5,1000.0,1.4,0.2,True,False,,,0,2,2,0.6108407343567581,0.0,1.0,0.0,0.0,17308.180105341366,20341.54088515597,False,1.0,,100.0,0.05
sweep_04294,136,DAILY_0001,5,1000.0,1.4,0.2,False,True,BEHAVIORAL_DEFAULT_SURPLUS_COLLATERAL,5.0,1,2,2,0.6108407343567581,1000.0,1.0,0.0,3429.318986698525,12439.168673732074,19872.87734298185,False,0.8,,100.0,0.05
sweep_04295,137,DAILY_0001,5,1000.0,1.4,0.2,False,True,BEHAVIORAL_DEFAULT_SURPLUS_COLLATERAL,4.0,1,2,2,0.6108407343567581,2000.0,1.0,0.0,1250.2308303652685,9538.559186760156,18094.277669918163,False,0.8,,100.0,0.05
sweep_04296,138,DAILY_0001,5,1000.0,1.4,0.2,False,True,BEHAVIORAL_DEFAULT_SURPLUS_COLLATERAL,5.0,1,2,2,0.6108407343567581,1000.0,1.0,0.0,687.8176613016572,12533.99100881035,19914.557648811042,False,0.8,,100.0,0.05
sweep_04297,139,DAILY_0001,5,1000.0,1.4,0.2,False,True,BEHAVIORAL_DEFAULT_SURPLUS_COLLATERAL,2.0,1,0,0,0.0802993013430624,4000.0,1.0,0.0,3377.751798211606,3111.145009532911,7540.9214634380005,False,0.8,,100.0,0.05
sweep_04298,140,DAILY_0001,5,1000.0,1.4,0.2,False,True,BEHAVIORAL_DEFAULT_SURPLUS_COLLATERAL,2.0,1,0,0,0.0802993013430624,4000.0,1.0,0.0,3396.7443610551463,3161.476398733924,7561.657244949125,False,0.8,,100.0,0.05
sweep_04299,141,DAILY_0001,5,1000.0,1.4,0.2,True,False,,,0,2,2,0.6108407343567581,0.0,1.0,0.0,0.0,17185.12705013151,20248.307499375675,False,1.0,,100.0,0.05
sweep_04300,142,DAILY_0001,5,1000.0,1.4,0.2,False,True,BEHAVIORAL_DEFAULT_SURPLUS_COLLATERAL,2.0,1,0,0,0.0802993013430624,4000.0,1.0,0.0,3398.5705424374846,3166.3158849403544,7563.651041071101,False,0.8,,100.0,0.05
sweep_04301,143,DAILY_0001,5,1000.0,1.4,0.2,True,False,,,0,2,2,0.6108407343567581,0.0,1.0,0.0,0.0,16445.290904199723,19867.952211381948,False,1.0,,100.0,0.05
sweep_04302,144,DAILY_0001,5,1000.0,1.4,0.2,True,False,,,0,2,2,0.6108407343567581,0.0,1.0,0.0,0.0,17343.411988435073,20455.422355983803,False,1.0,,100.0,0.05
sweep_04303,145,DAILY_0001,5,1000.0,1.4,0.2,True,False,,,0,2,2,0.6108407343567581,0.0,1.0,0.0,0.0,17193.72751399906,20393.41594589947,False,1.0,,100.0,0.05
sweep_04304,146,DAILY_0001,5,1000.0,1.4,0.2,True,False,,,0,2,2,0.6108407343567581,0.0,1.0,0.0,0.0,16193.924104929843,19691.91424395535,False,1.0,,100.0,0.05
sweep_04305,147,DAILY_0001,5,1000.0,1.4,0.2,False,True,BEHAVIORAL_DEFAULT_SURPLUS_COLLATERAL,4.0,1,2,2,0.6108407343567581,2000.0,1.0,0.0,1210.4858098275522,9889.107754331599,18143.104406606937,False,0.8,,100.0,0.05
sweep_04306,148,DAILY_0001,5,1000.0,1.4,0.2,True,False,,,0,2,2,0.6108407343567581,0.0,1.0,0.0,0.0,17096.666287603017,20335.255013172122,False,1.0,,100.0,0.05
sweep_04307,149,DAILY_0001,5,1000.0,1.4,0.2,False,True,BEHAVIORAL_DEFAULT_SURPLUS_COLLATERAL,4.0,1,2,2,0.6108407343567581,2000.0,1.0,0.0,1114.6895811253498,9814.02173860668,18271.140023221782,False,0.8,,100.0,0.05
sweep_04308,150,DAILY_0001,5,1000.0,1.4,0.2,True,False,,,0,2,2,0.6108407343567581,0.0,1.0,0.0,0.0,16546.279710931314,19929.12642853229,False,1.0,,100.0,0.05
sweep_04309,151,DAILY_0001,5,1000.0,1.4,0.2,False,True,BEHAVIORAL_DEFAULT_SURPLUS_COLLATERAL,5.0,1,2,2,0.6108407343567581,1000.0,1.0,0.0,3624.923516726607,13335.570209326292,20432.18539994546,False,0.8,,100.0,0.05
sweep_04310,152,DAILY_0001,5,1000.0,1.4,0.2,True,False,,,0,2,2,0.6108407343567581,0.0,1.0,0.0,0.0,17093.36930493184,20314.776073695328,False,1.0,,100.0,0.05
sweep_04311,153,DAILY_0001,5,1000.0,1.4,0.2,True,False,,,0,2,2,0.6108407343567581,0.0,1.0,0.0,0.0,16508.84948067981,19828.75103859847,False,1.0,,100.0,0.05
sweep_04312,154,DAILY_0001,5,1000.0,1.4,0.2,True,False,,,0,2,2,0.6108407343567581,0.0,1.0,0.0,0.0,16928.440090342658,20103.16302191604,False,1.0,,100.0,0.05
sweep_04313,155,DAILY_0001,5,1000.0,1.4,0.2,False,True,BEHAVIORAL_DEFAULT_SURPLUS_COLLATERAL,3.0,1,0,0,0.2295668026988248,3000.0,1.0,0.0,5828.604488093881,6224.123226178908,17285.951255731867,False,0.8,,100.0,0.05
sweep_04314,156,DAILY_0001,5,1000.0,1.4,0.2,True,False,,,0,2,2,0.6108407343567581,0.0,1.0,0.0,0.0,16822.870383115638,20115.71682728831,False,1.0,,100.0,0.05
sweep_04315,157,DAILY_0001,5,1000.0,1.4,0.2,False,True,BEHAVIORAL_DEFAULT_SURPLUS_COLLATERAL,3.0,1,0,0,0.2295668026988248,3000.0,1.0,0.0,1917.2449128230173,6313.283449869156,17333.88574574934,False,0.8,,100.0,0.05
sweep_04316,158,DAILY_0001,5,1000.0,1.4,0.2,True,False,,,0,2,2,0.6108407343567581,0.0,1.0,0.0,0.0,17327.297792749472,20291.790616849154,False,1.0,,100.0,0.05
sweep_04317,159,DAILY_0001,5,1000.0,1.4,0.2,True,False,,,0,2,2,0.6108407343567581,0.0,1.0,0.0,0.0,17547.075472215663,20512.892702705787,False,1.0,,100.0,0.05
sweep_04318,160,DAILY_0001,5,1000.0,1.4,0.2,False,True,BEHAVIORAL_DEFAULT_SURPLUS_COLLATERAL,5.0,1,3,3,0.6108407343567581,1000.0,1.0,0.0,7406.938022624066,13559.294233579409,20453.736040582186,False,0.8,,100.0,0.05
sweep_04319,161,DAILY_0001,5,1000.0,1.4,0.2,True,False,,,0,2,2,0.6108407343567581,0.0,1.0,0.0,0.0,16722.38973114001,19953.45004201917,False,1.0,,100.0,0.05
sweep_04320,162,DAILY_0001,5,1000.0,1.4,0.2,False,True,BEHAVIORAL_DEFAULT_SURPLUS_COLLATERAL,3.0,1,0,0,0.2295668026988248,3000.0,1.0,0.0,5706.378515256663,6099.333759251945,17105.930533215906,False,0.8,,100.0,0.05
sweep_04321,163,DAILY_0001,5,1000.0,1.4,0.2,True,False,,,0,2,2,0.6108407343567581,0.0,1.0,0.0,0.0,17276.966005569957,20424.501624983735,False,1.0,,100.0,0.05
sweep_04322,164,DAILY_0001,5,1000.0,1.4,0.2,True,False,,,0,2,2,0.6108407343567581,0.0,1.0,0.0,0.0,17233.351687522765,20286.251009141968,False,1.0,,100.0,0.05
sweep_04323,165,DAILY_0001,5,1000.0,1.4,0.2,True,False,,,0,2,2,0.6108407343567581,0.0,1.0,0.0,0.0,16913.7215097475,20060.121502629972,False,1.0,,100.0,0.05
sweep_04324,166,DAILY_0001,5,1000.0,1.4,0.2,False,True,BEHAVIORAL_DEFAULT_SURPLUS_COLLATERAL,5.0,1,2,2,0.6108407343567581,1000.0,1.0,0.0,3783.9454349733824,13275.843211445086,20452.897267796026,False,0.8,,100.0,0.05
sweep_04325,167,DAILY_0001,5,1000.0,1.4,0.2,True,False,,,0,2,2,0.6108407343567581,0.0,1.0,0.0,0.0,16859.790773916782,20119.987698589583,False,1.0,,100.0,0.05
sweep_04326,168,DAILY_0001,5,1000.0,1.4,0.2,False,True,BEHAVIORAL_DEFAULT_SURPLUS_COLLATERAL,5.0,1,2,2,0.6108407343567581,1000.0,1.0,0.0,7363.639212904902,12306.50352346156,19722.575897404327,False,0.8,,100.0,0.05
sweep_04327,169,DAILY_0001,5,1000.0,1.4,0.2,False,True,BEHAVIORAL_DEFAULT_SURPLUS_COLLATERAL,5.0,1,2,2,0.6108407343567581,1000.0,1.0,0.0,3733.4302395301684,13383.861734067441,20363.246467464447,False,0.8,,100.0,0.05
sweep_04328,170,DAILY_0001,5,1000.0,1.4,0.2,True,False,,,0,2,2,0.6108407343567581,0.0,1.0,0.0,0.0,17232.159337492943,20204.6656277047,False,1.0,,100.0,0.05
sweep_04329,171,DAILY_0001,5,1000.0,1.4,0.2,True,False,,,0,2,2,0.6108407343567581,0.0,1.0,0.0,0.0,16487.879755940605,19837.719067256334,False,1.0,,100.0,0.05
sweep_04330,172,DAILY_0001,5,1000.0,1.4,0.2,False,True,BEHAVIORAL_DEFAULT_SURPLUS_COLLATERAL,5.0,1,2,2,0.6108407343567581,1000.0,1.0,0.0,930.4927949857165,12754.088913575759,19998.64714901167,False,0.8,,100.0,0.05
sweep_04331,173,DAILY_0001,5,1000.0,1.4,0.2,True,False,,,0,2,2,0.6108407343567581,0.0,1.0,0.0,0.0,16811.936915077735,20162.77598641842,False,1.0,,100.0,0.05
sweep_04332,174,DAILY_0001,5,1000.0,1.4,0.2,True,False,,,0,2,2,0.6108407343567581,0.0,1.0,0.0,0.0,16928.24289810534,20102.513041365,False,1.0,,100.0,0.05
sweep_04333,175,DAILY_0001,5,1000.0,1.4,0.2,True,False,,,0,2,2,0.6108407343567581,0.0,1.0,0.0,0.0,16822.84112582361,20021.231938637735,False,1.0,,100.0,0.05
sweep_04334,176,DAILY_0001,5,1000.0,1.4,0.2,True,False,,,0,2,2,0.6108407343567581,0.0,1.0,0.0,0.0,16402.90381242599,19818.593132157785,False,1.0,,100.0,0.05
sweep_04335,177,DAILY_0001,5,1000.0,1.4,0.2,False,True,BEHAVIORAL_DEFAULT_SURPLUS_COLLATERAL,2.0,1,0,0,0.0802993013430624,4000.0,1.0,0.0,3396.2592797679736,3160.1909052878864,7561.1276408262465,False,0.8,,100.0,0.05
sweep_04336,178,DAILY_0001,5,1000.0,1.4,0.2,True,False,,,0,2,2,0.6108407343567581,0.0,1.0,0.0,0.0,16613.95277706074,19955.80143965156,False,1.0,,100.0,0.05
sweep_04337,179,DAILY_0001,5,1000.0,1.4,0.2,True,False,,,0,2,2,0.6108407343567581,0.0,1.0,0.0,0.0,16825.94357748756,19997.00097920297,False,1.0,,100.0,0.05
sweep_04338,180,DAILY_0001,5,1000.0,1.4,0.2,True,False,,,0,2,2,0.6108407343567581,0.0,1.0,0.0,0.0,17332.698660576734,20251.512062676444,False,1.0,,100.0,0.05
sweep_04339,181,DAILY_0001,5,1000.0,1.4,0.2,False,True,BEHAVIORAL_DEFAULT_SURPLUS_COLLATERAL,4.0,1,2,2,0.6108407343567581,2000.0,1.0,0.0,1359.925116702455,9381.7156603568,18135.440256916212,False,0.8,,100.0,0.05
sweep_04340,182,DAILY_0001,5,1000.0,1.4,0.2,False,True,BEHAVIORAL_DEFAULT_SURPLUS_COLLATERAL,4.0,1,2,2,0.6108407343567581,2000.0,1.0,0.0,1310.6763077727965,9613.459796300805,18067.328928897903,False,0.8,,100.0,0.05
sweep_04341,183,DAILY_0001,5,1000.0,1.4,0.2,False,True,BEHAVIORAL_DEFAULT_SURPLUS_COLLATERAL,5.0,1,2,2,0.6108407343567581,1000.0,1.0,0.0,3296.7605311289426,12517.895991903359,19879.13864884805,False,0.8,,100.0,0.05
sweep_04342,184,DAILY_0001,5,1000.0,1.4,0.2,True,False,,,0,2,2,0.6108407343567581,0.0,1.0,0.0,0.0,17226.715015370733,20443.612345427442,False,1.0,,100.0,0.05
sweep_04343,185,DAILY_0001,5,1000.0,1.4,0.2,False,True,BEHAVIORAL_DEFAULT_SURPLUS_COLLATERAL,4.0,1,2,2,0.6108407343567581,2000.0,1.0,0.0,1134.4140943445482,9321.804157226868,18016.313415363045,False,0.8,,100.0,0.05
sweep_04344,186,DAILY_0001,5,1000.0,1.4,0.2,False,True,BEHAVIORAL_DEFAULT_SURPLUS_COLLATERAL,3.0,1,0,0,0.2295668026988248,3000.0,1.0,0.0,2003.5186733458222,6559.983069571281,17384.824903270513,False,0.8,,100.0,0.05
sweep_04345,187,DAILY_0001,5,1000.0,1.4,0.2,False,True,BEHAVIORAL_DEFAULT_SURPLUS_COLLATERAL,4.0,1,2,2,0.6108407343567581,2000.0,1.0,0.0,1230.6573196657941,9703.856181907031,18109.542511850537,False,0.8,,100.0,0.05
sweep_04346,188,DAILY_0001,5,1000.0,1.4,0.2,False,True,BEHAVIORAL_DEFAULT_SURPLUS_COLLATERAL,5.0,1,2,2,0.6108407343567581,1000.0,1.0,0.0,3730.3544914619806,13167.848974053273,20223.124394961924,False,0.8,,100.0,0.05
sweep_04347,189,DAILY_0001,5,1000.0,1.4,0.2,True,False,,,0,2,2,0.6108407343567581,0.0,1.0,0.0,0.0,17458.454152212147,20456.86052206939,False,1.0,,100.0,0.05
sweep_04348,190,DAILY_0001,5,1000.0,1.4,0.2,False,True,BEHAVIORAL_DEFAULT_SURPLUS_COLLATERAL,4.0,1,2,2,0.6108407343567581,2000.0,1.0,0.0,3698.392066222139,9384.639416814975,17957.78710579631,False,0.8,,100.0,0.05
sweep_04349,191,DAILY_0001,5,1000.0,1.4,0.2,True,False,,,0,2,2,0.6108407343567581,0.0,1.0,0.0,0.0,16741.237276910877,19959.49632857035,False,1.0,,100.0,0.05
sweep_04350,42,DAILY_0001,5,1000.0,1.4,0.2,True,False,,,0,2,2,0.6108407343567581,0.0,1.0,0.0,0.0,17143.15024973444,20168.809697945762,False,1.0,,150.0,0.05
sweep_04351,43,DAILY_0001,5,1000.0,1.4,0.2,True,False,,,0,2,2,0.6108407343567581,0.0,1.0,0.0,0.0,16683.664856290503,19974.828777073664,False,1.0,,150.0,0.05
sweep_04352,44,DAILY_0001,5,1000.0,1.4,0.2,True,False,,,0,2,2,0.6108407343567581,0.0,1.0,0.0,0.0,16963.961355801184,20261.727965920887,False,1.0,,150.0,0.05
sweep_04353,45,DAILY_0001,5,1000.0,1.4,0.2,False,True,BEHAVIORAL_DEFAULT_SURPLUS_COLLATERAL,5.0,1,2,2,0.6108407343567581,1000.0,1.0,0.0,7451.498254428778,12896.079661440042,20085.8751123226,False,0.8,,150.0,0.05
sweep_04354,46,DAILY_0001,5,1000.0,1.4,0.2,True,False,,,0,2,2,0.6108407343567581,0.0,1.0,0.0,0.0,16307.234970412434,19697.94203621921,False,1.0,,150.0,0.05
sweep_04355,47,DAILY_0001,5,1000.0,1.4,0.2,True,False,,,0,2,2,0.6108407343567581,0.0,1.0,0.0,0.0,17175.220923270765,20323.503539134304,False,1.0,,150.0,0.05
sweep_04356,48,DAILY_0001,5,1000.0,1.4,0.2,False,True,BEHAVIORAL_DEFAULT_SURPLUS_COLLATERAL,3.0,1,0,0,0.2295668026988248,3000.0,1.0,0.0,1964.8945691485715,6384.596399760172,17285.851454602533,False,0.8,,150.0,0.05
sweep_04357,49,DAILY_0001,5,1000.0,1.4,0.2,True,False,,,0,2,2,0.6108407343567581,0.0,1.0,0.0,0.0,17411.6649980281,20510.34874027667,False,1.0,,150.0,0.05
sweep_04358,50,DAILY_0001,5,1000.0,1.4,0.2,True,False,,,0,2,2,0.6108407343567581,0.0,1.0,0.0,0.0,16470.071539501125,19854.84196908392,False,1.0,,150.0,0.05
sweep_04359,51,DAILY_0001,5,1000.0,1.4,0.2,True,False,,,0,2,2,0.6108407343567581,0.0,1.0,0.0,0.0,16553.917458671152,19753.176649667672,False,1.0,,150.0,0.05
sweep_04360,52,DAILY_0001,5,1000.0,1.4,0.2,False,True,BEHAVIORAL_DEFAULT_SURPLUS_COLLATERAL,5.0,1,2,2,0.6108407343567581,1000.0,1.0,0.0,7303.9426129286,13756.613367327447,20674.34975521425,False,0.8,,150.0,0.05
sweep_04361,53,DAILY_0001,5,1000.0,1.4,0.2,False,True,BEHAVIORAL_DEFAULT_SURPLUS_COLLATERAL,5.0,1,2,2,0.6108407343567581,1000.0,1.0,0.0,7384.143162284552,12961.478326267516,20237.057550839112,False,0.8,,150.0,0.05
sweep_04362,54,DAILY_0001,5,1000.0,1.4,0.2,False,True,BEHAVIORAL_DEFAULT_SURPLUS_COLLATERAL,5.0,1,2,2,0.6108407343567581,1000.0,1.0,0.0,659.9780142615527,12569.941496225256,20028.354105728493,False,0.8,,150.0,0.05
sweep_04363,55,DAILY_0001,5,1000.0,1.4,0.2,False,True,BEHAVIORAL_DEFAULT_SURPLUS_COLLATERAL,5.0,1,2,2,0.6108407343567581,1000.0,1.0,0.0,3738.8102205462637,13020.111295967612,20136.1104350813,False,0.8,,150.0,0.05
sweep_04364,56,DAILY_0001,5,1000.0,1.4,0.2,False,True,BEHAVIORAL_DEFAULT_SURPLUS_COLLATERAL,5.0,1,2,2,0.6108407343567581,1000.0,1.0,0.0,3688.5495307510746,12704.486967871519,20017.874530640645,False,0.8,,150.0,0.05
sweep_04365,57,DAILY_0001,5,1000.0,1.4,0.2,True,False,,,0,2,2,0.6108407343567581,0.0,1.0,0.0,0.0,16629.925622068513,19850.72256245436,False,1.0,,150.0,0.05
sweep_04366,58,DAILY_0001,5,1000.0,1.4,0.2,True,False,,,0,2,2,0.6108407343567581,0.0,1.0,0.0,0.0,17118.252725129587,20349.412126343443,False,1.0,,150.0,0.05
sweep_04367,59,DAILY_0001,5,1000.0,1.4,0.2,False,True,BEHAVIORAL_DEFAULT_SURPLUS_COLLATERAL,4.0,1,2,2,0.6108407343567581,2000.0,1.0,0.0,1115.7808043673763,9396.14470761244,18111.02334964636,False,0.8,,150.0,0.05
sweep_04368,60,DAILY_0001,5,1000.0,1.4,0.2,True,False,,,0,2,2,0.6108407343567581,0.0,1.0,0.0,0.0,16890.892442598783,20092.622989167707,False,1.0,,150.0,0.05
sweep_04369,61,DAILY_0001,5,1000.0,1.4,0.2,True,False,,,0,2,2,0.6108407343567581,0.0,1.0,0.0,0.0,17049.548692196306,20284.57690905529,False,1.0,,150.0,0.05
sweep_04370,62,DAILY_0001,5,1000.0,1.4,0.2,True,False,,,0,2,2,0.6108407343567581,0.0,1.0,0.0,0.0,16688.163188009137,20048.80349691093,False,1.0,,150.0,0.05
sweep_04371,63,DAILY_0001,5,1000.0,1.4,0.2,False,True,BEHAVIORAL_DEFAULT_SURPLUS_COLLATERAL,5.0,1,2,2,0.6108407343567581,1000.0,1.0,0.0,3711.0298879369593,12560.781626539678,19890.79212954821,False,0.8,,150.0,0.05
sweep_04372,64,DAILY_0001,5,1000.0,1.4,0.2,False,True,BEHAVIORAL_DEFAULT_SURPLUS_COLLATERAL,3.0,1,0,0,0.2295668026988248,3000.0,1.0,0.0,5709.034176172903,6151.058035452796,17138.150921349836,False,0.8,,150.0,0.05
sweep_04373,65,DAILY_0001,5,1000.0,1.4,0.2,False,True,BEHAVIORAL_DEFAULT_SURPLUS_COLLATERAL,2.0,1,0,0,0.0802993013430624,4000.0,1.0,0.0,3373.5320026155687,3099.9623073224475,7536.314356949958,False,0.8,,150.0,0.05
sweep_04374,66,DAILY_0001,5,1000.0,1.4,0.2,True,False,,,0,2,2,0.6108407343567581,0.0,1.0,0.0,0.0,17056.111050431617,20208.454073170837,False,1.0,,150.0,0.05
sweep_04375,67,DAILY_0001,5,1000.0,1.4,0.2,True,False,,,0,2,2,0.6108407343567581,0.0,1.0,0.0,0.0,17358.7323024141,20344.540562821825,False,1.0,,150.0,0.05
sweep_04376,68,DAILY_0001,5,1000.0,1.4,0.2,False,True,BEHAVIORAL_DEFAULT_SURPLUS_COLLATERAL,4.0,1,2,2,0.6108407343567581,2000.0,1.0,0.0,1148.072176168826,9384.172146377827,18045.582483342652,False,0.8,,150.0,0.05
sweep_04377,69,DAILY_0001,5,1000.0,1.4,0.2,False,True,BEHAVIORAL_DEFAULT_SURPLUS_COLLATERAL,3.0,1,0,0,0.2295668026988248,3000.0,1.0,0.0,1925.839307932929,6254.764509256824,17241.49991879974,False,0.8,,150.0,0.05
sweep_04378,70,DAILY_0001,5,1000.0,1.4,0.2,True,False,,,0,2,2,0.6108407343567581,0.0,1.0,0.0,0.0,18008.300555488746,20633.952309866534,False,1.0,,150.0,0.05
sweep_04379,71,DAILY_0001,5,1000.0,1.4,0.2,True,False,,,0,2,2,0.6108407343567581,0.0,1.0,0.0,0.0,17077.07193201092,20223.056365556273,False,1.0,,150.0,0.05
sweep_04380,72,DAILY_0001,5,1000.0,1.4,0.2,False,True,BEHAVIORAL_DEFAULT_SURPLUS_COLLATERAL,5.0,1,2,2,0.6108407343567581,1000.0,1.0,0.0,747.6785029772273,12739.57666014175,19952.39294462782,False,0.8,,150.0,0.05
sweep_04381,73,DAILY_0001,5,1000.0,1.4,0.2,True,False,,,0,2,2,0.6108407343567581,0.0,1.0,0.0,0.0,16909.5959464029,20093.67137570495,False,1.0,,150.0,0.05
sweep_04382,74,DAILY_0001,5,1000.0,1.4,0.2,False,True,BEHAVIORAL_DEFAULT_SURPLUS_COLLATERAL,3.0,1,0,0,0.2295668026988248,3000.0,1.0,0.0,5745.408094132359,6142.21535254676,17165.16736817876,False,0.8,,150.0,0.05
sweep_04383,75,DAILY_0001,5,1000.0,1.4,0.2,True,False,,,0,2,2,0.6108407343567581,0.0,1.0,0.0,0.0,16697.360309291158,19996.259921413406,False,1.0,,150.0,0.05
sweep_04384,76,DAILY_0001,5,1000.0,1.4,0.2,True,False,,,0,2,2,0.6108407343567581,0.0,1.0,0.0,0.0,16671.801168191498,20017.33561696536,False,1.0,,150.0,0.05
sweep_04385,77,DAILY_0001,5,1000.0,1.4,0.2,True,False,,,0,2,2,0.6108407343567581,0.0,1.0,0.0,0.0,16763.124564751575,20084.58368156862,False,1.0,,150.0,0.05
sweep_04386,78,DAILY_0001,5,1000.0,1.4,0.2,True,False,,,0,2,2,0.6108407343567581,0.0,1.0,0.0,0.0,16719.51222653161,19937.286175624937,False,1.0,,150.0,0.05
sweep_04387,79,DAILY_0001,5,1000.0,1.4,0.2,True,False,,,0,2,2,0.6108407343567581,0.0,1.0,0.0,0.0,16476.77247232043,19838.542282687882,False,1.0,,150.0,0.05
sweep_04388,80,DAILY_0001,5,1000.0,1.4,0.2,True,False,,,0,2,2,0.6108407343567581,0.0,1.0,0.0,0.0,16187.427798734678,19667.66516349387,False,1.0,,150.0,0.05
sweep_04389,81,DAILY_0001,5,1000.0,1.4,0.2,True,False,,,0,3,3,0.6108407343567581,0.0,1.0,0.0,0.0,17261.26216002694,20241.37550683879,False,1.0,,150.0,0.05
sweep_04390,82,DAILY_0001,5,1000.0,1.4,0.2,True,False,,,0,2,2,0.6108407343567581,0.0,1.0,0.0,0.0,17428.23657344996,20578.04692604537,False,1.0,,150.0,0.05
sweep_04391,83,DAILY_0001,5,1000.0,1.4,0.2,False,True,BEHAVIORAL_DEFAULT_SURPLUS_COLLATERAL,5.0,1,2,2,0.6108407343567581,1000.0,1.0,0.0,928.5866138350475,13023.010849409744,20154.61807069603,False,0.8,,150.0,0.05
sweep_04392,84,DAILY_0001,5,1000.0,1.4,0.2,False,True,BEHAVIORAL_DEFAULT_SURPLUS_COLLATERAL,3.0,1,0,0,0.2295668026988248,3000.0,1.0,0.0,1941.891065098629,6504.624246924773,17490.19849288314,False,0.8,,150.0,0.05
sweep_04393,85,DAILY_0001,5,1000.0,1.4,0.2,False,True,BEHAVIORAL_DEFAULT_SURPLUS_COLLATERAL,4.0,1,2,2,0.6108407343567581,2000.0,1.0,0.0,1179.193449675009,9644.511591981416,18069.691525282873,False,0.8,,150.0,0.05
sweep_04394,86,DAILY_0001,5,1000.0,1.4,0.2,True,False,,,0,2,2,0.6108407343567581,0.0,1.0,0.0,0.0,17346.9008892341,20418.18477973727,False,1.0,,150.0,0.05
sweep_04395,87,DAILY_0001,5,1000.0,1.4,0.2,True,False,,,0,2,2,0.6108407343567581,0.0,1.0,0.0,0.0,16887.21410701461,20086.3546641767,False,1.0,,150.0,0.05
sweep_04396,88,DAILY_0001,5,1000.0,1.4,0.2,False,True,BEHAVIORAL_DEFAULT_SURPLUS_COLLATERAL,3.0,1,0,0,0.2295668026988248,3000.0,1.0,0.0,5706.250279722355,6598.059130640779,17393.872231264253,False,0.8,,150.0,0.05
sweep_04397,89,DAILY_0001,5,1000.0,1.4,0.2,True,False,,,0,2,2,0.6108407343567581,0.0,1.0,0.0,0.0,16483.760527058344,19868.196610476807,False,1.0,,150.0,0.05
sweep_04398,90,DAILY_0001,5,1000.0,1.4,0.2,False,True,BEHAVIORAL_DEFAULT_SURPLUS_COLLATERAL,4.0,1,2,2,0.6108407343567581,2000.0,1.0,0.0,3700.555211705394,9428.143344053857,18087.56030827599,False,0.8,,150.0,0.05
sweep_04399,91,DAILY_0001,5,1000.0,1.4,0.2,True,False,,,0,2,2,0.6108407343567581,0.0,1.0,0.0,0.0,16432.64453049189,19886.92762122055,False,1.0,,150.0,0.05
sweep_04400,92,DAILY_0001,5,1000.0,1.4,0.2,True,False,,,0,2,2,0.6108407343567581,0.0,1.0,0.0,0.0,16541.46983637411,19937.225810555636,False,1.0,,150.0,0.05
sweep_04401,93,DAILY_0001,5,1000.0,1.4,0.2,False,True,BEHAVIORAL_DEFAULT_SURPLUS_COLLATERAL,3.0,1,0,0,0.2295668026988248,3000.0,1.0,0.0,1970.8419679140752,7022.911645595454,18018.085643332182,False,0.8,,150.0,0.05
sweep_04402,94,DAILY_0001,5,1000.0,1.4,0.2,True,False,,,0,2,2,0.6108407343567581,0.0,1.0,0.0,0.0,16816.49136159871,20112.015106457475,False,1.0,,150.0,0.05
sweep_04403,95,DAILY_0001,5,1000.0,1.4,0.2,True,False,,,0,2,2,0.6108407343567581,0.0,1.0,0.0,0.0,17545.744689882886,20460.52371521847,False,1.0,,150.0,0.05
sweep_04404,96,DAILY_0001,5,1000.0,1.4,0.2,True,False,,,0,2,2,0.6108407343567581,0.0,1.0,0.0,0.0,17272.505142960632,20160.96715326994,False,1.0,,150.0,0.05
sweep_04405,97,DAILY_0001,5,1000.0,1.4,0.2,True,False,,,0,2,2,0.6108407343567581,0.0,1.0,0.0,0.0,17205.00493267573,20229.586537531388,False,1.0,,150.0,0.05
sweep_04406,98,DAILY_0001,5,1000.0,1.4,0.2,True,False,,,0,2,2,0.6108407343567581,0.0,1.0,0.0,0.0,17117.740576801672,20318.1570032241,False,1.0,,150.0,0.05
sweep_04407,99,DAILY_0001,5,1000.0,1.4,0.2,False,True,BEHAVIORAL_DEFAULT_SURPLUS_COLLATERAL,4.0,1,2,2,0.6108407343567581,2000.0,1.0,0.0,3699.48795541694,9546.407766635395,18091.683884332688,False,0.8,,150.0,0.05
sweep_04408,100,DAILY_0001,5,1000.0,1.4,0.2,True,False,,,0,2,2,0.6108407343567581,0.0,1.0,0.0,0.0,17296.288473944063,20419.91611923822,False,1.0,,150.0,0.05
sweep_04409,101,DAILY_0001,5,1000.0,1.4,0.2,False,True,BEHAVIORAL_DEFAULT_SURPLUS_COLLATERAL,5.0,1,2,2,0.6108407343567581,1000.0,1.0,0.0,3468.7196450815145,13094.897102232273,20307.520583431193,False,0.8,,150.0,0.05
sweep_04410,102,DAILY_0001,5,1000.0,1.4,0.2,False,True,BEHAVIORAL_DEFAULT_SURPLUS_COLLATERAL,5.0,1,2,2,0.6108407343567581,1000.0,1.0,0.0,7525.463061045413,13315.718463742422,20519.473038730175,False,0.8,,150.0,0.05
sweep_04411,103,DAILY_0001,5,1000.0,1.4,0.2,False,True,BEHAVIORAL_DEFAULT_SURPLUS_COLLATERAL,4.0,1,2,2,0.6108407343567581,2000.0,1.0,0.0,1339.8395091026287,9410.055771571677,18050.84712853228,False,0.8,,150.0,0.05
sweep_04412,104,DAILY_0001,5,1000.0,1.4,0.2,True,False,,,0,2,2,0.6108407343567581,0.0,1.0,0.0,0.0,16965.565545296653,20061.336096923522,False,1.0,,150.0,0.05
sweep_04413,105,DAILY_0001,5,1000.0,1.4,0.2,False,True,BEHAVIORAL_DEFAULT_SURPLUS_COLLATERAL,4.0,1,2,2,0.6108407343567581,2000.0,1.0,0.0,3703.117252250795,10112.068977480729,18271.567307050416,False,0.8,,150.0,0.05
sweep_04414,106,DAILY_0001,5,1000.0,1.4,0.2,False,True,BEHAVIORAL_DEFAULT_SURPLUS_COLLATERAL,5.0,1,2,2,0.6108407343567581,1000.0,1.0,0.0,1023.335244408735,13317.118454353504,20325.162733566696,False,0.8,,150.0,0.05
sweep_04415,107,DAILY_0001,5,1000.0,1.4,0.2,False,True,BEHAVIORAL_DEFAULT_SURPLUS_COLLATERAL,4.0,1,2,2,0.6108407343567581,2000.0,1.0,0.0,1348.790074322022,9504.711727327722,17971.42594539465,False,0.8,,150.0,0.05
sweep_04416,108,DAILY_0001,5,1000.0,1.4,0.2,False,True,BEHAVIORAL_DEFAULT_SURPLUS_COLLATERAL,4.0,1,2,2,0.6108407343567581,2000.0,1.0,0.0,3701.292137863624,9229.632260373746,18044.141950580615,False,0.8,,150.0,0.05
sweep_04417,109,DAILY_0001,5,1000.0,1.4,0.2,True,False,,,0,2,2,0.6108407343567581,0.0,1.0,0.0,0.0,17097.560018571552,20233.84234822119,False,1.0,,150.0,0.05
sweep_04418,110,DAILY_0001,5,1000.0,1.4,0.2,True,False,,,0,2,2,0.6108407343567581,0.0,1.0,0.0,0.0,17252.145983174083,20424.770916748406,False,1.0,,150.0,0.05
sweep_04419,111,DAILY_0001,5,1000.0,1.4,0.2,False,True,BEHAVIORAL_DEFAULT_SURPLUS_COLLATERAL,5.0,1,2,2,0.6108407343567581,1000.0,1.0,0.0,3359.6748701651204,13005.811951455453,20091.155228423857,False,0.8,,150.0,0.05
sweep_04420,112,DAILY_0001,5,1000.0,1.4,0.2,True,False,,,0,2,2,0.6108407343567581,0.0,1.0,0.0,0.0,16909.07625773677,20142.948672684557,False,1.0,,150.0,0.05
sweep_04421,113,DAILY_0001,5,1000.0,1.4,0.2,False,True,BEHAVIORAL_DEFAULT_SURPLUS_COLLATERAL,3.0,1,0,0,0.2295668026988248,3000.0,1.0,0.0,1998.15338725715,6623.312533026473,17473.92952456494,False,0.8,,150.0,0.05
sweep_04422,114,DAILY_0001,5,1000.0,1.4,0.2,False,True,BEHAVIORAL_DEFAULT_SURPLUS_COLLATERAL,3.0,1,0,0,0.2295668026988248,3000.0,1.0,0.0,1911.3815656249972,6121.454939968626,17125.096168207438,False,0.8,,150.0,0.05
sweep_04423,115,DAILY_0001,5,1000.0,1.4,0.2,True,False,,,0,2,2,0.6108407343567581,0.0,1.0,0.0,0.0,16756.555719327873,19853.36443895736,False,1.0,,150.0,0.05
sweep_04424,116,DAILY_0001,5,1000.0,1.4,0.2,False,True,BEHAVIORAL_DEFAULT_SURPLUS_COLLATERAL,3.0,1,0,0,0.2295668026988248,3000.0,1.0,0.0,5877.540257237106,6397.070943819939,17429.060688657206,False,0.8,,150.0,0.05
sweep_04425,117,DAILY_0001,5,1000.0,1.4,0.2,False,True,BEHAVIORAL_DEFAULT_SURPLUS_COLLATERAL,2.0,1,0,0,0.0802993013430624,4000.0,1.0,0.0,3407.2981087928365,3189.4444401873525,7573.179660802901,False,0.8,,150.0,0.05
sweep_04426,118,DAILY_0001,5,1000.0,1.4,0.2,True,False,,,0,2,2,0.6108407343567581,0.0,1.0,0.0,0.0,16908.748437966286,20189.995956604394,False,1.0,,150.0,0.05
sweep_04427,119,DAILY_0001,5,1000.0,1.4,0.2,True,False,,,0,2,2,0.6108407343567581,0.0,1.0,0.0,0.0,16730.031620694273,20130.888616206557,False,1.0,,150.0,0.05
sweep_04428,120,DAILY_0001,5,1000.0,1.4,0.2,True,False,,,0,2,2,0.6108407343567581,0.0,1.0,0.0,0.0,17299.20314416707,20540.84557972246,False,1.0,,150.0,0.05
sweep_04429,121,DAILY_0001,5,1000.0,1.4,0.2,False,True,BEHAVIORAL_DEFAULT_SURPLUS_COLLATERAL,4.0,1,2,2,0.6108407343567581,2000.0,1.0,0.0,3699.4923862672877,9287.607451281923,17977.66221618409,False,0.8,,150.0,0.05
sweep_04430,122,DAILY_0001,5,1000.0,1.4,0.2,True,False,,,0,2,2,0.6108407343567581,0.0,1.0,0.0,0.0,16786.425779314144,20149.38737943737,False,1.0,,150.0,0.05
sweep_04431,123,DAILY_0001,5,1000.0,1.4,0.2,False,True,BEHAVIORAL_DEFAULT_SURPLUS_COLLATERAL,4.0,1,3,3,0.6108407343567581,2000.0,1.0,0.0,3701.329554146887,10213.097259473365,18297.255333012577,False,0.8,,150.0,0.05
sweep_04432,124,DAILY_0001,5,1000.0,1.4,0.2,True,False,,,0,2,2,0.6108407343567581,0.0,1.0,0.0,0.0,17378.096470344266,20393.078315633826,False,1.0,,150.0,0.05
sweep_04433,125,DAILY_0001,5,1000.0,1.4,0.2,True,False,,,0,2,2,0.6108407343567581,0.0,1.0,0.0,0.0,17222.14785778652,20331.177221933907,False,1.0,,150.0,0.05
sweep_04434,126,DAILY_0001,5,1000.0,1.4,0.2,False,True,BEHAVIORAL_DEFAULT_SURPLUS_COLLATERAL,3.0,1,0,0,0.2295668026988248,3000.0,1.0,0.0,5952.5939254525965,6608.331218475114,17617.36494160293,False,0.8,,150.0,0.05
sweep_04435,127,DAILY_0001,5,1000.0,1.4,0.2,True,False,,,0,2,2,0.6108407343567581,0.0,1.0,0.0,0.0,17068.994068195138,20235.73631672148,False,1.0,,150.0,0.05
sweep_04436,128,DAILY_0001,5,1000.0,1.4,0.2,True,False,,,0,2,2,0.6108407343567581,0.0,1.0,0.0,0.0,17380.160876094935,20270.678968773995,False,1.0,,150.0,0.05
sweep_04437,129,DAILY_0001,5,1000.0,1.4,0.2,True,False,,,0,2,2,0.6108407343567581,0.0,1.0,0.0,0.0,16680.988802965425,19959.729836315,False,1.0,,150.0,0.05
sweep_04438,130,DAILY_0001,5,1000.0,1.4,0.2,False,True,BEHAVIORAL_DEFAULT_SURPLUS_COLLATERAL,5.0,1,2,2,0.6108407343567581,1000.0,1.0,0.0,3735.648280394149,12730.738840773127,19982.27019667164,False,0.8,,150.0,0.05
sweep_04439,131,DAILY_0001,5,1000.0,1.4,0.2,False,True,BEHAVIORAL_DEFAULT_SURPLUS_COLLATERAL,4.0,1,2,2,0.6108407343567581,2000.0,1.0,0.0,3700.3992659951373,9894.940183776958,18137.103538893178,False,0.8,,150.0,0.05
sweep_04440,132,DAILY_0001,5,1000.0,1.4,0.2,False,True,BEHAVIORAL_DEFAULT_SURPLUS_COLLATERAL,4.0,1,2,2,0.6108407343567581,2000.0,1.0,0.0,1150.325060238436,9452.061028387478,18005.244182281087,False,0.8,,150.0,0.05
sweep_04441,133,DAILY_0001,5,1000.0,1.4,0.2,False,True,BEHAVIORAL_DEFAULT_SURPLUS_COLLATERAL,2.0,1,0,0,0.0802993013430624,4000.0,1.0,0.0,3354.6015141222506,3049.7954187370806,7515.646347238474,False,0.8,,150.0,0.05
sweep_04442,134,DAILY_0001,5,1000.0,1.4,0.2,False,True,BEHAVIORAL_DEFAULT_SURPLUS_COLLATERAL,3.0,1,0,0,0.2295668026988248,3000.0,1.0,0.0,1987.198113466402,6618.547990000483,17498.615306028754,False,0.8,,150.0,0.05
sweep_04443,135,DAILY_0001,5,1000.0,1.4,0.2,True,False,,,0,2,2,0.6108407343567581,0.0,1.0,0.0,0.0,17308.180105341366,20341.54088515597,False,1.0,,150.0,0.05
sweep_04444,136,DAILY_0001,5,1000.0,1.4,0.2,False,True,BEHAVIORAL_DEFAULT_SURPLUS_COLLATERAL,5.0,1,2,2,0.6108407343567581,1000.0,1.0,0.0,3429.318986698525,12439.168673732074,19872.87734298185,False,0.8,,150.0,0.05
sweep_04445,137,DAILY_0001,5,1000.0,1.4,0.2,False,True,BEHAVIORAL_DEFAULT_SURPLUS_COLLATERAL,4.0,1,2,2,0.6108407343567581,2000.0,1.0,0.0,1250.2308303652685,9538.559186760156,18094.277669918163,False,0.8,,150.0,0.05
sweep_04446,138,DAILY_0001,5,1000.0,1.4,0.2,False,True,BEHAVIORAL_DEFAULT_SURPLUS_COLLATERAL,5.0,1,2,2,0.6108407343567581,1000.0,1.0,0.0,687.8176613016572,12533.99100881035,19914.557648811042,False,0.8,,150.0,0.05
sweep_04447,139,DAILY_0001,5,1000.0,1.4,0.2,False,True,BEHAVIORAL_DEFAULT_SURPLUS_COLLATERAL,2.0,1,0,0,0.0802993013430624,4000.0,1.0,0.0,3377.751798211606,3111.145009532911,7540.9214634380005,False,0.8,,150.0,0.05
sweep_04448,140,DAILY_0001,5,1000.0,1.4,0.2,False,True,BEHAVIORAL_DEFAULT_SURPLUS_COLLATERAL,2.0,1,0,0,0.0802993013430624,4000.0,1.0,0.0,3396.7443610551463,3161.476398733924,7561.657244949125,False,0.8,,150.0,0.05
sweep_04449,141,DAILY_0001,5,1000.0,1.4,0.2,True,False,,,0,2,2,0.6108407343567581,0.0,1.0,0.0,0.0,17185.12705013151,20248.307499375675,False,1.0,,150.0,0.05
sweep_04450,142,DAILY_0001,5,1000.0,1.4,0.2,False,True,BEHAVIORAL_DEFAULT_SURPLUS_COLLATERAL,2.0,1,0,0,0.0802993013430624,4000.0,1.0,0.0,3398.5705424374846,3166.3158849403544,7563.651041071101,False,0.8,,150.0,0.05
sweep_04451,143,DAILY_0001,5,1000.0,1.4,0.2,True,False,,,0,2,2,0.6108407343567581,0.0,1.0,0.0,0.0,16445.290904199723,19867.952211381948,False,1.0,,150.0,0.05
sweep_04452,144,DAILY_0001,5,1000.0,1.4,0.2,True,False,,,0,2,2,0.6108407343567581,0.0,1.0,0.0,0.0,17343.411988435073,20455.422355983803,False,1.0,,150.0,0.05
sweep_04453,145,DAILY_0001,5,1000.0,1.4,0.2,True,False,,,0,2,2,0.6108407343567581,0.0,1.0,0.0,0.0,17193.72751399906,20393.41594589947,False,1.0,,150.0,0.05
sweep_04454,146,DAILY_0001,5,1000.0,1.4,0.2,True,False,,,0,2,2,0.6108407343567581,0.0,1.0,0.0,0.0,16193.924104929843,19691.91424395535,False,1.0,,150.0,0.05
sweep_04455,147,DAILY_0001,5,1000.0,1.4,0.2,False,True,BEHAVIORAL_DEFAULT_SURPLUS_COLLATERAL,4.0,1,2,2,0.6108407343567581,2000.0,1.0,0.0,1210.4858098275522,9889.107754331599,18143.104406606937,False,0.8,,150.0,0.05
sweep_04456,148,DAILY_0001,5,1000.0,1.4,0.2,True,False,,,0,2,2,0.6108407343567581,0.0,1.0,0.0,0.0,17096.666287603017,20335.255013172122,False,1.0,,150.0,0.05
sweep_04457,149,DAILY_0001,5,1000.0,1.4,0.2,False,True,BEHAVIORAL_DEFAULT_SURPLUS_COLLATERAL,4.0,1,2,2,0.6108407343567581,2000.0,1.0,0.0,1114.6895811253498,9814.02173860668,18271.140023221782,False,0.8,,150.0,0.05
sweep_04458,150,DAILY_0001,5,1000.0,1.4,0.2,True,False,,,0,2,2,0.6108407343567581,0.0,1.0,0.0,0.0,16546.279710931314,19929.12642853229,False,1.0,,150.0,0.05
sweep_04459,151,DAILY_0001,5,1000.0,1.4,0.2,False,True,BEHAVIORAL_DEFAULT_SURPLUS_COLLATERAL,5.0,1,2,2,0.6108407343567581,1000.0,1.0,0.0,3624.923516726607,13335.570209326292,20432.18539994546,False,0.8,,150.0,0.05
sweep_04460,152,DAILY_0001,5,1000.0,1.4,0.2,True,False,,,0,2,2,0.6108407343567581,0.0,1.0,0.0,0.0,17093.36930493184,20314.776073695328,False,1.0,,150.0,0.05
sweep_04461,153,DAILY_0001,5,1000.0,1.4,0.2,True,False,,,0,2,2,0.6108407343567581,0.0,1.0,0.0,0.0,16508.84948067981,19828.75103859847,False,1.0,,150.0,0.05
sweep_04462,154,DAILY_0001,5,1000.0,1.4,0.2,True,False,,,0,2,2,0.6108407343567581,0.0,1.0,0.0,0.0,16928.440090342658,20103.16302191604,False,1.0,,150.0,0.05
sweep_04463,155,DAILY_0001,5,1000.0,1.4,0.2,False,True,BEHAVIORAL_DEFAULT_SURPLUS_COLLATERAL,3.0,1,0,0,0.2295668026988248,3000.0,1.0,0.0,5828.604488093881,6224.123226178908,17285.951255731867,False,0.8,,150.0,0.05
sweep_04464,156,DAILY_0001,5,1000.0,1.4,0.2,True,False,,,0,2,2,0.6108407343567581,0.0,1.0,0.0,0.0,16822.870383115638,20115.71682728831,False,1.0,,150.0,0.05
sweep_04465,157,DAILY_0001,5,1000.0,1.4,0.2,False,True,BEHAVIORAL_DEFAULT_SURPLUS_COLLATERAL,3.0,1,0,0,0.2295668026988248,3000.0,1.0,0.0,1917.2449128230173,6313.283449869156,17333.88574574934,False,0.8,,150.0,0.05
sweep_04466,158,DAILY_0001,5,1000.0,1.4,0.2,True,False,,,0,2,2,0.6108407343567581,0.0,1.0,0.0,0.0,17327.297792749472,20291.790616849154,False,1.0,,150.0,0.05
sweep_04467,159,DAILY_0001,5,1000.0,1.4,0.2,True,False,,,0,2,2,0.6108407343567581,0.0,1.0,0.0,0.0,17547.075472215663,20512.892702705787,False,1.0,,150.0,0.05
sweep_04468,160,DAILY_0001,5,1000.0,1.4,0.2,False,True,BEHAVIORAL_DEFAULT_SURPLUS_COLLATERAL,5.0,1,3,3,0.6108407343567581,1000.0,1.0,0.0,7406.938022624066,13559.294233579409,20453.736040582186,False,0.8,,150.0,0.05
sweep_04469,161,DAILY_0001,5,1000.0,1.4,0.2,True,False,,,0,2,2,0.6108407343567581,0.0,1.0,0.0,0.0,16722.38973114001,19953.45004201917,False,1.0,,150.0,0.05
sweep_04470,162,DAILY_0001,5,1000.0,1.4,0.2,False,True,BEHAVIORAL_DEFAULT_SURPLUS_COLLATERAL,3.0,1,0,0,0.2295668026988248,3000.0,1.0,0.0,5706.378515256663,6099.333759251945,17105.930533215906,False,0.8,,150.0,0.05
sweep_04471,163,DAILY_0001,5,1000.0,1.4,0.2,True,False,,,0,2,2,0.6108407343567581,0.0,1.0,0.0,0.0,17276.966005569957,20424.501624983735,False,1.0,,150.0,0.05
sweep_04472,164,DAILY_0001,5,1000.0,1.4,0.2,True,False,,,0,2,2,0.6108407343567581,0.0,1.0,0.0,0.0,17233.351687522765,20286.251009141968,False,1.0,,150.0,0.05
sweep_04473,165,DAILY_0001,5,1000.0,1.4,0.2,True,False,,,0,2,2,0.6108407343567581,0.0,1.0,0.0,0.0,16913.7215097475,20060.121502629972,False,1.0,,150.0,0.05
sweep_04474,166,DAILY_0001,5,1000.0,1.4,0.2,False,True,BEHAVIORAL_DEFAULT_SURPLUS_COLLATERAL,5.0,1,2,2,0.6108407343567581,1000.0,1.0,0.0,3783.9454349733824,13275.843211445086,20452.897267796026,False,0.8,,150.0,0.05
sweep_04475,167,DAILY_0001,5,1000.0,1.4,0.2,True,False,,,0,2,2,0.6108407343567581,0.0,1.0,0.0,0.0,16859.790773916782,20119.987698589583,False,1.0,,150.0,0.05
sweep_04476,168,DAILY_0001,5,1000.0,1.4,0.2,False,True,BEHAVIORAL_DEFAULT_SURPLUS_COLLATERAL,5.0,1,2,2,0.6108407343567581,1000.0,1.0,0.0,7363.639212904902,12306.50352346156,19722.575897404327,False,0.8,,150.0,0.05
sweep_04477,169,DAILY_0001,5,1000.0,1.4,0.2,False,True,BEHAVIORAL_DEFAULT_SURPLUS_COLLATERAL,5.0,1,2,2,0.6108407343567581,1000.0,1.0,0.0,3733.4302395301684,13383.861734067441,20363.246467464447,False,0.8,,150.0,0.05
sweep_04478,170,DAILY_0001,5,1000.0,1.4,0.2,True,False,,,0,2,2,0.6108407343567581,0.0,1.0,0.0,0.0,17232.159337492943,20204.6656277047,False,1.0,,150.0,0.05
sweep_04479,171,DAILY_0001,5,1000.0,1.4,0.2,True,False,,,0,2,2,0.6108407343567581,0.0,1.0,0.0,0.0,16487.879755940605,19837.719067256334,False,1.0,,150.0,0.05
sweep_04480,172,DAILY_0001,5,1000.0,1.4,0.2,False,True,BEHAVIORAL_DEFAULT_SURPLUS_COLLATERAL,5.0,1,2,2,0.6108407343567581,1000.0,1.0,0.0,930.4927949857165,12754.088913575759,19998.64714901167,False,0.8,,150.0,0.05
sweep_04481,173,DAILY_0001,5,1000.0,1.4,0.2,True,False,,,0,2,2,0.6108407343567581,0.0,1.0,0.0,0.0,16811.936915077735,20162.77598641842,False,1.0,,150.0,0.05
sweep_04482,174,DAILY_0001,5,1000.0,1.4,0.2,True,False,,,0,2,2,0.6108407343567581,0.0,1.0,0.0,0.0,16928.24289810534,20102.513041365,False,1.0,,150.0,0.05
sweep_04483,175,DAILY_0001,5,1000.0,1.4,0.2,True,False,,,0,2,2,0.6108407343567581,0.0,1.0,0.0,0.0,16822.84112582361,20021.231938637735,False,1.0,,150.0,0.05
sweep_04484,176,DAILY_0001,5,1000.0,1.4,0.2,True,False,,,0,2,2,0.6108407343567581,0.0,1.0,0.0,0.0,16402.90381242599,19818.593132157785,False,1.0,,150.0,0.05
sweep_04485,177,DAILY_0001,5,1000.0,1.4,0.2,False,True,BEHAVIORAL_DEFAULT_SURPLUS_COLLATERAL,2.0,1,0,0,0.0802993013430624,4000.0,1.0,0.0,3396.2592797679736,3160.1909052878864,7561.1276408262465,False,0.8,,150.0,0.05
sweep_04486,178,DAILY_0001,5,1000.0,1.4,0.2,True,False,,,0,2,2,0.6108407343567581,0.0,1.0,0.0,0.0,16613.95277706074,19955.80143965156,False,1.0,,150.0,0.05
sweep_04487,179,DAILY_0001,5,1000.0,1.4,0.2,True,False,,,0,2,2,0.6108407343567581,0.0,1.0,0.0,0.0,16825.94357748756,19997.00097920297,False,1.0,,150.0,0.05
sweep_04488,180,DAILY_0001,5,1000.0,1.4,0.2,True,False,,,0,2,2,0.6108407343567581,0.0,1.0,0.0,0.0,17332.698660576734,20251.512062676444,False,1.0,,150.0,0.05
sweep_04489,181,DAILY_0001,5,1000.0,1.4,0.2,False,True,BEHAVIORAL_DEFAULT_SURPLUS_COLLATERAL,4.0,1,2,2,0.6108407343567581,2000.0,1.0,0.0,1359.925116702455,9381.7156603568,18135.440256916212,False,0.8,,150.0,0.05
sweep_04490,182,DAILY_0001,5,1000.0,1.4,0.2,False,True,BEHAVIORAL_DEFAULT_SURPLUS_COLLATERAL,4.0,1,2,2,0.6108407343567581,2000.0,1.0,0.0,1310.6763077727965,9613.459796300805,18067.328928897903,False,0.8,,150.0,0.05
sweep_04491,183,DAILY_0001,5,1000.0,1.4,0.2,False,True,BEHAVIORAL_DEFAULT_SURPLUS_COLLATERAL,5.0,1,2,2,0.6108407343567581,1000.0,1.0,0.0,3296.7605311289426,12517.895991903359,19879.13864884805,False,0.8,,150.0,0.05
sweep_04492,184,DAILY_0001,5,1000.0,1.4,0.2,True,False,,,0,2,2,0.6108407343567581,0.0,1.0,0.0,0.0,17226.715015370733,20443.612345427442,False,1.0,,150.0,0.05
sweep_04493,185,DAILY_0001,5,1000.0,1.4,0.2,False,True,BEHAVIORAL_DEFAULT_SURPLUS_COLLATERAL,4.0,1,2,2,0.6108407343567581,2000.0,1.0,0.0,1134.4140943445482,9321.804157226868,18016.313415363045,False,0.8,,150.0,0.05
sweep_04494,186,DAILY_0001,5,1000.0,1.4,0.2,False,True,BEHAVIORAL_DEFAULT_SURPLUS_COLLATERAL,3.0,1,0,0,0.2295668026988248,3000.0,1.0,0.0,2003.5186733458222,6559.983069571281,17384.824903270513,False,0.8,,150.0,0.05
sweep_04495,187,DAILY_0001,5,1000.0,1.4,0.2,False,True,BEHAVIORAL_DEFAULT_SURPLUS_COLLATERAL,4.0,1,2,2,0.6108407343567581,2000.0,1.0,0.0,1230.6573196657941,9703.856181907031,18109.542511850537,False,0.8,,150.0,0.05
sweep_04496,188,DAILY_0001,5,1000.0,1.4,0.2,False,True,BEHAVIORAL_DEFAULT_SURPLUS_COLLATERAL,5.0,1,2,2,0.6108407343567581,1000.0,1.0,0.0,3730.3544914619806,13167.848974053273,20223.124394961924,False,0.8,,150.0,0.05
sweep_04497,189,DAILY_0001,5,1000.0,1.4,0.2,True,False,,,0,2,2,0.6108407343567581,0.0,1.0,0.0,0.0,17458.454152212147,20456.86052206939,False,1.0,,150.0,0.05
sweep_04498,190,DAILY_0001,5,1000.0,1.4,0.2,False,True,BEHAVIORAL_DEFAULT_SURPLUS_COLLATERAL,4.0,1,2,2,0.6108407343567581,2000.0,1.0,0.0,3698.392066222139,9384.639416814975,17957.78710579631,False,0.8,,150.0,0.05
sweep_04499,191,DAILY_0001,5,1000.0,1.4,0.2,True,False,,,0,2,2,0.6108407343567581,0.0,1.0,0.0,0.0,16741.237276910877,19959.49632857035,False,1.0,,150.0,0.05
sweep_04500,42,DAILY_0001,5,1000.0,1.5,0.2,True,False,,,0,2,2,0.6108407343567581,0.0,1.0,0.0,0.0,17143.15024973444,21736.849646641116,False,1.0,,50.0,0.05
sweep_04501,43,DAILY_0001,5,1000.0,1.5,0.2,True,False,,,0,2,2,0.6108407343567581,0.0,1.0,0.0,0.0,16683.664856290503,21542.868725769018,False,1.0,,50.0,0.05
sweep_04502,44,DAILY_0001,5,1000.0,1.5,0.2,True,False,,,0,2,2,0.6108407343567581,0.0,1.0,0.0,0.0,16963.961355801184,21829.76791461624,False,1.0,,50.0,0.05
sweep_04503,45,DAILY_0001,5,1000.0,1.5,0.2,False,True,BEHAVIORAL_DEFAULT_SURPLUS_COLLATERAL,5.0,1,2,2,0.6108407343567581,1000.0,1.0,0.0,8086.357194449123,12896.079661440042,21653.91506101795,False,0.8,,50.0,0.05
sweep_04504,46,DAILY_0001,5,1000.0,1.5,0.2,True,False,,,0,2,2,0.6108407343567581,0.0,1.0,0.0,0.0,16307.234970412434,21265.981984914564,False,1.0,,50.0,0.05
sweep_04505,47,DAILY_0001,5,1000.0,1.5,0.2,True,False,,,0,2,2,0.6108407343567581,0.0,1.0,0.0,0.0,17175.220923270765,21891.54348782966,False,1.0,,50.0,0.05
sweep_04506,48,DAILY_0001,5,1000.0,1.5,0.2,False,True,BEHAVIORAL_DEFAULT_SURPLUS_COLLATERAL,3.0,1,0,0,0.2295668026988248,3000.0,1.0,0.0,2329.521103103876,6384.596399760172,18628.27950648634,False,0.8,,50.0,0.05
sweep_04507,49,DAILY_0001,5,1000.0,1.5,0.2,True,False,,,0,2,2,0.6108407343567581,0.0,1.0,0.0,0.0,17411.6649980281,22078.38868897202,False,1.0,,50.0,0.05
sweep_04508,50,DAILY_0001,5,1000.0,1.5,0.2,True,False,,,0,2,2,0.6108407343567581,0.0,1.0,0.0,0.0,16470.071539501125,21422.88191777927,False,1.0,,50.0,0.05
sweep_04509,51,DAILY_0001,5,1000.0,1.5,0.2,True,False,,,0,2,2,0.6108407343567581,0.0,1.0,0.0,0.0,16553.917458671152,21321.216598363022,False,1.0,,50.0,0.05
sweep_04510,52,DAILY_0001,5,1000.0,1.5,0.2,False,True,BEHAVIORAL_DEFAULT_SURPLUS_COLLATERAL,5.0,1,2,2,0.6108407343567581,1000.0,1.0,0.0,7938.801552948944,13756.613367327447,22242.38970390961,False,0.8,,50.0,0.05
sweep_04511,53,DAILY_0001,5,1000.0,1.5,0.2,False,True,BEHAVIORAL_DEFAULT_SURPLUS_COLLATERAL,5.0,1,2,2,0.6108407343567581,1000.0,1.0,0.0,8019.002102304898,12961.478326267516,21805.097499534462,False,0.8,,50.0,0.05
sweep_04512,54,DAILY_0001,5,1000.0,1.5,0.2,False,True,BEHAVIORAL_DEFAULT_SURPLUS_COLLATERAL,5.0,1,2,2,0.6108407343567581,1000.0,1.0,0.0,815.37625356835,12569.941496225256,21596.394054423847,False,0.8,,50.0,0.05
sweep_04513,55,DAILY_0001,5,1000.0,1.5,0.2,False,True,BEHAVIORAL_DEFAULT_SURPLUS_COLLATERAL,5.0,1,2,2,0.6108407343567581,1000.0,1.0,0.0,4084.506023968257,13020.111295967612,21704.150383776654,False,0.8,,50.0,0.05
sweep_04514,56,DAILY_0001,5,1000.0,1.5,0.2,False,True,BEHAVIORAL_DEFAULT_SURPLUS_COLLATERAL,5.0,1,2,2,0.6108407343567581,1000.0,1.0,0.0,4034.245334173067,12704.486967871519,21585.914479336,False,0.8,,50.0,0.05
sweep_04515,57,DAILY_0001,5,1000.0,1.5,0.2,True,False,,,0,2,2,0.6108407343567581,0.0,1.0,0.0,0.0,16629.925622068513,21418.762511149715,False,1.0,,50.0,0.05
sweep_04516,58,DAILY_0001,5,1000.0,1.5,0.2,True,False,,,0,2,2,0.6108407343567581,0.0,1.0,0.0,0.0,17118.252725129587,21917.452075038796,False,1.0,,50.0,0.05
sweep_04517,59,DAILY_0001,5,1000.0,1.5,0.2,False,True,BEHAVIORAL_DEFAULT_SURPLUS_COLLATERAL,4.0,1,2,2,0.6108407343567581,2000.0,1.0,0.0,1350.273245596878,9396.14470761244,19483.679688551612,False,0.8,,50.0,0.05
sweep_04518,60,DAILY_0001,5,1000.0,1.5,0.2,True,False,,,0,2,2,0.6108407343567581,0.0,1.0,0.0,0.0,16890.892442598783,21660.66293786306,False,1.0,,50.0,0.05
sweep_04519,61,DAILY_0001,5,1000.0,1.5,0.2,True,False,,,0,2,2,0.6108407343567581,0.0,1.0,0.0,0.0,17049.548692196306,21852.61685775064,False,1.0,,50.0,0.05
sweep_04520,62,DAILY_0001,5,1000.0,1.5,0.2,True,False,,,0,2,2,0.6108407343567581,0.0,1.0,0.0,0.0,16688.163188009137,21616.843445606282,False,1.0,,50.0,0.05
sweep_04521,63,DAILY_0001,5,1000.0,1.5,0.2,False,True,BEHAVIORAL_DEFAULT_SURPLUS_COLLATERAL,5.0,1,2,2,0.6108407343567581,1000.0,1.0,0.0,4056.7256913589526,12560.781626539678,21458.832078243566,False,0.8,,50.0,0.05
sweep_04522,64,DAILY_0001,5,1000.0,1.5,0.2,False,True,BEHAVIORAL_DEFAULT_SURPLUS_COLLATERAL,3.0,1,0,0,0.2295668026988248,3000.0,1.0,0.0,6378.658778377228,6151.058035452796,18480.57897323364,False,0.8,,50.0,0.05
sweep_04523,65,DAILY_0001,5,1000.0,1.5,0.2,False,True,BEHAVIORAL_DEFAULT_SURPLUS_COLLATERAL,2.0,1,0,0,0.0802993013430624,4000.0,1.0,0.0,3924.4721069523575,3099.9623073224475,8101.108389781517,False,0.8,,50.0,0.05
sweep_04524,66,DAILY_0001,5,1000.0,1.5,0.2,True,False,,,0,2,2,0.6108407343567581,0.0,1.0,0.0,0.0,17056.111050431617,21776.49402186619,False,1.0,,50.0,0.05
sweep_04525,67,DAILY_0001,5,1000.0,1.5,0.2,True,False,,,0,2,2,0.6108407343567581,0.0,1.0,0.0,0.0,17358.7323024141,21912.58051151718,False,1.0,,50.0,0.05
sweep_04526,68,DAILY_0001,5,1000.0,1.5,0.2,False,True,BEHAVIORAL_DEFAULT_SURPLUS_COLLATERAL,4.0,1,2,2,0.6108407343567581,2000.0,1.0,0.0,1382.5646173983278,9384.172146377827,19418.238822247906,False,0.8,,50.0,0.05
sweep_04527,69,DAILY_0001,5,1000.0,1.5,0.2,False,True,BEHAVIORAL_DEFAULT_SURPLUS_COLLATERAL,3.0,1,0,0,0.2295668026988248,3000.0,1.0,0.0,2290.4658418882336,6254.764509256824,18583.927970683544,False,0.8,,50.0,0.05
sweep_04528,70,DAILY_0001,5,1000.0,1.5,0.2,True,False,,,0,3,3,0.6108407343567581,0.0,1.0,0.0,0.0,18008.300555488746,22215.28887979119,False,1.0,,50.0,0.05
sweep_04529,71,DAILY_0001,5,1000.0,1.5,0.2,True,False,,,0,2,2,0.6108407343567581,0.0,1.0,0.0,0.0,17077.07193201092,21791.096314251627,False,1.0,,50.0,0.05
sweep_04530,72,DAILY_0001,5,1000.0,1.5,0.2,False,True,BEHAVIORAL_DEFAULT_SURPLUS_COLLATERAL,5.0,1,2,2,0.6108407343567581,1000.0,1.0,0.0,903.0767422840247,12739.57666014175,21520.432893323174,False,0.8,,50.0,0.05
sweep_04531,73,DAILY_0001,5,1000.0,1.5,0.2,True,False,,,0,2,2,0.6108407343567581,0.0,1.0,0.0,0.0,16909.5959464029,21661.71132440031,False,1.0,,50.0,0.05
sweep_04532,74,DAILY_0001,5,1000.0,1.5,0.2,False,True,BEHAVIORAL_DEFAULT_SURPLUS_COLLATERAL,3.0,1,0,0,0.2295668026988248,3000.0,1.0,0.0,6415.032696336684,6142.21535254676,18507.595420062567,False,0.8,,50.0,0.05
sweep_04533,75,DAILY_0001,5,1000.0,1.5,0.2,True,False,,,0,2,2,0.6108407343567581,0.0,1.0,0.0,0.0,16697.360309291158,21564.29987010876,False,1.0,,50.0,0.05
sweep_04534,76,DAILY_0001,5,1000.0,1.5,0.2,True,False,,,0,2,2,0.6108407343567581,0.0,1.0,0.0,0.0,16671.801168191498,21585.375565660714,False,1.0,,50.0,0.05
sweep_04535,77,DAILY_0001,5,1000.0,1.5,0.2,True,False,,,0,2,2,0.6108407343567581,0.0,1.0,0.0,0.0,16763.124564751575,21652.623630263974,False,1.0,,50.0,0.05
sweep_04536,78,DAILY_0001,5,1000.0,1.5,0.2,True,False,,,0,2,2,0.6108407343567581,0.0,1.0,0.0,0.0,16719.51222653161,21505.32612432029,False,1.0,,50.0,0.05
sweep_04537,79,DAILY_0001,5,1000.0,1.5,0.2,True,False,,,0,2,2,0.6108407343567581,0.0,1.0,0.0,0.0,16476.77247232043,21406.582231383236,False,1.0,,50.0,0.05
sweep_04538,80,DAILY_0001,5,1000.0,1.5,0.2,True,False,,,0,2,2,0.6108407343567581,0.0,1.0,0.0,0.0,16187.427798734678,21235.705112189225,False,1.0,,50.0,0.05
sweep_04539,81,DAILY_0001,5,1000.0,1.5,0.2,True,False,,,0,3,3,0.6108407343567581,0.0,1.0,0.0,0.0,17261.26216002694,21828.96050648089,False,1.0,,50.0,0.05
sweep_04540,82,DAILY_0001,5,1000.0,1.5,0.2,True,False,,,0,2,2,0.6108407343567581,0.0,1.0,0.0,0.0,17428.23657344996,22146.086874740722,False,1.0,,50.0,0.05
sweep_04541,83,DAILY_0001,5,1000.0,1.5,0.2,False,True,BEHAVIORAL_DEFAULT_SURPLUS_COLLATERAL,5.0,1,2,2,0.6108407343567581,1000.0,1.0,0.0,1083.9848531418443,13023.010849409744,21722.658019391383,False,0.8,,50.0,0.05
sweep_04542,84,DAILY_0001,5,1000.0,1.5,0.2,False,True,BEHAVIORAL_DEFAULT_SURPLUS_COLLATERAL,3.0,1,0,0,0.2295668026988248,3000.0,1.0,0.0,2306.5175990539337,6504.624246924773,18832.62654476695,False,0.8,,50.0,0.05
sweep_04543,85,DAILY_0001,5,1000.0,1.5,0.2,False,True,BEHAVIORAL_DEFAULT_SURPLUS_COLLATERAL,4.0,1,2,2,0.6108407343567581,2000.0,1.0,0.0,1413.6858909045109,9644.511591981416,19442.34786418813,False,0.8,,50.0,0.05
sweep_04544,86,DAILY_0001,5,1000.0,1.5,0.2,True,False,,,0,2,2,0.6108407343567581,0.0,1.0,0.0,0.0,17346.9008892341,21986.224728432622,False,1.0,,50.0,0.05
sweep_04545,87,DAILY_0001,5,1000.0,1.5,0.2,True,False,,,0,2,2,0.6108407343567581,0.0,1.0,0.0,0.0,16887.21410701461,21654.394612872053,False,1.0,,50.0,0.05
sweep_04546,88,DAILY_0001,5,1000.0,1.5,0.2,False,True,BEHAVIORAL_DEFAULT_SURPLUS_COLLATERAL,3.0,1,0,0,0.2295668026988248,3000.0,1.0,0.0,6375.87488192668,6598.059130640779,18736.30028314806,False,0.8,,50.0,0.05
sweep_04547,89,DAILY_0001,5,1000.0,1.5,0.2,True,False,,,0,2,2,0.6108407343567581,0.0,1.0,0.0,0.0,16483.760527058344,21436.23655917216,False,1.0,,50.0,0.05
sweep_04548,90,DAILY_0001,5,1000.0,1.5,0.2,False,True,BEHAVIORAL_DEFAULT_SURPLUS_COLLATERAL,4.0,1,2,2,0.6108407343567581,2000.0,1.0,0.0,4109.091976891624,9428.143344053857,19460.216647181245,False,0.8,,50.0,0.05
sweep_04549,91,DAILY_0001,5,1000.0,1.5,0.2,True,False,,,0,2,2,0.6108407343567581,0.0,1.0,0.0,0.0,16432.64453049189,21454.96756991591,False,1.0,,50.0,0.05
sweep_04550,92,DAILY_0001,5,1000.0,1.5,0.2,True,False,,,0,2,2,0.6108407343567581,0.0,1.0,0.0,0.0,16541.46983637411,21505.26575925099,False,1.0,,50.0,0.05
sweep_04551,93,DAILY_0001,5,1000.0,1.5,0.2,False,True,BEHAVIORAL_DEFAULT_SURPLUS_COLLATERAL,3.0,1,0,0,0.2295668026988248,3000.0,1.0,0.0,2335.46850186938,7022.911645595454,19360.51369521599,False,0.8,,50.0,0.05
sweep_04552,94,DAILY_0001,5,1000.0,1.5,0.2,True,False,,,0,2,2,0.6108407343567581,0.0,1.0,0.0,0.0,16816.49136159871,21680.05505515283,False,1.0,,50.0,0.05
sweep_04553,95,DAILY_0001,5,1000.0,1.5,0.2,True,False,,,0,2,2,0.6108407343567581,0.0,1.0,0.0,0.0,17545.744689882886,22028.56366391383,False,1.0,,50.0,0.05
sweep_04554,96,DAILY_0001,5,1000.0,1.5,0.2,True,False,,,0,2,2,0.6108407343567581,0.0,1.0,0.0,0.0,17272.505142960632,21729.007101965293,False,1.0,,50.0,0.05
sweep_04555,97,DAILY_0001,5,1000.0,1.5,0.2,True,False,,,0,2,2,0.6108407343567581,0.0,1.0,0.0,0.0,17205.00493267573,21797.626486226745,False,1.0,,50.0,0.05
sweep_04556,98,DAILY_0001,5,1000.0,1.5,0.2,True,False,,,0,2,2,0.6108407343567581,0.0,1.0,0.0,0.0,17117.740576801672,21886.196951919454,False,1.0,,50.0,0.05
sweep_04557,99,DAILY_0001,5,1000.0,1.5,0.2,False,True,BEHAVIORAL_DEFAULT_SURPLUS_COLLATERAL,4.0,1,2,2,0.6108407343567581,2000.0,1.0,0.0,4108.024720603169,9546.407766635395,19464.340223237945,False,0.8,,50.0,0.05
sweep_04558,100,DAILY_0001,5,1000.0,1.5,0.2,True,False,,,0,2,2,0.6108407343567581,0.0,1.0,0.0,0.0,17296.288473944063,21987.956067933574,False,1.0,,50.0,0.05
sweep_04559,101,DAILY_0001,5,1000.0,1.5,0.2,False,True,BEHAVIORAL_DEFAULT_SURPLUS_COLLATERAL,5.0,1,2,2,0.6108407343567581,1000.0,1.0,0.0,3833.116770059686,13094.897102232273,21875.56053212655,False,0.8,,50.0,0.05
sweep_04560,102,DAILY_0001,5,1000.0,1.5,0.2,False,True,BEHAVIORAL_DEFAULT_SURPLUS_COLLATERAL,5.0,1,2,2,0.6108407343567581,1000.0,1.0,0.0,8160.322001065759,13315.718463742422,22087.51298742553,False,0.8,,50.0,0.05
sweep_04561,103,DAILY_0001,5,1000.0,1.5,0.2,False,True,BEHAVIORAL_DEFAULT_SURPLUS_COLLATERAL,4.0,1,2,2,0.6108407343567581,2000.0,1.0,0.0,1562.2975015252446,9410.055771571677,19423.50346743754,False,0.8,,50.0,0.05
sweep_04562,104,DAILY_0001,5,1000.0,1.5,0.2,True,False,,,0,2,2,0.6108407343567581,0.0,1.0,0.0,0.0,16965.565545296653,21629.376045618876,False,1.0,,50.0,0.05
sweep_04563,105,DAILY_0001,5,1000.0,1.5,0.2,False,True,BEHAVIORAL_DEFAULT_SURPLUS_COLLATERAL,4.0,1,2,2,0.6108407343567581,2000.0,1.0,0.0,4111.654017437025,10112.068977480729,19644.22364595567,False,0.8,,50.0,0.05
sweep_04564,106,DAILY_0001,5,1000.0,1.5,0.2,False,True,BEHAVIORAL_DEFAULT_SURPLUS_COLLATERAL,5.0,1,2,2,0.6108407343567581,1000.0,1.0,0.0,1178.7334837155317,13317.118454353504,21893.20268226205,False,0.8,,50.0,0.05
sweep_04565,107,DAILY_0001,5,1000.0,1.5,0.2,False,True,BEHAVIORAL_DEFAULT_SURPLUS_COLLATERAL,4.0,1,2,2,0.6108407343567581,2000.0,1.0,0.0,1571.248066744638,9504.711727327722,19344.082284299904,False,0.8,,50.0,0.05
sweep_04566,108,DAILY_0001,5,1000.0,1.5,0.2,False,True,BEHAVIORAL_DEFAULT_SURPLUS_COLLATERAL,4.0,1,2,2,0.6108407343567581,2000.0,1.0,0.0,4109.828903049853,9229.632260373746,19416.79828948587,False,0.8,,50.0,0.05
sweep_04567,109,DAILY_0001,5,1000.0,1.5,0.2,True,False,,,0,2,2,0.6108407343567581,0.0,1.0,0.0,0.0,17097.560018571552,21801.88229691654,False,1.0,,50.0,0.05
sweep_04568,110,DAILY_0001,5,1000.0,1.5,0.2,True,False,,,0,2,2,0.6108407343567581,0.0,1.0,0.0,0.0,17252.145983174083,21992.810865443764,False,1.0,,50.0,0.05
sweep_04569,111,DAILY_0001,5,1000.0,1.5,0.2,False,True,BEHAVIORAL_DEFAULT_SURPLUS_COLLATERAL,5.0,1,2,2,0.6108407343567581,1000.0,1.0,0.0,3724.071995143292,13005.811951455453,21659.19517711921,False,0.8,,50.0,0.05
sweep_04570,112,DAILY_0001,5,1000.0,1.5,0.2,True,False,,,0,2,2,0.6108407343567581,0.0,1.0,0.0,0.0,16909.07625773677,21710.98862137991,False,1.0,,50.0,0.05
sweep_04571,113,DAILY_0001,5,1000.0,1.5,0.2,False,True,BEHAVIORAL_DEFAULT_SURPLUS_COLLATERAL,3.0,1,0,0,0.2295668026988248,3000.0,1.0,0.0,2362.7799212124546,6623.312533026473,18816.357576448747,False,0.8,,50.0,0.05
sweep_04572,114,DAILY_0001,5,1000.0,1.5,0.2,False,True,BEHAVIORAL_DEFAULT_SURPLUS_COLLATERAL,3.0,1,0,0,0.2295668026988248,3000.0,1.0,0.0,2276.008099580301,6121.454939968626,18467.524220091243,False,0.8,,50.0,0.05
sweep_04573,115,DAILY_0001,5,1000.0,1.5,0.2,True,False,,,0,2,2,0.6108407343567581,0.0,1.0,0.0,0.0,16756.555719327873,21421.404387652714,False,1.0,,50.0,0.05
sweep_04574,116,DAILY_0001,5,1000.0,1.5,0.2,False,True,BEHAVIORAL_DEFAULT_SURPLUS_COLLATERAL,3.0,1,0,0,0.2295668026988248,3000.0,1.0,0.0,6547.164859441429,6397.070943819939,18771.48874054101,False,0.8,,50.0,0.05
sweep_04575,117,DAILY_0001,5,1000.0,1.5,0.2,False,True,BEHAVIORAL_DEFAULT_SURPLUS_COLLATERAL,2.0,1,0,0,0.0802993013430624,4000.0,1.0,0.0,3958.2382131296254,3189.4444401873525,8137.973693634459,False,0.8,,50.0,0.05
sweep_04576,118,DAILY_0001,5,1000.0,1.5,0.2,True,False,,,0,2,2,0.6108407343567581,0.0,1.0,0.0,0.0,16908.748437966286,21758.03590529975,False,1.0,,50.0,0.05
sweep_04577,119,DAILY_0001,5,1000.0,1.5,0.2,True,False,,,0,2,2,0.6108407343567581,0.0,1.0,0.0,0.0,16730.031620694273,21698.92856490191,False,1.0,,50.0,0.05
sweep_04578,120,DAILY_0001,5,1000.0,1.5,0.2,True,False,,,0,2,2,0.6108407343567581,0.0,1.0,0.0,0.0,17299.20314416707,22108.885528417813,False,1.0,,50.0,0.05
sweep_04579,121,DAILY_0001,5,1000.0,1.5,0.2,False,True,BEHAVIORAL_DEFAULT_SURPLUS_COLLATERAL,4.0,1,2,2,0.6108407343567581,2000.0,1.0,0.0,4108.0291514535165,9287.607451281923,19350.318555089343,False,0.8,,50.0,0.05
sweep_04580,122,DAILY_0001,5,1000.0,1.5,0.2,True,False,,,0,2,2,0.6108407343567581,0.0,1.0,0.0,0.0,16786.425779314144,21717.42732813272,False,1.0,,50.0,0.05
sweep_04581,123,DAILY_0001,5,1000.0,1.5,0.2,False,True,BEHAVIORAL_DEFAULT_SURPLUS_COLLATERAL,4.0,1,3,3,0.6108407343567581,2000.0,1.0,0.0,4109.866319333116,10213.097259473365,19669.91167191783,False,0.8,,50.0,0.05
sweep_04582,124,DAILY_0001,5,1000.0,1.5,0.2,True,False,,,0,2,2,0.6108407343567581,0.0,1.0,0.0,0.0,17378.096470344266,21961.11826432918,False,1.0,,50.0,0.05
sweep_04583,125,DAILY_0001,5,1000.0,1.5,0.2,True,False,,,0,2,2,0.6108407343567581,0.0,1.0,0.0,0.0,17222.14785778652,21899.21717062926,False,1.0,,50.0,0.05
sweep_04584,126,DAILY_0001,5,1000.0,1.5,0.2,False,True,BEHAVIORAL_DEFAULT_SURPLUS_COLLATERAL,3.0,1,0,0,0.2295668026988248,3000.0,1.0,0.0,6622.218527656922,6608.331218475114,18959.79299348674,False,0.8,,50.0,0.05
sweep_04585,127,DAILY_0001,5,1000.0,1.5,0.2,True,False,,,0,2,2,0.6108407343567581,0.0,1.0,0.0,0.0,17068.994068195138,21803.776265416833,False,1.0,,50.0,0.05
sweep_04586,128,DAILY_0001,5,1000.0,1.5,0.2,True,False,,,0,2,2,0.6108407343567581,0.0,1.0,0.0,0.0,17380.160876094935,21838.71891746935,False,1.0,,50.0,0.05
sweep_04587,129,DAILY_0001,5,1000.0,1.5,0.2,True,False,,,0,2,2,0.6108407343567581,0.0,1.0,0.0,0.0,16680.988802965425,21527.769785010354,False,1.0,,50.0,0.05
sweep_04588,130,DAILY_0001,5,1000.0,1.5,0.2,False,True,BEHAVIORAL_DEFAULT_SURPLUS_COLLATERAL,5.0,1,2,2,0.6108407343567581,1000.0,1.0,0.0,4081.344083816144,12730.738840773127,21550.310145366995,False,0.8,,50.0,0.05
sweep_04589,131,DAILY_0001,5,1000.0,1.5,0.2,False,True,BEHAVIORAL_DEFAULT_SURPLUS_COLLATERAL,4.0,1,2,2,0.6108407343567581,2000.0,1.0,0.0,4108.936031181366,9894.940183776958,19509.75987779843,False,0.8,,50.0,0.05
sweep_04590,132,DAILY_0001,5,1000.0,1.5,0.2,False,True,BEHAVIORAL_DEFAULT_SURPLUS_COLLATERAL,4.0,1,2,2,0.6108407343567581,2000.0,1.0,0.0,1384.8175014679377,9452.061028387478,19377.90052118634,False,0.8,,50.0,0.05
sweep_04591,133,DAILY_0001,5,1000.0,1.5,0.2,False,True,BEHAVIORAL_DEFAULT_SURPLUS_COLLATERAL,2.0,1,0,0,0.0802993013430624,4000.0,1.0,0.0,3905.5416184590404,3049.7954187370806,8080.440380070032,False,0.8,,50.0,0.05
sweep_04592,134,DAILY_0001,5,1000.0,1.5,0.2,False,True,BEHAVIORAL_DEFAULT_SURPLUS_COLLATERAL,3.0,1,0,0,0.2295668026988248,3000.0,1.0,0.0,2351.8246474217067,6618.547990000483,18841.04335791256,False,0.8,,50.0,0.05
sweep_04593,135,DAILY_0001,5,1000.0,1.5,0.2,True,False,,,0,2,2,0.6108407343567581,0.0,1.0,0.0,0.0,17308.180105341366,21909.580833851323,False,1.0,,50.0,0.05
sweep_04594,136,DAILY_0001,5,1000.0,1.5,0.2,False,True,BEHAVIORAL_DEFAULT_SURPLUS_COLLATERAL,5.0,1,2,2,0.6108407343567581,1000.0,1.0,0.0,3793.7161116766974,12439.168673732074,21440.917291677208,False,0.8,,50.0,0.05
sweep_04595,137,DAILY_0001,5,1000.0,1.5,0.2,False,True,BEHAVIORAL_DEFAULT_SURPLUS_COLLATERAL,4.0,1,2,2,0.6108407343567581,2000.0,1.0,0.0,1472.6888227878849,9538.559186760156,19466.934008823417,False,0.8,,50.0,0.05
sweep_04596,138,DAILY_0001,5,1000.0,1.5,0.2,False,True,BEHAVIORAL_DEFAULT_SURPLUS_COLLATERAL,5.0,1,2,2,0.6108407343567581,1000.0,1.0,0.0,843.2159006084544,12533.99100881035,21482.597597506392,False,0.8,,50.0,0.05
sweep_04597,139,DAILY_0001,5,1000.0,1.5,0.2,False,True,BEHAVIORAL_DEFAULT_SURPLUS_COLLATERAL,2.0,1,0,0,0.0802993013430624,4000.0,1.0,0.0,3928.691902548395,3111.145009532911,8105.715496269559,False,0.8,,50.0,0.05
sweep_04598,140,DAILY_0001,5,1000.0,1.5,0.2,False,True,BEHAVIORAL_DEFAULT_SURPLUS_COLLATERAL,2.0,1,0,0,0.0802993013430624,4000.0,1.0,0.0,3947.684465391936,3161.476398733924,8126.451277780683,False,0.8,,50.0,0.05
sweep_04599,141,DAILY_0001,5,1000.0,1.5,0.2,True,False,,,0,2,2,0.6108407343567581,0.0,1.0,0.0,0.0,17185.12705013151,21816.34744807103,False,1.0,,50.0,0.05
sweep_04600,142,DAILY_0001,5,1000.0,1.5,0.2,False,True,BEHAVIORAL_DEFAULT_SURPLUS_COLLATERAL,2.0,1,0,0,0.0802993013430624,4000.0,1.0,0.0,3949.5106467742744,3166.3158849403544,8128.44507390266,False,0.8,,50.0,0.05
sweep_04601,143,DAILY_0001,5,1000.0,1.5,0.2,True,False,,,0,2,2,0.6108407343567581,0.0,1.0,0.0,0.0,16445.290904199723,21435.9921600773,False,1.0,,50.0,0.05
sweep_04602,144,DAILY_0001,5,1000.0,1.5,0.2,True,False,,,0,2,2,0.6108407343567581,0.0,1.0,0.0,0.0,17343.411988435073,22023.462304679153,False,1.0,,50.0,0.05
sweep_04603,145,DAILY_0001,5,1000.0,1.5,0.2,True,False,,,0,2,2,0.6108407343567581,0.0,1.0,0.0,0.0,17193.72751399906,21961.455894594823,False,1.0,,50.0,0.05
sweep_04604,146,DAILY_0001,5,1000.0,1.5,0.2,True,False,,,0,2,2,0.6108407343567581,0.0,1.0,0.0,0.0,16193.924104929843,21259.954192650708,False,1.0,,50.0,0.05
sweep_04605,147,DAILY_0001,5,1000.0,1.5,0.2,False,True,BEHAVIORAL_DEFAULT_SURPLUS_COLLATERAL,4.0,1,2,2,0.6108407343567581,2000.0,1.0,0.0,1444.9782510570535,9889.107754331599,19515.76074551219,False,0.8,,50.0,0.05
sweep_04606,148,DAILY_0001,5,1000.0,1.5,0.2,True,False,,,0,2,2,0.6108407343567581,0.0,1.0,0.0,0.0,17096.666287603017,21903.294961867476,False,1.0,,50.0,0.05
sweep_04607,149,DAILY_0001,5,1000.0,1.5,0.2,False,True,BEHAVIORAL_DEFAULT_SURPLUS_COLLATERAL,4.0,1,3,3,0.6108407343567581,2000.0,1.0,0.0,1349.1820223548516,9814.02173860668,19643.796362127036,False,0.8,,50.0,0.05
sweep_04608,150,DAILY_0001,5,1000.0,1.5,0.2,True,False,,,0,2,2,0.6108407343567581,0.0,1.0,0.0,0.0,16546.279710931314,21497.166377227648,False,1.0,,50.0,0.05
sweep_04609,151,DAILY_0001,5,1000.0,1.5,0.2,False,True,BEHAVIORAL_DEFAULT_SURPLUS_COLLATERAL,5.0,1,2,2,0.6108407343567581,1000.0,1.0,0.0,3989.3206417047795,13335.570209326292,22000.225348640815,False,0.8,,50.0,0.05
sweep_04610,152,DAILY_0001,5,1000.0,1.5,0.2,True,False,,,0,2,2,0.6108407343567581,0.0,1.0,0.0,0.0,17093.36930493184,21882.81602239068,False,1.0,,50.0,0.05
sweep_04611,153,DAILY_0001,5,1000.0,1.5,0.2,True,False,,,0,2,2,0.6108407343567581,0.0,1.0,0.0,0.0,16508.84948067981,21396.790987293825,False,1.0,,50.0,0.05
sweep_04612,154,DAILY_0001,5,1000.0,1.5,0.2,True,False,,,0,2,2,0.6108407343567581,0.0,1.0,0.0,0.0,16928.440090342658,21671.202970611397,False,1.0,,50.0,0.05
sweep_04613,155,DAILY_0001,5,1000.0,1.5,0.2,False,True,BEHAVIORAL_DEFAULT_SURPLUS_COLLATERAL,3.0,1,0,0,0.2295668026988248,3000.0,1.0,0.0,6498.229090298206,6224.123226178908,18628.379307615676,False,0.8,,50.0,0.05
sweep_04614,156,DAILY_0001,5,1000.0,1.5,0.2,True,False,,,0,2,2,0.6108407343567581,0.0,1.0,0.0,0.0,16822.870383115638,21683.75677598366,False,1.0,,50.0,0.05
sweep_04615,157,DAILY_0001,5,1000.0,1.5,0.2,False,True,BEHAVIORAL_DEFAULT_SURPLUS_COLLATERAL,3.0,1,0,0,0.2295668026988248,3000.0,1.0,0.0,2281.871446778322,6313.283449869156,18676.31379763315,False,0.8,,50.0,0.05
sweep_04616,158,DAILY_0001,5,1000.0,1.5,0.2,True,False,,,0,2,2,0.6108407343567581,0.0,1.0,0.0,0.0,17327.297792749472,21859.830565544507,False,1.0,,50.0,0.05
sweep_04617,159,DAILY_0001,5,1000.0,1.5,0.2,True,False,,,0,2,2,0.6108407343567581,0.0,1.0,0.0,0.0,17547.075472215663,22080.932651401145,False,1.0,,50.0,0.05
sweep_04618,160,DAILY_0001,5,1000.0,1.5,0.2,False,True,BEHAVIORAL_DEFAULT_SURPLUS_COLLATERAL,5.0,1,3,3,0.6108407343567581,1000.0,1.0,0.0,8041.79696264441,13559.294233579409,22041.321040224284,False,0.8,,50.0,0.05
sweep_04619,161,DAILY_0001,5,1000.0,1.5,0.2,True,False,,,0,2,2,0.6108407343567581,0.0,1.0,0.0,0.0,16722.38973114001,21521.489990714523,False,1.0,,50.0,0.05
sweep_04620,162,DAILY_0001,5,1000.0,1.5,0.2,False,True,BEHAVIORAL_DEFAULT_SURPLUS_COLLATERAL,3.0,1,0,0,0.2295668026988248,3000.0,1.0,0.0,6376.0031174609885,6099.333759251945,18448.35858509971,False,0.8,,50.0,0.05
sweep_04621,163,DAILY_0001,5,1000.0,1.5,0.2,True,False,,,0,2,2,0.6108407343567581,0.0,1.0,0.0,0.0,17276.966005569957,21992.541573679093,False,1.0,,50.0,0.05
sweep_04622,164,DAILY_0001,5,1000.0,1.5,0.2,True,False,,,0,2,2,0.6108407343567581,0.0,1.0,0.0,0.0,17233.351687522765,21854.29095783732,False,1.0,,50.0,0.05
sweep_04623,165,DAILY_0001,5,1000.0,1.5,0.2,True,False,,,0,2,2,0.6108407343567581,0.0,1.0,0.0,0.0,16913.7215097475,21628.161451325323,False,1.0,,50.0,0.05
sweep_04624,166,DAILY_0001,5,1000.0,1.5,0.2,False,True,BEHAVIORAL_DEFAULT_SURPLUS_COLLATERAL,5.0,1,2,2,0.6108407343567581,1000.0,1.0,0.0,4148.342559951555,13275.843211445086,22020.937216491377,False,0.8,,50.0,0.05
sweep_04625,167,DAILY_0001,5,1000.0,1.5,0.2,True,False,,,0,2,2,0.6108407343567581,0.0,1.0,0.0,0.0,16859.790773916782,21688.027647284936,False,1.0,,50.0,0.05
sweep_04626,168,DAILY_0001,5,1000.0,1.5,0.2,False,True,BEHAVIORAL_DEFAULT_SURPLUS_COLLATERAL,5.0,1,2,2,0.6108407343567581,1000.0,1.0,0.0,7998.498152925247,12306.50352346156,21290.61584609968,False,0.8,,50.0,0.05
sweep_04627,169,DAILY_0001,5,1000.0,1.5,0.2,False,True,BEHAVIORAL_DEFAULT_SURPLUS_COLLATERAL,5.0,1,2,2,0.6108407343567581,1000.0,1.0,0.0,4079.1260429521617,13383.861734067441,21931.2864161598,False,0.8,,50.0,0.05
sweep_04628,170,DAILY_0001,5,1000.0,1.5,0.2,True,False,,,0,2,2,0.6108407343567581,0.0,1.0,0.0,0.0,17232.159337492943,21772.70557640005,False,1.0,,50.0,0.05
sweep_04629,171,DAILY_0001,5,1000.0,1.5,0.2,True,False,,,0,2,2,0.6108407343567581,0.0,1.0,0.0,0.0,16487.879755940605,21405.759015951688,False,1.0,,50.0,0.05
sweep_04630,172,DAILY_0001,5,1000.0,1.5,0.2,False,True,BEHAVIORAL_DEFAULT_SURPLUS_COLLATERAL,5.0,1,2,2,0.6108407343567581,1000.0,1.0,0.0,1085.8910342925137,12754.088913575759,21566.68709770702,False,0.8,,50.0,0.05
sweep_04631,173,DAILY_0001,5,1000.0,1.5,0.2,True,False,,,0,2,2,0.6108407343567581,0.0,1.0,0.0,0.0,16811.936915077735,21730.815935113773,False,1.0,,50.0,0.05
sweep_04632,174,DAILY_0001,5,1000.0,1.5,0.2,True,False,,,0,2,2,0.6108407343567581,0.0,1.0,0.0,0.0,16928.24289810534,21670.552990060354,False,1.0,,50.0,0.05
sweep_04633,175,DAILY_0001,5,1000.0,1.5,0.2,True,False,,,0,2,2,0.6108407343567581,0.0,1.0,0.0,0.0,16822.84112582361,21589.27188733309,False,1.0,,50.0,0.05
sweep_04634,176,DAILY_0001,5,1000.0,1.5,0.2,True,False,,,0,2,2,0.6108407343567581,0.0,1.0,0.0,0.0,16402.90381242599,21386.63308085314,False,1.0,,50.0,0.05
sweep_04635,177,DAILY_0001,5,1000.0,1.5,0.2,False,True,BEHAVIORAL_DEFAULT_SURPLUS_COLLATERAL,2.0,1,0,0,0.0802993013430624,4000.0,1.0,0.0,3947.1993841047624,3160.1909052878864,8125.9216736578055,False,0.8,,50.0,0.05
sweep_04636,178,DAILY_0001,5,1000.0,1.5,0.2,True,False,,,0,2,2,0.6108407343567581,0.0,1.0,0.0,0.0,16613.95277706074,21523.84138834692,False,1.0,,50.0,0.05
sweep_04637,179,DAILY_0001,5,1000.0,1.5,0.2,True,False,,,0,2,2,0.6108407343567581,0.0,1.0,0.0,0.0,16825.94357748756,21565.040927898324,False,1.0,,50.0,0.05
sweep_04638,180,DAILY_0001,5,1000.0,1.5,0.2,True,False,,,0,2,2,0.6108407343567581,0.0,1.0,0.0,0.0,17332.698660576734,21819.552011371798,False,1.0,,50.0,0.05
sweep_04639,181,DAILY_0001,5,1000.0,1.5,0.2,False,True,BEHAVIORAL_DEFAULT_SURPLUS_COLLATERAL,4.0,1,2,2,0.6108407343567581,2000.0,1.0,0.0,1582.3831091250704,9381.7156603568,19508.096595821466,False,0.8,,50.0,0.05
sweep_04640,182,DAILY_0001,5,1000.0,1.5,0.2,False,True,BEHAVIORAL_DEFAULT_SURPLUS_COLLATERAL,4.0,1,2,2,0.6108407343567581,2000.0,1.0,0.0,1533.1343001954124,9613.459796300805,19439.98526780316,False,0.8,,50.0,0.05
sweep_04641,183,DAILY_0001,5,1000.0,1.5,0.2,False,True,BEHAVIORAL_DEFAULT_SURPLUS_COLLATERAL,5.0,1,2,2,0.6108407343567581,1000.0,1.0,0.0,3661.1576561071142,12517.895991903359,21447.178597543407,False,0.8,,50.0,0.05
sweep_04642,184,DAILY_0001,5,1000.0,1.5,0.2,True,False,,,0,2,2,0.6108407343567581,0.0,1.0,0.0,0.0,17226.715015370733,22011.652294122796,False,1.0,,50.0,0.05
sweep_04643,185,DAILY_0001,5,1000.0,1.5,0.2,False,True,BEHAVIORAL_DEFAULT_SURPLUS_COLLATERAL,4.0,1,2,2,0.6108407343567581,2000.0,1.0,0.0,1368.9065355740495,9321.804157226868,19388.9697542683,False,0.8,,50.0,0.05
sweep_04644,186,DAILY_0001,5,1000.0,1.5,0.2,False,True,BEHAVIORAL_DEFAULT_SURPLUS_COLLATERAL,3.0,1,0,0,0.2295668026988248,3000.0,1.0,0.0,2368.145207301127,6559.983069571281,18727.252955154323,False,0.8,,50.0,0.05
sweep_04645,187,DAILY_0001,5,1000.0,1.5,0.2,False,True,BEHAVIORAL_DEFAULT_SURPLUS_COLLATERAL,4.0,1,2,2,0.6108407343567581,2000.0,1.0,0.0,1453.11531208841,9703.856181907031,19482.19885075579,False,0.8,,50.0,0.05
sweep_04646,188,DAILY_0001,5,1000.0,1.5,0.2,False,True,BEHAVIORAL_DEFAULT_SURPLUS_COLLATERAL,5.0,1,2,2,0.6108407343567581,1000.0,1.0,0.0,4076.050294883975,13167.848974053273,21791.164343657278,False,0.8,,50.0,0.05
sweep_04647,189,DAILY_0001,5,1000.0,1.5,0.2,True,False,,,0,2,2,0.6108407343567581,0.0,1.0,0.0,0.0,17458.454152212147,22024.900470764747,False,1.0,,50.0,0.05
sweep_04648,190,DAILY_0001,5,1000.0,1.5,0.2,False,True,BEHAVIORAL_DEFAULT_SURPLUS_COLLATERAL,4.0,1,2,2,0.6108407343567581,2000.0,1.0,0.0,4106.928831408368,9384.639416814975,19330.443444701566,False,0.8,,50.0,0.05
sweep_04649,191,DAILY_0001,5,1000.0,1.5,0.2,True,False,,,0,2,2,0.6108407343567581,0.0,1.0,0.0,0.0,16741.237276910877,21527.536277265706,False,1.0,,50.0,0.05
sweep_04650,42,DAILY_0001,5,1000.0,1.5,0.2,True,False,,,0,2,2,0.6108407343567581,0.0,1.0,0.0,0.0,17143.15024973444,21736.849646641116,False,1.0,,100.0,0.05
sweep_04651,43,DAILY_0001,5,1000.0,1.5,0.2,True,False,,,0,2,2,0.6108407343567581,0.0,1.0,0.0,0.0,16683.664856290503,21542.868725769018,False,1.0,,100.0,0.05
sweep_04652,44,DAILY_0001,5,1000.0,1.5,0.2,True,False,,,0,2,2,0.6108407343567581,0.0,1.0,0.0,0.0,16963.961355801184,21829.76791461624,False,1.0,,100.0,0.05
sweep_04653,45,DAILY_0001,5,1000.0,1.5,0.2,False,True,BEHAVIORAL_DEFAULT_SURPLUS_COLLATERAL,5.0,1,2,2,0.6108407343567581,1000.0,1.0,0.0,8086.357194449123,12896.079661440042,21653.91506101795,False,0.8,,100.0,0.05
sweep_04654,46,DAILY_0001,5,1000.0,1.5,0.2,True,False,,,0,2,2,0.6108407343567581,0.0,1.0,0.0,0.0,16307.234970412434,21265.981984914564,False,1.0,,100.0,0.05
sweep_04655,47,DAILY_0001,5,1000.0,1.5,0.2,True,False,,,0,2,2,0.6108407343567581,0.0,1.0,0.0,0.0,17175.220923270765,21891.54348782966,False,1.0,,100.0,0.05
sweep_04656,48,DAILY_0001,5,1000.0,1.5,0.2,False,True,BEHAVIORAL_DEFAULT_SURPLUS_COLLATERAL,3.0,1,0,0,0.2295668026988248,3000.0,1.0,0.0,2329.521103103876,6384.596399760172,18628.27950648634,False,0.8,,100.0,0.05
sweep_04657,49,DAILY_0001,5,1000.0,1.5,0.2,True,False,,,0,2,2,0.6108407343567581,0.0,1.0,0.0,0.0,17411.6649980281,22078.38868897202,False,1.0,,100.0,0.05
sweep_04658,50,DAILY_0001,5,1000.0,1.5,0.2,True,False,,,0,2,2,0.6108407343567581,0.0,1.0,0.0,0.0,16470.071539501125,21422.88191777927,False,1.0,,100.0,0.05
sweep_04659,51,DAILY_0001,5,1000.0,1.5,0.2,True,False,,,0,2,2,0.6108407343567581,0.0,1.0,0.0,0.0,16553.917458671152,21321.216598363022,False,1.0,,100.0,0.05
sweep_04660,52,DAILY_0001,5,1000.0,1.5,0.2,False,True,BEHAVIORAL_DEFAULT_SURPLUS_COLLATERAL,5.0,1,2,2,0.6108407343567581,1000.0,1.0,0.0,7938.801552948944,13756.613367327447,22242.38970390961,False,0.8,,100.0,0.05
sweep_04661,53,DAILY_0001,5,1000.0,1.5,0.2,False,True,BEHAVIORAL_DEFAULT_SURPLUS_COLLATERAL,5.0,1,2,2,0.6108407343567581,1000.0,1.0,0.0,8019.002102304898,12961.478326267516,21805.097499534462,False,0.8,,100.0,0.05
sweep_04662,54,DAILY_0001,5,1000.0,1.5,0.2,False,True,BEHAVIORAL_DEFAULT_SURPLUS_COLLATERAL,5.0,1,2,2,0.6108407343567581,1000.0,1.0,0.0,815.37625356835,12569.941496225256,21596.394054423847,False,0.8,,100.0,0.05
sweep_04663,55,DAILY_0001,5,1000.0,1.5,0.2,False,True,BEHAVIORAL_DEFAULT_SURPLUS_COLLATERAL,5.0,1,2,2,0.6108407343567581,1000.0,1.0,0.0,4084.506023968257,13020.111295967612,21704.150383776654,False,0.8,,100.0,0.05
sweep_04664,56,DAILY_0001,5,1000.0,1.5,0.2,False,True,BEHAVIORAL_DEFAULT_SURPLUS_COLLATERAL,5.0,1,2,2,0.6108407343567581,1000.0,1.0,0.0,4034.245334173067,12704.486967871519,21585.914479336,False,0.8,,100.0,0.05
sweep_04665,57,DAILY_0001,5,1000.0,1.5,0.2,True,False,,,0,2,2,0.6108407343567581,0.0,1.0,0.0,0.0,16629.925622068513,21418.762511149715,False,1.0,,100.0,0.05
sweep_04666,58,DAILY_0001,5,1000.0,1.5,0.2,True,False,,,0,2,2,0.6108407343567581,0.0,1.0,0.0,0.0,17118.252725129587,21917.452075038796,False,1.0,,100.0,0.05
sweep_04667,59,DAILY_0001,5,1000.0,1.5,0.2,False,True,BEHAVIORAL_DEFAULT_SURPLUS_COLLATERAL,4.0,1,2,2,0.6108407343567581,2000.0,1.0,0.0,1350.273245596878,9396.14470761244,19483.679688551612,False,0.8,,100.0,0.05
sweep_04668,60,DAILY_0001,5,1000.0,1.5,0.2,True,False,,,0,2,2,0.6108407343567581,0.0,1.0,0.0,0.0,16890.892442598783,21660.66293786306,False,1.0,,100.0,0.05
sweep_04669,61,DAILY_0001,5,1000.0,1.5,0.2,True,False,,,0,2,2,0.6108407343567581,0.0,1.0,0.0,0.0,17049.548692196306,21852.61685775064,False,1.0,,100.0,0.05
sweep_04670,62,DAILY_0001,5,1000.0,1.5,0.2,True,False,,,0,2,2,0.6108407343567581,0.0,1.0,0.0,0.0,16688.163188009137,21616.843445606282,False,1.0,,100.0,0.05
sweep_04671,63,DAILY_0001,5,1000.0,1.5,0.2,False,True,BEHAVIORAL_DEFAULT_SURPLUS_COLLATERAL,5.0,1,2,2,0.6108407343567581,1000.0,1.0,0.0,4056.7256913589526,12560.781626539678,21458.832078243566,False,0.8,,100.0,0.05
sweep_04672,64,DAILY_0001,5,1000.0,1.5,0.2,False,True,BEHAVIORAL_DEFAULT_SURPLUS_COLLATERAL,3.0,1,0,0,0.2295668026988248,3000.0,1.0,0.0,6378.658778377228,6151.058035452796,18480.57897323364,False,0.8,,100.0,0.05
sweep_04673,65,DAILY_0001,5,1000.0,1.5,0.2,False,True,BEHAVIORAL_DEFAULT_SURPLUS_COLLATERAL,2.0,1,0,0,0.0802993013430624,4000.0,1.0,0.0,3924.4721069523575,3099.9623073224475,8101.108389781517,False,0.8,,100.0,0.05
sweep_04674,66,DAILY_0001,5,1000.0,1.5,0.2,True,False,,,0,2,2,0.6108407343567581,0.0,1.0,0.0,0.0,17056.111050431617,21776.49402186619,False,1.0,,100.0,0.05
sweep_04675,67,DAILY_0001,5,1000.0,1.5,0.2,True,False,,,0,2,2,0.6108407343567581,0.0,1.0,0.0,0.0,17358.7323024141,21912.58051151718,False,1.0,,100.0,0.05
sweep_04676,68,DAILY_0001,5,1000.0,1.5,0.2,False,True,BEHAVIORAL_DEFAULT_SURPLUS_COLLATERAL,4.0,1,2,2,0.6108407343567581,2000.0,1.0,0.0,1382.5646173983278,9384.172146377827,19418.238822247906,False,0.8,,100.0,0.05
sweep_04677,69,DAILY_0001,5,1000.0,1.5,0.2,False,True,BEHAVIORAL_DEFAULT_SURPLUS_COLLATERAL,3.0,1,0,0,0.2295668026988248,3000.0,1.0,0.0,2290.4658418882336,6254.764509256824,18583.927970683544,False,0.8,,100.0,0.05
sweep_04678,70,DAILY_0001,5,1000.0,1.5,0.2,True,False,,,0,3,3,0.6108407343567581,0.0,1.0,0.0,0.0,18008.300555488746,22215.28887979119,False,1.0,,100.0,0.05
sweep_04679,71,DAILY_0001,5,1000.0,1.5,0.2,True,False,,,0,2,2,0.6108407343567581,0.0,1.0,0.0,0.0,17077.07193201092,21791.096314251627,False,1.0,,100.0,0.05
sweep_04680,72,DAILY_0001,5,1000.0,1.5,0.2,False,True,BEHAVIORAL_DEFAULT_SURPLUS_COLLATERAL,5.0,1,2,2,0.6108407343567581,1000.0,1.0,0.0,903.0767422840247,12739.57666014175,21520.432893323174,False,0.8,,100.0,0.05
sweep_04681,73,DAILY_0001,5,1000.0,1.5,0.2,True,False,,,0,2,2,0.6108407343567581,0.0,1.0,0.0,0.0,16909.5959464029,21661.71132440031,False,1.0,,100.0,0.05
sweep_04682,74,DAILY_0001,5,1000.0,1.5,0.2,False,True,BEHAVIORAL_DEFAULT_SURPLUS_COLLATERAL,3.0,1,0,0,0.2295668026988248,3000.0,1.0,0.0,6415.032696336684,6142.21535254676,18507.595420062567,False,0.8,,100.0,0.05
sweep_04683,75,DAILY_0001,5,1000.0,1.5,0.2,True,False,,,0,2,2,0.6108407343567581,0.0,1.0,0.0,0.0,16697.360309291158,21564.29987010876,False,1.0,,100.0,0.05
sweep_04684,76,DAILY_0001,5,1000.0,1.5,0.2,True,False,,,0,2,2,0.6108407343567581,0.0,1.0,0.0,0.0,16671.801168191498,21585.375565660714,False,1.0,,100.0,0.05
sweep_04685,77,DAILY_0001,5,1000.0,1.5,0.2,True,False,,,0,2,2,0.6108407343567581,0.0,1.0,0.0,0.0,16763.124564751575,21652.623630263974,False,1.0,,100.0,0.05
sweep_04686,78,DAILY_0001,5,1000.0,1.5,0.2,True,False,,,0,2,2,0.6108407343567581,0.0,1.0,0.0,0.0,16719.51222653161,21505.32612432029,False,1.0,,100.0,0.05
sweep_04687,79,DAILY_0001,5,1000.0,1.5,0.2,True,False,,,0,2,2,0.6108407343567581,0.0,1.0,0.0,0.0,16476.77247232043,21406.582231383236,False,1.0,,100.0,0.05
sweep_04688,80,DAILY_0001,5,1000.0,1.5,0.2,True,False,,,0,2,2,0.6108407343567581,0.0,1.0,0.0,0.0,16187.427798734678,21235.705112189225,False,1.0,,100.0,0.05
sweep_04689,81,DAILY_0001,5,1000.0,1.5,0.2,True,False,,,0,3,3,0.6108407343567581,0.0,1.0,0.0,0.0,17261.26216002694,21828.96050648089,False,1.0,,100.0,0.05
sweep_04690,82,DAILY_0001,5,1000.0,1.5,0.2,True,False,,,0,2,2,0.6108407343567581,0.0,1.0,0.0,0.0,17428.23657344996,22146.086874740722,False,1.0,,100.0,0.05
sweep_04691,83,DAILY_0001,5,1000.0,1.5,0.2,False,True,BEHAVIORAL_DEFAULT_SURPLUS_COLLATERAL,5.0,1,2,2,0.6108407343567581,1000.0,1.0,0.0,1083.9848531418443,13023.010849409744,21722.658019391383,False,0.8,,100.0,0.05
sweep_04692,84,DAILY_0001,5,1000.0,1.5,0.2,False,True,BEHAVIORAL_DEFAULT_SURPLUS_COLLATERAL,3.0,1,0,0,0.2295668026988248,3000.0,1.0,0.0,2306.5175990539337,6504.624246924773,18832.62654476695,False,0.8,,100.0,0.05
sweep_04693,85,DAILY_0001,5,1000.0,1.5,0.2,False,True,BEHAVIORAL_DEFAULT_SURPLUS_COLLATERAL,4.0,1,2,2,0.6108407343567581,2000.0,1.0,0.0,1413.6858909045109,9644.511591981416,19442.34786418813,False,0.8,,100.0,0.05
sweep_04694,86,DAILY_0001,5,1000.0,1.5,0.2,True,False,,,0,2,2,0.6108407343567581,0.0,1.0,0.0,0.0,17346.9008892341,21986.224728432622,False,1.0,,100.0,0.05
sweep_04695,87,DAILY_0001,5,1000.0,1.5,0.2,True,False,,,0,2,2,0.6108407343567581,0.0,1.0,0.0,0.0,16887.21410701461,21654.394612872053,False,1.0,,100.0,0.05
sweep_04696,88,DAILY_0001,5,1000.0,1.5,0.2,False,True,BEHAVIORAL_DEFAULT_SURPLUS_COLLATERAL,3.0,1,0,0,0.2295668026988248,3000.0,1.0,0.0,6375.87488192668,6598.059130640779,18736.30028314806,False,0.8,,100.0,0.05
sweep_04697,89,DAILY_0001,5,1000.0,1.5,0.2,True,False,,,0,2,2,0.6108407343567581,0.0,1.0,0.0,0.0,16483.760527058344,21436.23655917216,False,1.0,,100.0,0.05
sweep_04698,90,DAILY_0001,5,1000.0,1.5,0.2,False,True,BEHAVIORAL_DEFAULT_SURPLUS_COLLATERAL,4.0,1,2,2,0.6108407343567581,2000.0,1.0,0.0,4109.091976891624,9428.143344053857,19460.216647181245,False,0.8,,100.0,0.05
sweep_04699,91,DAILY_0001,5,1000.0,1.5,0.2,True,False,,,0,2,2,0.6108407343567581,0.0,1.0,0.0,0.0,16432.64453049189,21454.96756991591,False,1.0,,100.0,0.05
sweep_04700,92,DAILY_0001,5,1000.0,1.5,0.2,True,False,,,0,2,2,0.6108407343567581,0.0,1.0,0.0,0.0,16541.46983637411,21505.26575925099,False,1.0,,100.0,0.05
sweep_04701,93,DAILY_0001,5,1000.0,1.5,0.2,False,True,BEHAVIORAL_DEFAULT_SURPLUS_COLLATERAL,3.0,1,0,0,0.2295668026988248,3000.0,1.0,0.0,2335.46850186938,7022.911645595454,19360.51369521599,False,0.8,,100.0,0.05
sweep_04702,94,DAILY_0001,5,1000.0,1.5,0.2,True,False,,,0,2,2,0.6108407343567581,0.0,1.0,0.0,0.0,16816.49136159871,21680.05505515283,False,1.0,,100.0,0.05
sweep_04703,95,DAILY_0001,5,1000.0,1.5,0.2,True,False,,,0,2,2,0.6108407343567581,0.0,1.0,0.0,0.0,17545.744689882886,22028.56366391383,False,1.0,,100.0,0.05
sweep_04704,96,DAILY_0001,5,1000.0,1.5,0.2,True,False,,,0,2,2,0.6108407343567581,0.0,1.0,0.0,0.0,17272.505142960632,21729.007101965293,False,1.0,,100.0,0.05
sweep_04705,97,DAILY_0001,5,1000.0,1.5,0.2,True,False,,,0,2,2,0.6108407343567581,0.0,1.0,0.0,0.0,17205.00493267573,21797.626486226745,False,1.0,,100.0,0.05
sweep_04706,98,DAILY_0001,5,1000.0,1.5,0.2,True,False,,,0,2,2,0.6108407343567581,0.0,1.0,0.0,0.0,17117.740576801672,21886.196951919454,False,1.0,,100.0,0.05
sweep_04707,99,DAILY_0001,5,1000.0,1.5,0.2,False,True,BEHAVIORAL_DEFAULT_SURPLUS_COLLATERAL,4.0,1,2,2,0.6108407343567581,2000.0,1.0,0.0,4108.024720603169,9546.407766635395,19464.340223237945,False,0.8,,100.0,0.05
sweep_04708,100,DAILY_0001,5,1000.0,1.5,0.2,True,False,,,0,2,2,0.6108407343567581,0.0,1.0,0.0,0.0,17296.288473944063,21987.956067933574,False,1.0,,100.0,0.05
sweep_04709,101,DAILY_0001,5,1000.0,1.5,0.2,False,True,BEHAVIORAL_DEFAULT_SURPLUS_COLLATERAL,5.0,1,2,2,0.6108407343567581,1000.0,1.0,0.0,3833.116770059686,13094.897102232273,21875.56053212655,False,0.8,,100.0,0.05
sweep_04710,102,DAILY_0001,5,1000.0,1.5,0.2,False,True,BEHAVIORAL_DEFAULT_SURPLUS_COLLATERAL,5.0,1,2,2,0.6108407343567581,1000.0,1.0,0.0,8160.322001065759,13315.718463742422,22087.51298742553,False,0.8,,100.0,0.05
sweep_04711,103,DAILY_0001,5,1000.0,1.5,0.2,False,True,BEHAVIORAL_DEFAULT_SURPLUS_COLLATERAL,4.0,1,2,2,0.6108407343567581,2000.0,1.0,0.0,1562.2975015252446,9410.055771571677,19423.50346743754,False,0.8,,100.0,0.05
sweep_04712,104,DAILY_0001,5,1000.0,1.5,0.2,True,False,,,0,2,2,0.6108407343567581,0.0,1.0,0.0,0.0,16965.565545296653,21629.376045618876,False,1.0,,100.0,0.05
sweep_04713,105,DAILY_0001,5,1000.0,1.5,0.2,False,True,BEHAVIORAL_DEFAULT_SURPLUS_COLLATERAL,4.0,1,2,2,0.6108407343567581,2000.0,1.0,0.0,4111.654017437025,10112.068977480729,19644.22364595567,False,0.8,,100.0,0.05
sweep_04714,106,DAILY_0001,5,1000.0,1.5,0.2,False,True,BEHAVIORAL_DEFAULT_SURPLUS_COLLATERAL,5.0,1,2,2,0.6108407343567581,1000.0,1.0,0.0,1178.7334837155317,13317.118454353504,21893.20268226205,False,0.8,,100.0,0.05
sweep_04715,107,DAILY_0001,5,1000.0,1.5,0.2,False,True,BEHAVIORAL_DEFAULT_SURPLUS_COLLATERAL,4.0,1,2,2,0.6108407343567581,2000.0,1.0,0.0,1571.248066744638,9504.711727327722,19344.082284299904,False,0.8,,100.0,0.05
sweep_04716,108,DAILY_0001,5,1000.0,1.5,0.2,False,True,BEHAVIORAL_DEFAULT_SURPLUS_COLLATERAL,4.0,1,2,2,0.6108407343567581,2000.0,1.0,0.0,4109.828903049853,9229.632260373746,19416.79828948587,False,0.8,,100.0,0.05
sweep_04717,109,DAILY_0001,5,1000.0,1.5,0.2,True,False,,,0,2,2,0.6108407343567581,0.0,1.0,0.0,0.0,17097.560018571552,21801.88229691654,False,1.0,,100.0,0.05
sweep_04718,110,DAILY_0001,5,1000.0,1.5,0.2,True,False,,,0,2,2,0.6108407343567581,0.0,1.0,0.0,0.0,17252.145983174083,21992.810865443764,False,1.0,,100.0,0.05
sweep_04719,111,DAILY_0001,5,1000.0,1.5,0.2,False,True,BEHAVIORAL_DEFAULT_SURPLUS_COLLATERAL,5.0,1,2,2,0.6108407343567581,1000.0,1.0,0.0,3724.071995143292,13005.811951455453,21659.19517711921,False,0.8,,100.0,0.05
sweep_04720,112,DAILY_0001,5,1000.0,1.5,0.2,True,False,,,0,2,2,0.6108407343567581,0.0,1.0,0.0,0.0,16909.07625773677,21710.98862137991,False,1.0,,100.0,0.05
sweep_04721,113,DAILY_0001,5,1000.0,1.5,0.2,False,True,BEHAVIORAL_DEFAULT_SURPLUS_COLLATERAL,3.0,1,0,0,0.2295668026988248,3000.0,1.0,0.0,2362.7799212124546,6623.312533026473,18816.357576448747,False,0.8,,100.0,0.05
sweep_04722,114,DAILY_0001,5,1000.0,1.5,0.2,False,True,BEHAVIORAL_DEFAULT_SURPLUS_COLLATERAL,3.0,1,0,0,0.2295668026988248,3000.0,1.0,0.0,2276.008099580301,6121.454939968626,18467.524220091243,False,0.8,,100.0,0.05
sweep_04723,115,DAILY_0001,5,1000.0,1.5,0.2,True,False,,,0,2,2,0.6108407343567581,0.0,1.0,0.0,0.0,16756.555719327873,21421.404387652714,False,1.0,,100.0,0.05
sweep_04724,116,DAILY_0001,5,1000.0,1.5,0.2,False,True,BEHAVIORAL_DEFAULT_SURPLUS_COLLATERAL,3.0,1,0,0,0.2295668026988248,3000.0,1.0,0.0,6547.164859441429,6397.070943819939,18771.48874054101,False,0.8,,100.0,0.05
sweep_04725,117,DAILY_0001,5,1000.0,1.5,0.2,False,True,BEHAVIORAL_DEFAULT_SURPLUS_COLLATERAL,2.0,1,0,0,0.0802993013430624,4000.0,1.0,0.0,3958.2382131296254,3189.4444401873525,8137.973693634459,False,0.8,,100.0,0.05
sweep_04726,118,DAILY_0001,5,1000.0,1.5,0.2,True,False,,,0,2,2,0.6108407343567581,0.0,1.0,0.0,0.0,16908.748437966286,21758.03590529975,False,1.0,,100.0,0.05
sweep_04727,119,DAILY_0001,5,1000.0,1.5,0.2,True,False,,,0,2,2,0.6108407343567581,0.0,1.0,0.0,0.0,16730.031620694273,21698.92856490191,False,1.0,,100.0,0.05
sweep_04728,120,DAILY_0001,5,1000.0,1.5,0.2,True,False,,,0,2,2,0.6108407343567581,0.0,1.0,0.0,0.0,17299.20314416707,22108.885528417813,False,1.0,,100.0,0.05
sweep_04729,121,DAILY_0001,5,1000.0,1.5,0.2,False,True,BEHAVIORAL_DEFAULT_SURPLUS_COLLATERAL,4.0,1,2,2,0.6108407343567581,2000.0,1.0,0.0,4108.0291514535165,9287.607451281923,19350.318555089343,False,0.8,,100.0,0.05
sweep_04730,122,DAILY_0001,5,1000.0,1.5,0.2,True,False,,,0,2,2,0.6108407343567581,0.0,1.0,0.0,0.0,16786.425779314144,21717.42732813272,False,1.0,,100.0,0.05
sweep_04731,123,DAILY_0001,5,1000.0,1.5,0.2,False,True,BEHAVIORAL_DEFAULT_SURPLUS_COLLATERAL,4.0,1,3,3,0.6108407343567581,2000.0,1.0,0.0,4109.866319333116,10213.097259473365,19669.91167191783,False,0.8,,100.0,0.05
sweep_04732,124,DAILY_0001,5,1000.0,1.5,0.2,True,False,,,0,2,2,0.6108407343567581,0.0,1.0,0.0,0.0,17378.096470344266,21961.11826432918,False,1.0,,100.0,0.05
sweep_04733,125,DAILY_0001,5,1000.0,1.5,0.2,True,False,,,0,2,2,0.6108407343567581,0.0,1.0,0.0,0.0,17222.14785778652,21899.21717062926,False,1.0,,100.0,0.05
sweep_04734,126,DAILY_0001,5,1000.0,1.5,0.2,False,True,BEHAVIORAL_DEFAULT_SURPLUS_COLLATERAL,3.0,1,0,0,0.2295668026988248,3000.0,1.0,0.0,6622.218527656922,6608.331218475114,18959.79299348674,False,0.8,,100.0,0.05
sweep_04735,127,DAILY_0001,5,1000.0,1.5,0.2,True,False,,,0,2,2,0.6108407343567581,0.0,1.0,0.0,0.0,17068.994068195138,21803.776265416833,False,1.0,,100.0,0.05
sweep_04736,128,DAILY_0001,5,1000.0,1.5,0.2,True,False,,,0,2,2,0.6108407343567581,0.0,1.0,0.0,0.0,17380.160876094935,21838.71891746935,False,1.0,,100.0,0.05
sweep_04737,129,DAILY_0001,5,1000.0,1.5,0.2,True,False,,,0,2,2,0.6108407343567581,0.0,1.0,0.0,0.0,16680.988802965425,21527.769785010354,False,1.0,,100.0,0.05
sweep_04738,130,DAILY_0001,5,1000.0,1.5,0.2,False,True,BEHAVIORAL_DEFAULT_SURPLUS_COLLATERAL,5.0,1,2,2,0.6108407343567581,1000.0,1.0,0.0,4081.344083816144,12730.738840773127,21550.310145366995,False,0.8,,100.0,0.05
sweep_04739,131,DAILY_0001,5,1000.0,1.5,0.2,False,True,BEHAVIORAL_DEFAULT_SURPLUS_COLLATERAL,4.0,1,2,2,0.6108407343567581,2000.0,1.0,0.0,4108.936031181366,9894.940183776958,19509.75987779843,False,0.8,,100.0,0.05
sweep_04740,132,DAILY_0001,5,1000.0,1.5,0.2,False,True,BEHAVIORAL_DEFAULT_SURPLUS_COLLATERAL,4.0,1,2,2,0.6108407343567581,2000.0,1.0,0.0,1384.8175014679377,9452.061028387478,19377.90052118634,False,0.8,,100.0,0.05
sweep_04741,133,DAILY_0001,5,1000.0,1.5,0.2,False,True,BEHAVIORAL_DEFAULT_SURPLUS_COLLATERAL,2.0,1,0,0,0.0802993013430624,4000.0,1.0,0.0,3905.5416184590404,3049.7954187370806,8080.440380070032,False,0.8,,100.0,0.05
sweep_04742,134,DAILY_0001,5,1000.0,1.5,0.2,False,True,BEHAVIORAL_DEFAULT_SURPLUS_COLLATERAL,3.0,1,0,0,0.2295668026988248,3000.0,1.0,0.0,2351.8246474217067,6618.547990000483,18841.04335791256,False,0.8,,100.0,0.05
sweep_04743,135,DAILY_0001,5,1000.0,1.5,0.2,True,False,,,0,2,2,0.6108407343567581,0.0,1.0,0.0,0.0,17308.180105341366,21909.580833851323,False,1.0,,100.0,0.05
sweep_04744,136,DAILY_0001,5,1000.0,1.5,0.2,False,True,BEHAVIORAL_DEFAULT_SURPLUS_COLLATERAL,5.0,1,2,2,0.6108407343567581,1000.0,1.0,0.0,3793.7161116766974,12439.168673732074,21440.917291677208,False,0.8,,100.0,0.05
sweep_04745,137,DAILY_0001,5,1000.0,1.5,0.2,False,True,BEHAVIORAL_DEFAULT_SURPLUS_COLLATERAL,4.0,1,2,2,0.6108407343567581,2000.0,1.0,0.0,1472.6888227878849,9538.559186760156,19466.934008823417,False,0.8,,100.0,0.05
sweep_04746,138,DAILY_0001,5,1000.0,1.5,0.2,False,True,BEHAVIORAL_DEFAULT_SURPLUS_COLLATERAL,5.0,1,2,2,0.6108407343567581,1000.0,1.0,0.0,843.2159006084544,12533.99100881035,21482.597597506392,False,0.8,,100.0,0.05
sweep_04747,139,DAILY_0001,5,1000.0,1.5,0.2,False,True,BEHAVIORAL_DEFAULT_SURPLUS_COLLATERAL,2.0,1,0,0,0.0802993013430624,4000.0,1.0,0.0,3928.691902548395,3111.145009532911,8105.715496269559,False,0.8,,100.0,0.05
sweep_04748,140,DAILY_0001,5,1000.0,1.5,0.2,False,True,BEHAVIORAL_DEFAULT_SURPLUS_COLLATERAL,2.0,1,0,0,0.0802993013430624,4000.0,1.0,0.0,3947.684465391936,3161.476398733924,8126.451277780683,False,0.8,,100.0,0.05
sweep_04749,141,DAILY_0001,5,1000.0,1.5,0.2,True,False,,,0,2,2,0.6108407343567581,0.0,1.0,0.0,0.0,17185.12705013151,21816.34744807103,False,1.0,,100.0,0.05
sweep_04750,142,DAILY_0001,5,1000.0,1.5,0.2,False,True,BEHAVIORAL_DEFAULT_SURPLUS_COLLATERAL,2.0,1,0,0,0.0802993013430624,4000.0,1.0,0.0,3949.5106467742744,3166.3158849403544,8128.44507390266,False,0.8,,100.0,0.05
sweep_04751,143,DAILY_0001,5,1000.0,1.5,0.2,True,False,,,0,2,2,0.6108407343567581,0.0,1.0,0.0,0.0,16445.290904199723,21435.9921600773,False,1.0,,100.0,0.05
sweep_04752,144,DAILY_0001,5,1000.0,1.5,0.2,True,False,,,0,2,2,0.6108407343567581,0.0,1.0,0.0,0.0,17343.411988435073,22023.462304679153,False,1.0,,100.0,0.05
sweep_04753,145,DAILY_0001,5,1000.0,1.5,0.2,True,False,,,0,2,2,0.6108407343567581,0.0,1.0,0.0,0.0,17193.72751399906,21961.455894594823,False,1.0,,100.0,0.05
sweep_04754,146,DAILY_0001,5,1000.0,1.5,0.2,True,False,,,0,2,2,0.6108407343567581,0.0,1.0,0.0,0.0,16193.924104929843,21259.954192650708,False,1.0,,100.0,0.05
sweep_04755,147,DAILY_0001,5,1000.0,1.5,0.2,False,True,BEHAVIORAL_DEFAULT_SURPLUS_COLLATERAL,4.0,1,2,2,0.6108407343567581,2000.0,1.0,0.0,1444.9782510570535,9889.107754331599,19515.76074551219,False,0.8,,100.0,0.05
sweep_04756,148,DAILY_0001,5,1000.0,1.5,0.2,True,False,,,0,2,2,0.6108407343567581,0.0,1.0,0.0,0.0,17096.666287603017,21903.294961867476,False,1.0,,100.0,0.05
sweep_04757,149,DAILY_0001,5,1000.0,1.5,0.2,False,True,BEHAVIORAL_DEFAULT_SURPLUS_COLLATERAL,4.0,1,3,3,0.6108407343567581,2000.0,1.0,0.0,1349.1820223548516,9814.02173860668,19643.796362127036,False,0.8,,100.0,0.05
sweep_04758,150,DAILY_0001,5,1000.0,1.5,0.2,True,False,,,0,2,2,0.6108407343567581,0.0,1.0,0.0,0.0,16546.279710931314,21497.166377227648,False,1.0,,100.0,0.05
sweep_04759,151,DAILY_0001,5,1000.0,1.5,0.2,False,True,BEHAVIORAL_DEFAULT_SURPLUS_COLLATERAL,5.0,1,2,2,0.6108407343567581,1000.0,1.0,0.0,3989.3206417047795,13335.570209326292,22000.225348640815,False,0.8,,100.0,0.05
sweep_04760,152,DAILY_0001,5,1000.0,1.5,0.2,True,False,,,0,2,2,0.6108407343567581,0.0,1.0,0.0,0.0,17093.36930493184,21882.81602239068,False,1.0,,100.0,0.05
sweep_04761,153,DAILY_0001,5,1000.0,1.5,0.2,True,False,,,0,2,2,0.6108407343567581,0.0,1.0,0.0,0.0,16508.84948067981,21396.790987293825,False,1.0,,100.0,0.05
sweep_04762,154,DAILY_0001,5,1000.0,1.5,0.2,True,False,,,0,2,2,0.6108407343567581,0.0,1.0,0.0,0.0,16928.440090342658,21671.202970611397,False,1.0,,100.0,0.05
sweep_04763,155,DAILY_0001,5,1000.0,1.5,0.2,False,True,BEHAVIORAL_DEFAULT_SURPLUS_COLLATERAL,3.0,1,0,0,0.2295668026988248,3000.0,1.0,0.0,6498.229090298206,6224.123226178908,18628.379307615676,False,0.8,,100.0,0.05
sweep_04764,156,DAILY_0001,5,1000.0,1.5,0.2,True,False,,,0,2,2,0.6108407343567581,0.0,1.0,0.0,0.0,16822.870383115638,21683.75677598366,False,1.0,,100.0,0.05
sweep_04765,157,DAILY_0001,5,1000.0,1.5,0.2,False,True,BEHAVIORAL_DEFAULT_SURPLUS_COLLATERAL,3.0,1,0,0,0.2295668026988248,3000.0,1.0,0.0,2281.871446778322,6313.283449869156,18676.31379763315,False,0.8,,100.0,0.05
sweep_04766,158,DAILY_0001,5,1000.0,1.5,0.2,True,False,,,0,2,2,0.6108407343567581,0.0,1.0,0.0,0.0,17327.297792749472,21859.830565544507,False,1.0,,100.0,0.05
sweep_04767,159,DAILY_0001,5,1000.0,1.5,0.2,True,False,,,0,2,2,0.6108407343567581,0.0,1.0,0.0,0.0,17547.075472215663,22080.932651401145,False,1.0,,100.0,0.05
sweep_04768,160,DAILY_0001,5,1000.0,1.5,0.2,False,True,BEHAVIORAL_DEFAULT_SURPLUS_COLLATERAL,5.0,1,3,3,0.6108407343567581,1000.0,1.0,0.0,8041.79696264441,13559.294233579409,22041.321040224284,False,0.8,,100.0,0.05
sweep_04769,161,DAILY_0001,5,1000.0,1.5,0.2,True,False,,,0,2,2,0.6108407343567581,0.0,1.0,0.0,0.0,16722.38973114001,21521.489990714523,False,1.0,,100.0,0.05
sweep_04770,162,DAILY_0001,5,1000.0,1.5,0.2,False,True,BEHAVIORAL_DEFAULT_SURPLUS_COLLATERAL,3.0,1,0,0,0.2295668026988248,3000.0,1.0,0.0,6376.0031174609885,6099.333759251945,18448.35858509971,False,0.8,,100.0,0.05
sweep_04771,163,DAILY_0001,5,1000.0,1.5,0.2,True,False,,,0,2,2,0.6108407343567581,0.0,1.0,0.0,0.0,17276.966005569957,21992.541573679093,False,1.0,,100.0,0.05
sweep_04772,164,DAILY_0001,5,1000.0,1.5,0.2,True,False,,,0,2,2,0.6108407343567581,0.0,1.0,0.0,0.0,17233.351687522765,21854.29095783732,False,1.0,,100.0,0.05
sweep_04773,165,DAILY_0001,5,1000.0,1.5,0.2,True,False,,,0,2,2,0.6108407343567581,0.0,1.0,0.0,0.0,16913.7215097475,21628.161451325323,False,1.0,,100.0,0.05
sweep_04774,166,DAILY_0001,5,1000.0,1.5,0.2,False,True,BEHAVIORAL_DEFAULT_SURPLUS_COLLATERAL,5.0,1,2,2,0.6108407343567581,1000.0,1.0,0.0,4148.342559951555,13275.843211445086,22020.937216491377,False,0.8,,100.0,0.05
sweep_04775,167,DAILY_0001,5,1000.0,1.5,0.2,True,False,,,0,2,2,0.6108407343567581,0.0,1.0,0.0,0.0,16859.790773916782,21688.027647284936,False,1.0,,100.0,0.05
sweep_04776,168,DAILY_0001,5,1000.0,1.5,0.2,False,True,BEHAVIORAL_DEFAULT_SURPLUS_COLLATERAL,5.0,1,2,2,0.6108407343567581,1000.0,1.0,0.0,7998.498152925247,12306.50352346156,21290.61584609968,False,0.8,,100.0,0.05
sweep_04777,169,DAILY_0001,5,1000.0,1.5,0.2,False,True,BEHAVIORAL_DEFAULT_SURPLUS_COLLATERAL,5.0,1,2,2,0.6108407343567581,1000.0,1.0,0.0,4079.1260429521617,13383.861734067441,21931.2864161598,False,0.8,,100.0,0.05
sweep_04778,170,DAILY_0001,5,1000.0,1.5,0.2,True,False,,,0,2,2,0.6108407343567581,0.0,1.0,0.0,0.0,17232.159337492943,21772.70557640005,False,1.0,,100.0,0.05
sweep_04779,171,DAILY_0001,5,1000.0,1.5,0.2,True,False,,,0,2,2,0.6108407343567581,0.0,1.0,0.0,0.0,16487.879755940605,21405.759015951688,False,1.0,,100.0,0.05
sweep_04780,172,DAILY_0001,5,1000.0,1.5,0.2,False,True,BEHAVIORAL_DEFAULT_SURPLUS_COLLATERAL,5.0,1,2,2,0.6108407343567581,1000.0,1.0,0.0,1085.8910342925137,12754.088913575759,21566.68709770702,False,0.8,,100.0,0.05
sweep_04781,173,DAILY_0001,5,1000.0,1.5,0.2,True,False,,,0,2,2,0.6108407343567581,0.0,1.0,0.0,0.0,16811.936915077735,21730.815935113773,False,1.0,,100.0,0.05
sweep_04782,174,DAILY_0001,5,1000.0,1.5,0.2,True,False,,,0,2,2,0.6108407343567581,0.0,1.0,0.0,0.0,16928.24289810534,21670.552990060354,False,1.0,,100.0,0.05
sweep_04783,175,DAILY_0001,5,1000.0,1.5,0.2,True,False,,,0,2,2,0.6108407343567581,0.0,1.0,0.0,0.0,16822.84112582361,21589.27188733309,False,1.0,,100.0,0.05
sweep_04784,176,DAILY_0001,5,1000.0,1.5,0.2,True,False,,,0,2,2,0.6108407343567581,0.0,1.0,0.0,0.0,16402.90381242599,21386.63308085314,False,1.0,,100.0,0.05
sweep_04785,177,DAILY_0001,5,1000.0,1.5,0.2,False,True,BEHAVIORAL_DEFAULT_SURPLUS_COLLATERAL,2.0,1,0,0,0.0802993013430624,4000.0,1.0,0.0,3947.1993841047624,3160.1909052878864,8125.9216736578055,False,0.8,,100.0,0.05
sweep_04786,178,DAILY_0001,5,1000.0,1.5,0.2,True,False,,,0,2,2,0.6108407343567581,0.0,1.0,0.0,0.0,16613.95277706074,21523.84138834692,False,1.0,,100.0,0.05
sweep_04787,179,DAILY_0001,5,1000.0,1.5,0.2,True,False,,,0,2,2,0.6108407343567581,0.0,1.0,0.0,0.0,16825.94357748756,21565.040927898324,False,1.0,,100.0,0.05
sweep_04788,180,DAILY_0001,5,1000.0,1.5,0.2,True,False,,,0,2,2,0.6108407343567581,0.0,1.0,0.0,0.0,17332.698660576734,21819.552011371798,False,1.0,,100.0,0.05
sweep_04789,181,DAILY_0001,5,1000.0,1.5,0.2,False,True,BEHAVIORAL_DEFAULT_SURPLUS_COLLATERAL,4.0,1,2,2,0.6108407343567581,2000.0,1.0,0.0,1582.3831091250704,9381.7156603568,19508.096595821466,False,0.8,,100.0,0.05
sweep_04790,182,DAILY_0001,5,1000.0,1.5,0.2,False,True,BEHAVIORAL_DEFAULT_SURPLUS_COLLATERAL,4.0,1,2,2,0.6108407343567581,2000.0,1.0,0.0,1533.1343001954124,9613.459796300805,19439.98526780316,False,0.8,,100.0,0.05
sweep_04791,183,DAILY_0001,5,1000.0,1.5,0.2,False,True,BEHAVIORAL_DEFAULT_SURPLUS_COLLATERAL,5.0,1,2,2,0.6108407343567581,1000.0,1.0,0.0,3661.1576561071142,12517.895991903359,21447.178597543407,False,0.8,,100.0,0.05
sweep_04792,184,DAILY_0001,5,1000.0,1.5,0.2,True,False,,,0,2,2,0.6108407343567581,0.0,1.0,0.0,0.0,17226.715015370733,22011.652294122796,False,1.0,,100.0,0.05
sweep_04793,185,DAILY_0001,5,1000.0,1.5,0.2,False,True,BEHAVIORAL_DEFAULT_SURPLUS_COLLATERAL,4.0,1,2,2,0.6108407343567581,2000.0,1.0,0.0,1368.9065355740495,9321.804157226868,19388.9697542683,False,0.8,,100.0,0.05
sweep_04794,186,DAILY_0001,5,1000.0,1.5,0.2,False,True,BEHAVIORAL_DEFAULT_SURPLUS_COLLATERAL,3.0,1,0,0,0.2295668026988248,3000.0,1.0,0.0,2368.145207301127,6559.983069571281,18727.252955154323,False,0.8,,100.0,0.05
sweep_04795,187,DAILY_0001,5,1000.0,1.5,0.2,False,True,BEHAVIORAL_DEFAULT_SURPLUS_COLLATERAL,4.0,1,2,2,0.6108407343567581,2000.0,1.0,0.0,1453.11531208841,9703.856181907031,19482.19885075579,False,0.8,,100.0,0.05
sweep_04796,188,DAILY_0001,5,1000.0,1.5,0.2,False,True,BEHAVIORAL_DEFAULT_SURPLUS_COLLATERAL,5.0,1,2,2,0.6108407343567581,1000.0,1.0,0.0,4076.050294883975,13167.848974053273,21791.164343657278,False,0.8,,100.0,0.05
sweep_04797,189,DAILY_0001,5,1000.0,1.5,0.2,True,False,,,0,2,2,0.6108407343567581,0.0,1.0,0.0,0.0,17458.454152212147,22024.900470764747,False,1.0,,100.0,0.05
sweep_04798,190,DAILY_0001,5,1000.0,1.5,0.2,False,True,BEHAVIORAL_DEFAULT_SURPLUS_COLLATERAL,4.0,1,2,2,0.6108407343567581,2000.0,1.0,0.0,4106.928831408368,9384.639416814975,19330.443444701566,False,0.8,,100.0,0.05
sweep_04799,191,DAILY_0001,5,1000.0,1.5,0.2,True,False,,,0,2,2,0.6108407343567581,0.0,1.0,0.0,0.0,16741.237276910877,21527.536277265706,False,1.0,,100.0,0.05
sweep_04800,42,DAILY_0001,5,1000.0,1.5,0.2,True,False,,,0,2,2,0.6108407343567581,0.0,1.0,0.0,0.0,17143.15024973444,21736.849646641116,False,1.0,,150.0,0.05
sweep_04801,43,DAILY_0001,5,1000.0,1.5,0.2,True,False,,,0,2,2,0.6108407343567581,0.0,1.0,0.0,0.0,16683.664856290503,21542.868725769018,False,1.0,,150.0,0.05
sweep_04802,44,DAILY_0001,5,1000.0,1.5,0.2,True,False,,,0,2,2,0.6108407343567581,0.0,1.0,0.0,0.0,16963.961355801184,21829.76791461624,False,1.0,,150.0,0.05
sweep_04803,45,DAILY_0001,5,1000.0,1.5,0.2,False,True,BEHAVIORAL_DEFAULT_SURPLUS_COLLATERAL,5.0,1,2,2,0.6108407343567581,1000.0,1.0,0.0,8086.357194449123,12896.079661440042,21653.91506101795,False,0.8,,150.0,0.05
sweep_04804,46,DAILY_0001,5,1000.0,1.5,0.2,True,False,,,0,2,2,0.6108407343567581,0.0,1.0,0.0,0.0,16307.234970412434,21265.981984914564,False,1.0,,150.0,0.05
sweep_04805,47,DAILY_0001,5,1000.0,1.5,0.2,True,False,,,0,2,2,0.6108407343567581,0.0,1.0,0.0,0.0,17175.220923270765,21891.54348782966,False,1.0,,150.0,0.05
sweep_04806,48,DAILY_0001,5,1000.0,1.5,0.2,False,True,BEHAVIORAL_DEFAULT_SURPLUS_COLLATERAL,3.0,1,0,0,0.2295668026988248,3000.0,1.0,0.0,2329.521103103876,6384.596399760172,18628.27950648634,False,0.8,,150.0,0.05
sweep_04807,49,DAILY_0001,5,1000.0,1.5,0.2,True,False,,,0,2,2,0.6108407343567581,0.0,1.0,0.0,0.0,17411.6649980281,22078.38868897202,False,1.0,,150.0,0.05
sweep_04808,50,DAILY_0001,5,1000.0,1.5,0.2,True,False,,,0,2,2,0.6108407343567581,0.0,1.0,0.0,0.0,16470.071539501125,21422.88191777927,False,1.0,,150.0,0.05
sweep_04809,51,DAILY_0001,5,1000.0,1.5,0.2,True,False,,,0,2,2,0.6108407343567581,0.0,1.0,0.0,0.0,16553.917458671152,21321.216598363022,False,1.0,,150.0,0.05
sweep_04810,52,DAILY_0001,5,1000.0,1.5,0.2,False,True,BEHAVIORAL_DEFAULT_SURPLUS_COLLATERAL,5.0,1,2,2,0.6108407343567581,1000.0,1.0,0.0,7938.801552948944,13756.613367327447,22242.38970390961,False,0.8,,150.0,0.05
sweep_04811,53,DAILY_0001,5,1000.0,1.5,0.2,False,True,BEHAVIORAL_DEFAULT_SURPLUS_COLLATERAL,5.0,1,2,2,0.6108407343567581,1000.0,1.0,0.0,8019.002102304898,12961.478326267516,21805.097499534462,False,0.8,,150.0,0.05
sweep_04812,54,DAILY_0001,5,1000.0,1.5,0.2,False,True,BEHAVIORAL_DEFAULT_SURPLUS_COLLATERAL,5.0,1,2,2,0.6108407343567581,1000.0,1.0,0.0,815.37625356835,12569.941496225256,21596.394054423847,False,0.8,,150.0,0.05
sweep_04813,55,DAILY_0001,5,1000.0,1.5,0.2,False,True,BEHAVIORAL_DEFAULT_SURPLUS_COLLATERAL,5.0,1,2,2,0.6108407343567581,1000.0,1.0,0.0,4084.506023968257,13020.111295967612,21704.150383776654,False,0.8,,150.0,0.05
sweep_04814,56,DAILY_0001,5,1000.0,1.5,0.2,False,True,BEHAVIORAL_DEFAULT_SURPLUS_COLLATERAL,5.0,1,2,2,0.6108407343567581,1000.0,1.0,0.0,4034.245334173067,12704.486967871519,21585.914479336,False,0.8,,150.0,0.05
sweep_04815,57,DAILY_0001,5,1000.0,1.5,0.2,True,False,,,0,2,2,0.6108407343567581,0.0,1.0,0.0,0.0,16629.925622068513,21418.762511149715,False,1.0,,150.0,0.05
sweep_04816,58,DAILY_0001,5,1000.0,1.5,0.2,True,False,,,0,2,2,0.6108407343567581,0.0,1.0,0.0,0.0,17118.252725129587,21917.452075038796,False,1.0,,150.0,0.05
sweep_04817,59,DAILY_0001,5,1000.0,1.5,0.2,False,True,BEHAVIORAL_DEFAULT_SURPLUS_COLLATERAL,4.0,1,2,2,0.6108407343567581,2000.0,1.0,0.0,1350.273245596878,9396.14470761244,19483.679688551612,False,0.8,,150.0,0.05
sweep_04818,60,DAILY_0001,5,1000.0,1.5,0.2,True,False,,,0,2,2,0.6108407343567581,0.0,1.0,0.0,0.0,16890.892442598783,21660.66293786306,False,1.0,,150.0,0.05
sweep_04819,61,DAILY_0001,5,1000.0,1.5,0.2,True,False,,,0,2,2,0.6108407343567581,0.0,1.0,0.0,0.0,17049.548692196306,21852.61685775064,False,1.0,,150.0,0.05
sweep_04820,62,DAILY_0001,5,1000.0,1.5,0.2,True,False,,,0,2,2,0.6108407343567581,0.0,1.0,0.0,0.0,16688.163188009137,21616.843445606282,False,1.0,,150.0,0.05
sweep_04821,63,DAILY_0001,5,1000.0,1.5,0.2,False,True,BEHAVIORAL_DEFAULT_SURPLUS_COLLATERAL,5.0,1,2,2,0.6108407343567581,1000.0,1.0,0.0,4056.7256913589526,12560.781626539678,21458.832078243566,False,0.8,,150.0,0.05
sweep_04822,64,DAILY_0001,5,1000.0,1.5,0.2,False,True,BEHAVIORAL_DEFAULT_SURPLUS_COLLATERAL,3.0,1,0,0,0.2295668026988248,3000.0,1.0,0.0,6378.658778377228,6151.058035452796,18480.57897323364,False,0.8,,150.0,0.05
sweep_04823,65,DAILY_0001,5,1000.0,1.5,0.2,False,True,BEHAVIORAL_DEFAULT_SURPLUS_COLLATERAL,2.0,1,0,0,0.0802993013430624,4000.0,1.0,0.0,3924.4721069523575,3099.9623073224475,8101.108389781517,False,0.8,,150.0,0.05
sweep_04824,66,DAILY_0001,5,1000.0,1.5,0.2,True,False,,,0,2,2,0.6108407343567581,0.0,1.0,0.0,0.0,17056.111050431617,21776.49402186619,False,1.0,,150.0,0.05
sweep_04825,67,DAILY_0001,5,1000.0,1.5,0.2,True,False,,,0,2,2,0.6108407343567581,0.0,1.0,0.0,0.0,17358.7323024141,21912.58051151718,False,1.0,,150.0,0.05
sweep_04826,68,DAILY_0001,5,1000.0,1.5,0.2,False,True,BEHAVIORAL_DEFAULT_SURPLUS_COLLATERAL,4.0,1,2,2,0.6108407343567581,2000.0,1.0,0.0,1382.5646173983278,9384.172146377827,19418.238822247906,False,0.8,,150.0,0.05
sweep_04827,69,DAILY_0001,5,1000.0,1.5,0.2,False,True,BEHAVIORAL_DEFAULT_SURPLUS_COLLATERAL,3.0,1,0,0,0.2295668026988248,3000.0,1.0,0.0,2290.4658418882336,6254.764509256824,18583.927970683544,False,0.8,,150.0,0.05
sweep_04828,70,DAILY_0001,5,1000.0,1.5,0.2,True,False,,,0,3,3,0.6108407343567581,0.0,1.0,0.0,0.0,18008.300555488746,22215.28887979119,False,1.0,,150.0,0.05
sweep_04829,71,DAILY_0001,5,1000.0,1.5,0.2,True,False,,,0,2,2,0.6108407343567581,0.0,1.0,0.0,0.0,17077.07193201092,21791.096314251627,False,1.0,,150.0,0.05
sweep_04830,72,DAILY_0001,5,1000.0,1.5,0.2,False,True,BEHAVIORAL_DEFAULT_SURPLUS_COLLATERAL,5.0,1,2,2,0.6108407343567581,1000.0,1.0,0.0,903.0767422840247,12739.57666014175,21520.432893323174,False,0.8,,150.0,0.05
sweep_04831,73,DAILY_0001,5,1000.0,1.5,0.2,True,False,,,0,2,2,0.6108407343567581,0.0,1.0,0.0,0.0,16909.5959464029,21661.71132440031,False,1.0,,150.0,0.05
sweep_04832,74,DAILY_0001,5,1000.0,1.5,0.2,False,True,BEHAVIORAL_DEFAULT_SURPLUS_COLLATERAL,3.0,1,0,0,0.2295668026988248,3000.0,1.0,0.0,6415.032696336684,6142.21535254676,18507.595420062567,False,0.8,,150.0,0.05
sweep_04833,75,DAILY_0001,5,1000.0,1.5,0.2,True,False,,,0,2,2,0.6108407343567581,0.0,1.0,0.0,0.0,16697.360309291158,21564.29987010876,False,1.0,,150.0,0.05
sweep_04834,76,DAILY_0001,5,1000.0,1.5,0.2,True,False,,,0,2,2,0.6108407343567581,0.0,1.0,0.0,0.0,16671.801168191498,21585.375565660714,False,1.0,,150.0,0.05
sweep_04835,77,DAILY_0001,5,1000.0,1.5,0.2,True,False,,,0,2,2,0.6108407343567581,0.0,1.0,0.0,0.0,16763.124564751575,21652.623630263974,False,1.0,,150.0,0.05
sweep_04836,78,DAILY_0001,5,1000.0,1.5,0.2,True,False,,,0,2,2,0.6108407343567581,0.0,1.0,0.0,0.0,16719.51222653161,21505.32612432029,False,1.0,,150.0,0.05
sweep_04837,79,DAILY_0001,5,1000.0,1.5,0.2,True,False,,,0,2,2,0.6108407343567581,0.0,1.0,0.0,0.0,16476.77247232043,21406.582231383236,False,1.0,,150.0,0.05
sweep_04838,80,DAILY_0001,5,1000.0,1.5,0.2,True,False,,,0,2,2,0.6108407343567581,0.0,1.0,0.0,0.0,16187.427798734678,21235.705112189225,False,1.0,,150.0,0.05
sweep_04839,81,DAILY_0001,5,1000.0,1.5,0.2,True,False,,,0,3,3,0.6108407343567581,0.0,1.0,0.0,0.0,17261.26216002694,21828.96050648089,False,1.0,,150.0,0.05
sweep_04840,82,DAILY_0001,5,1000.0,1.5,0.2,True,False,,,0,2,2,0.6108407343567581,0.0,1.0,0.0,0.0,17428.23657344996,22146.086874740722,False,1.0,,150.0,0.05
sweep_04841,83,DAILY_0001,5,1000.0,1.5,0.2,False,True,BEHAVIORAL_DEFAULT_SURPLUS_COLLATERAL,5.0,1,2,2,0.6108407343567581,1000.0,1.0,0.0,1083.9848531418443,13023.010849409744,21722.658019391383,False,0.8,,150.0,0.05
sweep_04842,84,DAILY_0001,5,1000.0,1.5,0.2,False,True,BEHAVIORAL_DEFAULT_SURPLUS_COLLATERAL,3.0,1,0,0,0.2295668026988248,3000.0,1.0,0.0,2306.5175990539337,6504.624246924773,18832.62654476695,False,0.8,,150.0,0.05
sweep_04843,85,DAILY_0001,5,1000.0,1.5,0.2,False,True,BEHAVIORAL_DEFAULT_SURPLUS_COLLATERAL,4.0,1,2,2,0.6108407343567581,2000.0,1.0,0.0,1413.6858909045109,9644.511591981416,19442.34786418813,False,0.8,,150.0,0.05
sweep_04844,86,DAILY_0001,5,1000.0,1.5,0.2,True,False,,,0,2,2,0.6108407343567581,0.0,1.0,0.0,0.0,17346.9008892341,21986.224728432622,False,1.0,,150.0,0.05
sweep_04845,87,DAILY_0001,5,1000.0,1.5,0.2,True,False,,,0,2,2,0.6108407343567581,0.0,1.0,0.0,0.0,16887.21410701461,21654.394612872053,False,1.0,,150.0,0.05
sweep_04846,88,DAILY_0001,5,1000.0,1.5,0.2,False,True,BEHAVIORAL_DEFAULT_SURPLUS_COLLATERAL,3.0,1,0,0,0.2295668026988248,3000.0,1.0,0.0,6375.87488192668,6598.059130640779,18736.30028314806,False,0.8,,150.0,0.05
sweep_04847,89,DAILY_0001,5,1000.0,1.5,0.2,True,False,,,0,2,2,0.6108407343567581,0.0,1.0,0.0,0.0,16483.760527058344,21436.23655917216,False,1.0,,150.0,0.05
sweep_04848,90,DAILY_0001,5,1000.0,1.5,0.2,False,True,BEHAVIORAL_DEFAULT_SURPLUS_COLLATERAL,4.0,1,2,2,0.6108407343567581,2000.0,1.0,0.0,4109.091976891624,9428.143344053857,19460.216647181245,False,0.8,,150.0,0.05
sweep_04849,91,DAILY_0001,5,1000.0,1.5,0.2,True,False,,,0,2,2,0.6108407343567581,0.0,1.0,0.0,0.0,16432.64453049189,21454.96756991591,False,1.0,,150.0,0.05
sweep_04850,92,DAILY_0001,5,1000.0,1.5,0.2,True,False,,,0,2,2,0.6108407343567581,0.0,1.0,0.0,0.0,16541.46983637411,21505.26575925099,False,1.0,,150.0,0.05
sweep_04851,93,DAILY_0001,5,1000.0,1.5,0.2,False,True,BEHAVIORAL_DEFAULT_SURPLUS_COLLATERAL,3.0,1,0,0,0.2295668026988248,3000.0,1.0,0.0,2335.46850186938,7022.911645595454,19360.51369521599,False,0.8,,150.0,0.05
sweep_04852,94,DAILY_0001,5,1000.0,1.5,0.2,True,False,,,0,2,2,0.6108407343567581,0.0,1.0,0.0,0.0,16816.49136159871,21680.05505515283,False,1.0,,150.0,0.05
sweep_04853,95,DAILY_0001,5,1000.0,1.5,0.2,True,False,,,0,2,2,0.6108407343567581,0.0,1.0,0.0,0.0,17545.744689882886,22028.56366391383,False,1.0,,150.0,0.05
sweep_04854,96,DAILY_0001,5,1000.0,1.5,0.2,True,False,,,0,2,2,0.6108407343567581,0.0,1.0,0.0,0.0,17272.505142960632,21729.007101965293,False,1.0,,150.0,0.05
sweep_04855,97,DAILY_0001,5,1000.0,1.5,0.2,True,False,,,0,2,2,0.6108407343567581,0.0,1.0,0.0,0.0,17205.00493267573,21797.626486226745,False,1.0,,150.0,0.05
sweep_04856,98,DAILY_0001,5,1000.0,1.5,0.2,True,False,,,0,2,2,0.6108407343567581,0.0,1.0,0.0,0.0,17117.740576801672,21886.196951919454,False,1.0,,150.0,0.05
sweep_04857,99,DAILY_0001,5,1000.0,1.5,0.2,False,True,BEHAVIORAL_DEFAULT_SURPLUS_COLLATERAL,4.0,1,2,2,0.6108407343567581,2000.0,1.0,0.0,4108.024720603169,9546.407766635395,19464.340223237945,False,0.8,,150.0,0.05
sweep_04858,100,DAILY_0001,5,1000.0,1.5,0.2,True,False,,,0,2,2,0.6108407343567581,0.0,1.0,0.0,0.0,17296.288473944063,21987.956067933574,False,1.0,,150.0,0.05
sweep_04859,101,DAILY_0001,5,1000.0,1.5,0.2,False,True,BEHAVIORAL_DEFAULT_SURPLUS_COLLATERAL,5.0,1,2,2,0.6108407343567581,1000.0,1.0,0.0,3833.116770059686,13094.897102232273,21875.56053212655,False,0.8,,150.0,0.05
sweep_04860,102,DAILY_0001,5,1000.0,1.5,0.2,False,True,BEHAVIORAL_DEFAULT_SURPLUS_COLLATERAL,5.0,1,2,2,0.6108407343567581,1000.0,1.0,0.0,8160.322001065759,13315.718463742422,22087.51298742553,False,0.8,,150.0,0.05
sweep_04861,103,DAILY_0001,5,1000.0,1.5,0.2,False,True,BEHAVIORAL_DEFAULT_SURPLUS_COLLATERAL,4.0,1,2,2,0.6108407343567581,2000.0,1.0,0.0,1562.2975015252446,9410.055771571677,19423.50346743754,False,0.8,,150.0,0.05
sweep_04862,104,DAILY_0001,5,1000.0,1.5,0.2,True,False,,,0,2,2,0.6108407343567581,0.0,1.0,0.0,0.0,16965.565545296653,21629.376045618876,False,1.0,,150.0,0.05
sweep_04863,105,DAILY_0001,5,1000.0,1.5,0.2,False,True,BEHAVIORAL_DEFAULT_SURPLUS_COLLATERAL,4.0,1,2,2,0.6108407343567581,2000.0,1.0,0.0,4111.654017437025,10112.068977480729,19644.22364595567,False,0.8,,150.0,0.05
sweep_04864,106,DAILY_0001,5,1000.0,1.5,0.2,False,True,BEHAVIORAL_DEFAULT_SURPLUS_COLLATERAL,5.0,1,2,2,0.6108407343567581,1000.0,1.0,0.0,1178.7334837155317,13317.118454353504,21893.20268226205,False,0.8,,150.0,0.05
sweep_04865,107,DAILY_0001,5,1000.0,1.5,0.2,False,True,BEHAVIORAL_DEFAULT_SURPLUS_COLLATERAL,4.0,1,2,2,0.6108407343567581,2000.0,1.0,0.0,1571.248066744638,9504.711727327722,19344.082284299904,False,0.8,,150.0,0.05
sweep_04866,108,DAILY_0001,5,1000.0,1.5,0.2,False,True,BEHAVIORAL_DEFAULT_SURPLUS_COLLATERAL,4.0,1,2,2,0.6108407343567581,2000.0,1.0,0.0,4109.828903049853,9229.632260373746,19416.79828948587,False,0.8,,150.0,0.05
sweep_04867,109,DAILY_0001,5,1000.0,1.5,0.2,True,False,,,0,2,2,0.6108407343567581,0.0,1.0,0.0,0.0,17097.560018571552,21801.88229691654,False,1.0,,150.0,0.05
sweep_04868,110,DAILY_0001,5,1000.0,1.5,0.2,True,False,,,0,2,2,0.6108407343567581,0.0,1.0,0.0,0.0,17252.145983174083,21992.810865443764,False,1.0,,150.0,0.05
sweep_04869,111,DAILY_0001,5,1000.0,1.5,0.2,False,True,BEHAVIORAL_DEFAULT_SURPLUS_COLLATERAL,5.0,1,2,2,0.6108407343567581,1000.0,1.0,0.0,3724.071995143292,13005.811951455453,21659.19517711921,False,0.8,,150.0,0.05
sweep_04870,112,DAILY_0001,5,1000.0,1.5,0.2,True,False,,,0,2,2,0.6108407343567581,0.0,1.0,0.0,0.0,16909.07625773677,21710.98862137991,False,1.0,,150.0,0.05
sweep_04871,113,DAILY_0001,5,1000.0,1.5,0.2,False,True,BEHAVIORAL_DEFAULT_SURPLUS_COLLATERAL,3.0,1,0,0,0.2295668026988248,3000.0,1.0,0.0,2362.7799212124546,6623.312533026473,18816.357576448747,False,0.8,,150.0,0.05
sweep_04872,114,DAILY_0001,5,1000.0,1.5,0.2,False,True,BEHAVIORAL_DEFAULT_SURPLUS_COLLATERAL,3.0,1,0,0,0.2295668026988248,3000.0,1.0,0.0,2276.008099580301,6121.454939968626,18467.524220091243,False,0.8,,150.0,0.05
sweep_04873,115,DAILY_0001,5,1000.0,1.5,0.2,True,False,,,0,2,2,0.6108407343567581,0.0,1.0,0.0,0.0,16756.555719327873,21421.404387652714,False,1.0,,150.0,0.05
sweep_04874,116,DAILY_0001,5,1000.0,1.5,0.2,False,True,BEHAVIORAL_DEFAULT_SURPLUS_COLLATERAL,3.0,1,0,0,0.2295668026988248,3000.0,1.0,0.0,6547.164859441429,6397.070943819939,18771.48874054101,False,0.8,,150.0,0.05
sweep_04875,117,DAILY_0001,5,1000.0,1.5,0.2,False,True,BEHAVIORAL_DEFAULT_SURPLUS_COLLATERAL,2.0,1,0,0,0.0802993013430624,4000.0,1.0,0.0,3958.2382131296254,3189.4444401873525,8137.973693634459,False,0.8,,150.0,0.05
sweep_04876,118,DAILY_0001,5,1000.0,1.5,0.2,True,False,,,0,2,2,0.6108407343567581,0.0,1.0,0.0,0.0,16908.748437966286,21758.03590529975,False,1.0,,150.0,0.05
sweep_04877,119,DAILY_0001,5,1000.0,1.5,0.2,True,False,,,0,2,2,0.6108407343567581,0.0,1.0,0.0,0.0,16730.031620694273,21698.92856490191,False,1.0,,150.0,0.05
sweep_04878,120,DAILY_0001,5,1000.0,1.5,0.2,True,False,,,0,2,2,0.6108407343567581,0.0,1.0,0.0,0.0,17299.20314416707,22108.885528417813,False,1.0,,150.0,0.05
sweep_04879,121,DAILY_0001,5,1000.0,1.5,0.2,False,True,BEHAVIORAL_DEFAULT_SURPLUS_COLLATERAL,4.0,1,2,2,0.6108407343567581,2000.0,1.0,0.0,4108.0291514535165,9287.607451281923,19350.318555089343,False,0.8,,150.0,0.05
sweep_04880,122,DAILY_0001,5,1000.0,1.5,0.2,True,False,,,0,2,2,0.6108407343567581,0.0,1.0,0.0,0.0,16786.425779314144,21717.42732813272,False,1.0,,150.0,0.05
sweep_04881,123,DAILY_0001,5,1000.0,1.5,0.2,False,True,BEHAVIORAL_DEFAULT_SURPLUS_COLLATERAL,4.0,1,3,3,0.6108407343567581,2000.0,1.0,0.0,4109.866319333116,10213.097259473365,19669.91167191783,False,0.8,,150.0,0.05
sweep_04882,124,DAILY_0001,5,1000.0,1.5,0.2,True,False,,,0,2,2,0.6108407343567581,0.0,1.0,0.0,0.0,17378.096470344266,21961.11826432918,False,1.0,,150.0,0.05
sweep_04883,125,DAILY_0001,5,1000.0,1.5,0.2,True,False,,,0,2,2,0.6108407343567581,0.0,1.0,0.0,0.0,17222.14785778652,21899.21717062926,False,1.0,,150.0,0.05
sweep_04884,126,DAILY_0001,5,1000.0,1.5,0.2,False,True,BEHAVIORAL_DEFAULT_SURPLUS_COLLATERAL,3.0,1,0,0,0.2295668026988248,3000.0,1.0,0.0,6622.218527656922,6608.331218475114,18959.79299348674,False,0.8,,150.0,0.05
sweep_04885,127,DAILY_0001,5,1000.0,1.5,0.2,True,False,,,0,2,2,0.6108407343567581,0.0,1.0,0.0,0.0,17068.994068195138,21803.776265416833,False,1.0,,150.0,0.05
sweep_04886,128,DAILY_0001,5,1000.0,1.5,0.2,True,False,,,0,2,2,0.6108407343567581,0.0,1.0,0.0,0.0,17380.160876094935,21838.71891746935,False,1.0,,150.0,0.05
sweep_04887,129,DAILY_0001,5,1000.0,1.5,0.2,True,False,,,0,2,2,0.6108407343567581,0.0,1.0,0.0,0.0,16680.988802965425,21527.769785010354,False,1.0,,150.0,0.05
sweep_04888,130,DAILY_0001,5,1000.0,1.5,0.2,False,True,BEHAVIORAL_DEFAULT_SURPLUS_COLLATERAL,5.0,1,2,2,0.6108407343567581,1000.0,1.0,0.0,4081.344083816144,12730.738840773127,21550.310145366995,False,0.8,,150.0,0.05
sweep_04889,131,DAILY_0001,5,1000.0,1.5,0.2,False,True,BEHAVIORAL_DEFAULT_SURPLUS_COLLATERAL,4.0,1,2,2,0.6108407343567581,2000.0,1.0,0.0,4108.936031181366,9894.940183776958,19509.75987779843,False,0.8,,150.0,0.05
sweep_04890,132,DAILY_0001,5,1000.0,1.5,0.2,False,True,BEHAVIORAL_DEFAULT_SURPLUS_COLLATERAL,4.0,1,2,2,0.6108407343567581,2000.0,1.0,0.0,1384.8175014679377,9452.061028387478,19377.90052118634,False,0.8,,150.0,0.05
sweep_04891,133,DAILY_0001,5,1000.0,1.5,0.2,False,True,BEHAVIORAL_DEFAULT_SURPLUS_COLLATERAL,2.0,1,0,0,0.0802993013430624,4000.0,1.0,0.0,3905.5416184590404,3049.7954187370806,8080.440380070032,False,0.8,,150.0,0.05
sweep_04892,134,DAILY_0001,5,1000.0,1.5,0.2,False,True,BEHAVIORAL_DEFAULT_SURPLUS_COLLATERAL,3.0,1,0,0,0.2295668026988248,3000.0,1.0,0.0,2351.8246474217067,6618.547990000483,18841.04335791256,False,0.8,,150.0,0.05
sweep_04893,135,DAILY_0001,5,1000.0,1.5,0.2,True,False,,,0,2,2,0.6108407343567581,0.0,1.0,0.0,0.0,17308.180105341366,21909.580833851323,False,1.0,,150.0,0.05
sweep_04894,136,DAILY_0001,5,1000.0,1.5,0.2,False,True,BEHAVIORAL_DEFAULT_SURPLUS_COLLATERAL,5.0,1,2,2,0.6108407343567581,1000.0,1.0,0.0,3793.7161116766974,12439.168673732074,21440.917291677208,False,0.8,,150.0,0.05
sweep_04895,137,DAILY_0001,5,1000.0,1.5,0.2,False,True,BEHAVIORAL_DEFAULT_SURPLUS_COLLATERAL,4.0,1,2,2,0.6108407343567581,2000.0,1.0,0.0,1472.6888227878849,9538.559186760156,19466.934008823417,False,0.8,,150.0,0.05
sweep_04896,138,DAILY_0001,5,1000.0,1.5,0.2,False,True,BEHAVIORAL_DEFAULT_SURPLUS_COLLATERAL,5.0,1,2,2,0.6108407343567581,1000.0,1.0,0.0,843.2159006084544,12533.99100881035,21482.597597506392,False,0.8,,150.0,0.05
sweep_04897,139,DAILY_0001,5,1000.0,1.5,0.2,False,True,BEHAVIORAL_DEFAULT_SURPLUS_COLLATERAL,2.0,1,0,0,0.0802993013430624,4000.0,1.0,0.0,3928.691902548395,3111.145009532911,8105.715496269559,False,0.8,,150.0,0.05
sweep_04898,140,DAILY_0001,5,1000.0,1.5,0.2,False,True,BEHAVIORAL_DEFAULT_SURPLUS_COLLATERAL,2.0,1,0,0,0.0802993013430624,4000.0,1.0,0.0,3947.684465391936,3161.476398733924,8126.451277780683,False,0.8,,150.0,0.05
sweep_04899,141,DAILY_0001,5,1000.0,1.5,0.2,True,False,,,0,2,2,0.6108407343567581,0.0,1.0,0.0,0.0,17185.12705013151,21816.34744807103,False,1.0,,150.0,0.05
sweep_04900,142,DAILY_0001,5,1000.0,1.5,0.2,False,True,BEHAVIORAL_DEFAULT_SURPLUS_COLLATERAL,2.0,1,0,0,0.0802993013430624,4000.0,1.0,0.0,3949.5106467742744,3166.3158849403544,8128.44507390266,False,0.8,,150.0,0.05
sweep_04901,143,DAILY_0001,5,1000.0,1.5,0.2,True,False,,,0,2,2,0.6108407343567581,0.0,1.0,0.0,0.0,16445.290904199723,21435.9921600773,False,1.0,,150.0,0.05
sweep_04902,144,DAILY_0001,5,1000.0,1.5,0.2,True,False,,,0,2,2,0.6108407343567581,0.0,1.0,0.0,0.0,17343.411988435073,22023.462304679153,False,1.0,,150.0,0.05
sweep_04903,145,DAILY_0001,5,1000.0,1.5,0.2,True,False,,,0,2,2,0.6108407343567581,0.0,1.0,0.0,0.0,17193.72751399906,21961.455894594823,False,1.0,,150.0,0.05
sweep_04904,146,DAILY_0001,5,1000.0,1.5,0.2,True,False,,,0,2,2,0.6108407343567581,0.0,1.0,0.0,0.0,16193.924104929843,21259.954192650708,False,1.0,,150.0,0.05
sweep_04905,147,DAILY_0001,5,1000.0,1.5,0.2,False,True,BEHAVIORAL_DEFAULT_SURPLUS_COLLATERAL,4.0,1,2,2,0.6108407343567581,2000.0,1.0,0.0,1444.9782510570535,9889.107754331599,19515.76074551219,False,0.8,,150.0,0.05
sweep_04906,148,DAILY_0001,5,1000.0,1.5,0.2,True,False,,,0,2,2,0.6108407343567581,0.0,1.0,0.0,0.0,17096.666287603017,21903.294961867476,False,1.0,,150.0,0.05
sweep_04907,149,DAILY_0001,5,1000.0,1.5,0.2,False,True,BEHAVIORAL_DEFAULT_SURPLUS_COLLATERAL,4.0,1,3,3,0.6108407343567581,2000.0,1.0,0.0,1349.1820223548516,9814.02173860668,19643.796362127036,False,0.8,,150.0,0.05
sweep_04908,150,DAILY_0001,5,1000.0,1.5,0.2,True,False,,,0,2,2,0.6108407343567581,0.0,1.0,0.0,0.0,16546.279710931314,21497.166377227648,False,1.0,,150.0,0.05
sweep_04909,151,DAILY_0001,5,1000.0,1.5,0.2,False,True,BEHAVIORAL_DEFAULT_SURPLUS_COLLATERAL,5.0,1,2,2,0.6108407343567581,1000.0,1.0,0.0,3989.3206417047795,13335.570209326292,22000.225348640815,False,0.8,,150.0,0.05
sweep_04910,152,DAILY_0001,5,1000.0,1.5,0.2,True,False,,,0,2,2,0.6108407343567581,0.0,1.0,0.0,0.0,17093.36930493184,21882.81602239068,False,1.0,,150.0,0.05
sweep_04911,153,DAILY_0001,5,1000.0,1.5,0.2,True,False,,,0,2,2,0.6108407343567581,0.0,1.0,0.0,0.0,16508.84948067981,21396.790987293825,False,1.0,,150.0,0.05
sweep_04912,154,DAILY_0001,5,1000.0,1.5,0.2,True,False,,,0,2,2,0.6108407343567581,0.0,1.0,0.0,0.0,16928.440090342658,21671.202970611397,False,1.0,,150.0,0.05
sweep_04913,155,DAILY_0001,5,1000.0,1.5,0.2,False,True,BEHAVIORAL_DEFAULT_SURPLUS_COLLATERAL,3.0,1,0,0,0.2295668026988248,3000.0,1.0,0.0,6498.229090298206,6224.123226178908,18628.379307615676,False,0.8,,150.0,0.05
sweep_04914,156,DAILY_0001,5,1000.0,1.5,0.2,True,False,,,0,2,2,0.6108407343567581,0.0,1.0,0.0,0.0,16822.870383115638,21683.75677598366,False,1.0,,150.0,0.05
sweep_04915,157,DAILY_0001,5,1000.0,1.5,0.2,False,True,BEHAVIORAL_DEFAULT_SURPLUS_COLLATERAL,3.0,1,0,0,0.2295668026988248,3000.0,1.0,0.0,2281.871446778322,6313.283449869156,18676.31379763315,False,0.8,,150.0,0.05
sweep_04916,158,DAILY_0001,5,1000.0,1.5,0.2,True,False,,,0,2,2,0.6108407343567581,0.0,1.0,0.0,0.0,17327.297792749472,21859.830565544507,False,1.0,,150.0,0.05
sweep_04917,159,DAILY_0001,5,1000.0,1.5,0.2,True,False,,,0,2,2,0.6108407343567581,0.0,1.0,0.0,0.0,17547.075472215663,22080.932651401145,False,1.0,,150.0,0.05
sweep_04918,160,DAILY_0001,5,1000.0,1.5,0.2,False,True,BEHAVIORAL_DEFAULT_SURPLUS_COLLATERAL,5.0,1,3,3,0.6108407343567581,1000.0,1.0,0.0,8041.79696264441,13559.294233579409,22041.321040224284,False,0.8,,150.0,0.05
sweep_04919,161,DAILY_0001,5,1000.0,1.5,0.2,True,False,,,0,2,2,0.6108407343567581,0.0,1.0,0.0,0.0,16722.38973114001,21521.489990714523,False,1.0,,150.0,0.05
sweep_04920,162,DAILY_0001,5,1000.0,1.5,0.2,False,True,BEHAVIORAL_DEFAULT_SURPLUS_COLLATERAL,3.0,1,0,0,0.2295668026988248,3000.0,1.0,0.0,6376.0031174609885,6099.333759251945,18448.35858509971,False,0.8,,150.0,0.05
sweep_04921,163,DAILY_0001,5,1000.0,1.5,0.2,True,False,,,0,2,2,0.6108407343567581,0.0,1.0,0.0,0.0,17276.966005569957,21992.541573679093,False,1.0,,150.0,0.05
sweep_04922,164,DAILY_0001,5,1000.0,1.5,0.2,True,False,,,0,2,2,0.6108407343567581,0.0,1.0,0.0,0.0,17233.351687522765,21854.29095783732,False,1.0,,150.0,0.05
sweep_04923,165,DAILY_0001,5,1000.0,1.5,0.2,True,False,,,0,2,2,0.6108407343567581,0.0,1.0,0.0,0.0,16913.7215097475,21628.161451325323,False,1.0,,150.0,0.05
sweep_04924,166,DAILY_0001,5,1000.0,1.5,0.2,False,True,BEHAVIORAL_DEFAULT_SURPLUS_COLLATERAL,5.0,1,2,2,0.6108407343567581,1000.0,1.0,0.0,4148.342559951555,13275.843211445086,22020.937216491377,False,0.8,,150.0,0.05
sweep_04925,167,DAILY_0001,5,1000.0,1.5,0.2,True,False,,,0,2,2,0.6108407343567581,0.0,1.0,0.0,0.0,16859.790773916782,21688.027647284936,False,1.0,,150.0,0.05
sweep_04926,168,DAILY_0001,5,1000.0,1.5,0.2,False,True,BEHAVIORAL_DEFAULT_SURPLUS_COLLATERAL,5.0,1,2,2,0.6108407343567581,1000.0,1.0,0.0,7998.498152925247,12306.50352346156,21290.61584609968,False,0.8,,150.0,0.05
sweep_04927,169,DAILY_0001,5,1000.0,1.5,0.2,False,True,BEHAVIORAL_DEFAULT_SURPLUS_COLLATERAL,5.0,1,2,2,0.6108407343567581,1000.0,1.0,0.0,4079.1260429521617,13383.861734067441,21931.2864161598,False,0.8,,150.0,0.05
sweep_04928,170,DAILY_0001,5,1000.0,1.5,0.2,True,False,,,0,2,2,0.6108407343567581,0.0,1.0,0.0,0.0,17232.159337492943,21772.70557640005,False,1.0,,150.0,0.05
sweep_04929,171,DAILY_0001,5,1000.0,1.5,0.2,True,False,,,0,2,2,0.6108407343567581,0.0,1.0,0.0,0.0,16487.879755940605,21405.759015951688,False,1.0,,150.0,0.05
sweep_04930,172,DAILY_0001,5,1000.0,1.5,0.2,False,True,BEHAVIORAL_DEFAULT_SURPLUS_COLLATERAL,5.0,1,2,2,0.6108407343567581,1000.0,1.0,0.0,1085.8910342925137,12754.088913575759,21566.68709770702,False,0.8,,150.0,0.05
sweep_04931,173,DAILY_0001,5,1000.0,1.5,0.2,True,False,,,0,2,2,0.6108407343567581,0.0,1.0,0.0,0.0,16811.936915077735,21730.815935113773,False,1.0,,150.0,0.05
sweep_04932,174,DAILY_0001,5,1000.0,1.5,0.2,True,False,,,0,2,2,0.6108407343567581,0.0,1.0,0.0,0.0,16928.24289810534,21670.552990060354,False,1.0,,150.0,0.05
sweep_04933,175,DAILY_0001,5,1000.0,1.5,0.2,True,False,,,0,2,2,0.6108407343567581,0.0,1.0,0.0,0.0,16822.84112582361,21589.27188733309,False,1.0,,150.0,0.05
sweep_04934,176,DAILY_0001,5,1000.0,1.5,0.2,True,False,,,0,2,2,0.6108407343567581,0.0,1.0,0.0,0.0,16402.90381242599,21386.63308085314,False,1.0,,150.0,0.05
sweep_04935,177,DAILY_0001,5,1000.0,1.5,0.2,False,True,BEHAVIORAL_DEFAULT_SURPLUS_COLLATERAL,2.0,1,0,0,0.0802993013430624,4000.0,1.0,0.0,3947.1993841047624,3160.1909052878864,8125.9216736578055,False,0.8,,150.0,0.05
sweep_04936,178,DAILY_0001,5,1000.0,1.5,0.2,True,False,,,0,2,2,0.6108407343567581,0.0,1.0,0.0,0.0,16613.95277706074,21523.84138834692,False,1.0,,150.0,0.05
sweep_04937,179,DAILY_0001,5,1000.0,1.5,0.2,True,False,,,0,2,2,0.6108407343567581,0.0,1.0,0.0,0.0,16825.94357748756,21565.040927898324,False,1.0,,150.0,0.05
sweep_04938,180,DAILY_0001,5,1000.0,1.5,0.2,True,False,,,0,2,2,0.6108407343567581,0.0,1.0,0.0,0.0,17332.698660576734,21819.552011371798,False,1.0,,150.0,0.05
sweep_04939,181,DAILY_0001,5,1000.0,1.5,0.2,False,True,BEHAVIORAL_DEFAULT_SURPLUS_COLLATERAL,4.0,1,2,2,0.6108407343567581,2000.0,1.0,0.0,1582.3831091250704,9381.7156603568,19508.096595821466,False,0.8,,150.0,0.05
sweep_04940,182,DAILY_0001,5,1000.0,1.5,0.2,False,True,BEHAVIORAL_DEFAULT_SURPLUS_COLLATERAL,4.0,1,2,2,0.6108407343567581,2000.0,1.0,0.0,1533.1343001954124,9613.459796300805,19439.98526780316,False,0.8,,150.0,0.05
sweep_04941,183,DAILY_0001,5,1000.0,1.5,0.2,False,True,BEHAVIORAL_DEFAULT_SURPLUS_COLLATERAL,5.0,1,2,2,0.6108407343567581,1000.0,1.0,0.0,3661.1576561071142,12517.895991903359,21447.178597543407,False,0.8,,150.0,0.05
sweep_04942,184,DAILY_0001,5,1000.0,1.5,0.2,True,False,,,0,2,2,0.6108407343567581,0.0,1.0,0.0,0.0,17226.715015370733,22011.652294122796,False,1.0,,150.0,0.05
sweep_04943,185,DAILY_0001,5,1000.0,1.5,0.2,False,True,BEHAVIORAL_DEFAULT_SURPLUS_COLLATERAL,4.0,1,2,2,0.6108407343567581,2000.0,1.0,0.0,1368.9065355740495,9321.804157226868,19388.9697542683,False,0.8,,150.0,0.05
sweep_04944,186,DAILY_0001,5,1000.0,1.5,0.2,False,True,BEHAVIORAL_DEFAULT_SURPLUS_COLLATERAL,3.0,1,0,0,0.2295668026988248,3000.0,1.0,0.0,2368.145207301127,6559.983069571281,18727.252955154323,False,0.8,,150.0,0.05
sweep_04945,187,DAILY_0001,5,1000.0,1.5,0.2,False,True,BEHAVIORAL_DEFAULT_SURPLUS_COLLATERAL,4.0,1,2,2,0.6108407343567581,2000.0,1.0,0.0,1453.11531208841,9703.856181907031,19482.19885075579,False,0.8,,150.0,0.05
sweep_04946,188,DAILY_0001,5,1000.0,1.5,0.2,False,True,BEHAVIORAL_DEFAULT_SURPLUS_COLLATERAL,5.0,1,2,2,0.6108407343567581,1000.0,1.0,0.0,4076.050294883975,13167.848974053273,21791.164343657278,False,0.8,,150.0,0.05
sweep_04947,189,DAILY_0001,5,1000.0,1.5,0.2,True,False,,,0,2,2,0.6108407343567581,0.0,1.0,0.0,0.0,17458.454152212147,22024.900470764747,False,1.0,,150.0,0.05
sweep_04948,190,DAILY_0001,5,1000.0,1.5,0.2,False,True,BEHAVIORAL_DEFAULT_SURPLUS_COLLATERAL,4.0,1,2,2,0.6108407343567581,2000.0,1.0,0.0,4106.928831408368,9384.639416814975,19330.443444701566,False,0.8,,150.0,0.05
sweep_04949,191,DAILY_0001,5,1000.0,1.5,0.2,True,False,,,0,2,2,0.6108407343567581,0.0,1.0,0.0,0.0,16741.237276910877,21527.536277265706,False,1.0,,150.0,0.05
